ISO-10303-21;
HEADER;
FILE_DESCRIPTION (( 'STEP AP214' ),
    '1' );
FILE_NAME ('Same_Sky_SLW-178562-3A-S-D.step',
    '2025-01-07T19:06:34',
    ( '' ),
    ( '' ),
    'SwSTEP 2.0',
    'SolidWorks 2024',
    '' );
FILE_SCHEMA (( 'AUTOMOTIVE_DESIGN' ));
ENDSEC;

DATA;
#1 = EDGE_CURVE ( 'NONE', #5353, #235, #2944, .T. ) ;
#2 = CARTESIAN_POINT ( 'NONE',  ( -0.2977266669431137824, 0.07343758849204802541, 0.6771653543307086798 ) ) ;
#3 = LINE ( 'NONE', #1893, #1319 ) ;
#4 = VERTEX_POINT ( 'NONE', #596 ) ;
#5 = CARTESIAN_POINT ( 'NONE',  ( -0.1126872968644029582, 0.002571446759763685360, 0.7952755905511811330 ) ) ;
#6 = EDGE_LOOP ( 'NONE', ( #2418, #1807, #3502, #4838 ) ) ;
#7 = ORIENTED_EDGE ( 'NONE', *, *, #623, .F. ) ;
#8 = LINE ( 'NONE', #568, #2291 ) ;
#9 = CARTESIAN_POINT ( 'NONE',  ( -46.76888308971299324, 0.03800451762590591198, 0.5433070866141732624 ) ) ;
#10 = ADVANCED_FACE ( 'NONE', ( #1462 ), #3872, .T. ) ;
#11 = EDGE_CURVE ( 'NONE', #1876, #3408, #4871, .T. ) ;
#12 = CARTESIAN_POINT ( 'NONE',  ( 0.04085601022221181655, 0.08800451762590570659, 0.5590551181102362266 ) ) ;
#13 = DIRECTION ( 'NONE',  ( 1.000000000000000000, 0.000000000000000000, 0.000000000000000000 ) ) ;
#14 = ORIENTED_EDGE ( 'NONE', *, *, #4889, .F. ) ;
#15 = LINE ( 'NONE', #4719, #3007 ) ;
#16 = ORIENTED_EDGE ( 'NONE', *, *, #851, .F. ) ;
#17 = ADVANCED_FACE ( 'NONE', ( #4770, #939, #1490, #2485, #4366 ), #5262, .T. ) ;
#18 = ORIENTED_EDGE ( 'NONE', *, *, #4511, .F. ) ;
#19 = AXIS2_PLACEMENT_3D ( 'NONE', #506, #970, #1460 ) ;
#20 = EDGE_CURVE ( 'NONE', #5304, #2744, #2021, .T. ) ;
#21 = DIRECTION ( 'NONE',  ( 0.000000000000000000, 1.000000000000000000, 0.000000000000000000 ) ) ;
#22 = DIRECTION ( 'NONE',  ( 0.000000000000000000, 0.000000000000000000, -1.000000000000000000 ) ) ;
#23 = FACE_OUTER_BOUND ( 'NONE', #4628, .T. ) ;
#24 = ORIENTED_EDGE ( 'NONE', *, *, #311, .F. ) ;
#25 = FACE_OUTER_BOUND ( 'NONE', #2620, .T. ) ;
#26 = FACE_OUTER_BOUND ( 'NONE', #5058, .T. ) ;
#27 = DIRECTION ( 'NONE',  ( -1.000000000000000000, 0.000000000000000000, 0.000000000000000000 ) ) ;
#28 = VERTEX_POINT ( 'NONE', #1992 ) ;
#29 = CARTESIAN_POINT ( 'NONE',  ( -0.3804038322974441777, -26.00086416922701460, 0.6614173228346458266 ) ) ;
#30 = CARTESIAN_POINT ( 'NONE',  ( 0.2140843566789381591, -0.001365561114251630020, 0.6988188976377953665 ) ) ;
#31 = CARTESIAN_POINT ( 'NONE',  ( -46.94045648118299141, 0.1549336514841702650, 0.7952755905511811330 ) ) ;
#32 = LINE ( 'NONE', #1924, #3487 ) ;
#33 = VERTEX_POINT ( 'NONE', #971 ) ;
#34 = ORIENTED_EDGE ( 'NONE', *, *, #5797, .F. ) ;
#35 = VECTOR ( 'NONE', #3840, 39.37007874015748854 ) ;
#36 = ORIENTED_EDGE ( 'NONE', *, *, #1757, .F. ) ;
#37 = PLANE ( 'NONE',  #1197 ) ;
#38 = PRODUCT_DEFINITION_CONTEXT ( 'detailed design', #3885, 'design' ) ;
#39 = VECTOR ( 'NONE', #583, 39.37007874015748143 ) ;
#40 = EDGE_LOOP ( 'NONE', ( #4535, #5798, #299, #3034 ) ) ;
#41 = VERTEX_POINT ( 'NONE', #12 ) ;
#42 = DIRECTION ( 'NONE',  ( -1.000000000000000000, 0.000000000000000000, 0.000000000000000000 ) ) ;
#43 = ORIENTED_EDGE ( 'NONE', *, *, #59, .T. ) ;
#44 = ORIENTED_EDGE ( 'NONE', *, *, #4103, .F. ) ;
#45 = EDGE_CURVE ( 'NONE', #2574, #4673, #1429, .T. ) ;
#46 = EDGE_CURVE ( 'NONE', #522, #4870, #2457, .T. ) ;
#47 = ORIENTED_EDGE ( 'NONE', *, *, #3231, .T. ) ;
#48 = VECTOR ( 'NONE', #4637, 39.37007874015748143 ) ;
#49 = CARTESIAN_POINT ( 'NONE',  ( -46.94045648118299141, 0.1876501869172421400, 0.7952755905511811330 ) ) ;
#50 = FACE_OUTER_BOUND ( 'NONE', #3096, .T. ) ;
#51 = VECTOR ( 'NONE', #1377, 39.37007874015748143 ) ;
#52 = LINE ( 'NONE', #1943, #5686 ) ;
#53 = VECTOR ( 'NONE', #3707, 39.37007874015748143 ) ;
#54 = LINE ( 'NONE', #6114, #5276 ) ;
#55 = EDGE_CURVE ( 'NONE', #5621, #4336, #5207, .T. ) ;
#56 = ORIENTED_EDGE ( 'NONE', *, *, #2174, .T. ) ;
#57 = AXIS2_PLACEMENT_3D ( 'NONE', #1667, #3925, #5841 ) ;
#58 = VECTOR ( 'NONE', #3203, 39.37007874015748143 ) ;
#59 = EDGE_CURVE ( 'NONE', #4474, #5925, #507, .T. ) ;
#60 = DIRECTION ( 'NONE',  ( 0.000000000000000000, 0.000000000000000000, 1.000000000000000000 ) ) ;
#61 = LINE ( 'NONE', #3797, #1245 ) ;
#62 = DIRECTION ( 'NONE',  ( 0.000000000000000000, 1.000000000000000000, 0.000000000000000000 ) ) ;
#63 = VECTOR ( 'NONE', #2377, 39.37007874015748143 ) ;
#64 = VECTOR ( 'NONE', #1374, 39.37007874015748143 ) ;
#65 = ORIENTED_EDGE ( 'NONE', *, *, #2813, .F. ) ;
#66 = PLANE ( 'NONE',  #4411 ) ;
#67 = DIRECTION ( 'NONE',  ( 0.000000000000000000, 0.000000000000000000, 1.000000000000000000 ) ) ;
#68 = VECTOR ( 'NONE', #5869, 39.37007874015748143 ) ;
#69 = CARTESIAN_POINT ( 'NONE',  ( 0.2888875062852027664, -0.08522382883079014648, 0.7952755905511811330 ) ) ;
#70 = FACE_OUTER_BOUND ( 'NONE', #1701, .T. ) ;
#71 = CARTESIAN_POINT ( 'NONE',  ( -0.3111124937147940472, -26.51425848898617943, 0.3838582677165354173 ) ) ;
#72 = ORIENTED_EDGE ( 'NONE', *, *, #434, .T. ) ;
#73 = VECTOR ( 'NONE', #2222, 39.37007874015748143 ) ;
#74 = ORIENTED_EDGE ( 'NONE', *, *, #4063, .F. ) ;
#75 = ORIENTED_EDGE ( 'NONE', *, *, #5346, .T. ) ;
#76 = LINE ( 'NONE', #5295, #5052 ) ;
#77 =( NAMED_UNIT ( * ) SI_UNIT ( $, .STERADIAN. ) SOLID_ANGLE_UNIT ( ) );
#78 = FACE_OUTER_BOUND ( 'NONE', #2703, .T. ) ;
#79 = EDGE_LOOP ( 'NONE', ( #4555, #2975, #5560, #1090 ) ) ;
#80 = CARTESIAN_POINT ( 'NONE',  ( -46.76888308971299324, 0.03800451762590591198, 0.5433070866141732624 ) ) ;
#81 = ORIENTED_EDGE ( 'NONE', *, *, #4278, .F. ) ;
#82 = DIRECTION ( 'NONE',  ( 0.000000000000000000, 0.000000000000000000, 1.000000000000000000 ) ) ;
#83 = EDGE_CURVE ( 'NONE', #1568, #635, #5706, .T. ) ;
#84 = DIRECTION ( 'NONE',  ( -0.000000000000000000, 1.000000000000000000, 0.000000000000000000 ) ) ;
#85 = ADVANCED_FACE ( 'NONE', ( #78 ), #2881, .T. ) ;
#86 = DIRECTION ( 'NONE',  ( 0.000000000000000000, 1.000000000000000000, 0.000000000000000000 ) ) ;
#87 = DIRECTION ( 'NONE',  ( 0.000000000000000000, 0.000000000000000000, -1.000000000000000000 ) ) ;
#88 = ORIENTED_EDGE ( 'NONE', *, *, #5752, .F. ) ;
#89 = ADVANCED_FACE ( 'NONE', ( #3064 ), #1205, .F. ) ;
#90 = LINE ( 'NONE', #1473, #555 ) ;
#91 = CARTESIAN_POINT ( 'NONE',  ( -0.3449707614313327064, -0.1324679233189781369, 0.5433070866141732624 ) ) ;
#92 = EDGE_CURVE ( 'NONE', #5954, #3215, #5914, .T. ) ;
#93 = EDGE_LOOP ( 'NONE', ( #4329, #4031, #2048, #743 ) ) ;
#94 = DIRECTION ( 'NONE',  ( 0.000000000000000000, 0.000000000000000000, 1.000000000000000000 ) ) ;
#95 = FACE_BOUND ( 'NONE', #4483, .T. ) ;
#96 = EDGE_CURVE ( 'NONE', #2640, #3492, #1676, .T. ) ;
#97 = CARTESIAN_POINT ( 'NONE',  ( -0.3804038322974441777, 0.03800451762590591198, 0.6614173228346458266 ) ) ;
#98 = PLANE ( 'NONE',  #3908 ) ;
#99 = CARTESIAN_POINT ( 'NONE',  ( -0.1008762732423220537, 0.03800451762590591198, 0.6614173228346458266 ) ) ;
#100 = VERTEX_POINT ( 'NONE', #4429 ) ;
#101 = EDGE_LOOP ( 'NONE', ( #2954, #2141, #6009, #5618 ) ) ;
#102 = EDGE_LOOP ( 'NONE', ( #6108, #836, #5611, #3537 ) ) ;
#103 = LINE ( 'NONE', #1087, #3171 ) ;
#104 = DIRECTION ( 'NONE',  ( 1.000000000000000000, 0.000000000000000000, 0.000000000000000000 ) ) ;
#105 = EDGE_LOOP ( 'NONE', ( #990, #5572, #4907, #3082 ) ) ;
#106 = PLANE ( 'NONE',  #636 ) ;
#107 = ORIENTED_EDGE ( 'NONE', *, *, #430, .T. ) ;
#108 = CARTESIAN_POINT ( 'NONE',  ( 0.01723396297811121899, -26.10134632421826950, 0.7952755905511811330 ) ) ;
#109 = DIRECTION ( 'NONE',  ( 0.000000000000000000, 0.000000000000000000, 1.000000000000000000 ) ) ;
#110 = LINE ( 'NONE', #1562, #945 ) ;
#111 = PLANE ( 'NONE',  #2922 ) ;
#112 = ORIENTED_EDGE ( 'NONE', *, *, #726, .F. ) ;
#113 = VECTOR ( 'NONE', #1775, 39.37007874015748143 ) ;
#114 = DIRECTION ( 'NONE',  ( -6.083413833562249173E-14, 1.000000000000000000, 0.000000000000000000 ) ) ;
#115 = DIRECTION ( 'NONE',  ( 1.000000000000000000, 0.000000000000000000, 0.000000000000000000 ) ) ;
#116 = CARTESIAN_POINT ( 'NONE',  ( -46.94045648118299141, 0.1549336514841702650, 0.7952755905511811330 ) ) ;
#117 = EDGE_CURVE ( 'NONE', #5909, #5042, #4487, .T. ) ;
#118 = ADVANCED_FACE ( 'NONE', ( #5419 ), #4028, .T. ) ;
#119 = EDGE_LOOP ( 'NONE', ( #735, #1403, #72, #656 ) ) ;
#120 = PLANE ( 'NONE',  #3128 ) ;
#121 = FACE_OUTER_BOUND ( 'NONE', #4241, .T. ) ;
#122 = CARTESIAN_POINT ( 'NONE',  ( -46.94045648118299141, 0.08800451762590570659, 0.7952755905511811330 ) ) ;
#123 = ADVANCED_FACE ( 'NONE', ( #3559 ), #1150, .T. ) ;
#124 = DIRECTION ( 'NONE',  ( 0.000000000000000000, 0.000000000000000000, -1.000000000000000000 ) ) ;
#125 = PLANE ( 'NONE',  #139 ) ;
#126 = VERTEX_POINT ( 'NONE', #2645 ) ;
#127 = ORIENTED_EDGE ( 'NONE', *, *, #2254, .T. ) ;
#128 = ADVANCED_FACE ( 'NONE', ( #625 ), #3468, .T. ) ;
#129 = ORIENTED_EDGE ( 'NONE', *, *, #2195, .T. ) ;
#130 = CARTESIAN_POINT ( 'NONE',  ( 0.08022608896240000786, 0.03800451762590591198, 0.6771653543307086798 ) ) ;
#131 = CARTESIAN_POINT ( 'NONE',  ( -0.2445770606454763796, -26.00086416922984256, 0.6614173228346458266 ) ) ;
#132 = CARTESIAN_POINT ( 'NONE',  ( -46.76888308971299324, 0.03800451762590591198, 0.7952755905511811330 ) ) ;
#133 = EDGE_CURVE ( 'NONE', #5260, #5021, #4983, .T. ) ;
#134 = EDGE_LOOP ( 'NONE', ( #4439, #4068, #424, #1518 ) ) ;
#135 = DIRECTION ( 'NONE',  ( 1.000000000000000000, 0.000000000000000000, 0.000000000000000000 ) ) ;
#136 = ORIENTED_EDGE ( 'NONE', *, *, #2556, .T. ) ;
#137 = ORIENTED_EDGE ( 'NONE', *, *, #5558, .F. ) ;
#138 = PLANE ( 'NONE',  #4910 ) ;
#139 = AXIS2_PLACEMENT_3D ( 'NONE', #249, #741, #5874 ) ;
#140 = CARTESIAN_POINT ( 'NONE',  ( 0.1117221519544875918, -26.10134632421826950, 0.7952755905511811330 ) ) ;
#141 = LINE ( 'NONE', #2031, #1038 ) ;
#142 = CARTESIAN_POINT ( 'NONE',  ( -46.94045648118299141, 0.03800451762590591198, 0.5433070866141732624 ) ) ;
#143 = VECTOR ( 'NONE', #5658, 39.37007874015748854 ) ;
#144 = ORIENTED_EDGE ( 'NONE', *, *, #578, .F. ) ;
#145 = VECTOR ( 'NONE', #5214, 39.37007874015748854 ) ;
#146 = AXIS2_PLACEMENT_3D ( 'NONE', #5433, #4537, #3576 ) ;
#147 = DIRECTION ( 'NONE',  ( 0.000000000000000000, 0.000000000000000000, -1.000000000000000000 ) ) ;
#148 = VECTOR ( 'NONE', #260, 39.37007874015748143 ) ;
#149 = AXIS2_PLACEMENT_3D ( 'NONE', #3700, #4631, #3643 ) ;
#150 = VERTEX_POINT ( 'NONE', #1089 ) ;
#151 = CARTESIAN_POINT ( 'NONE',  ( -0.1323723362344881860, -0.02105060048433255934, 0.5590551181102362266 ) ) ;
#152 = PLANE ( 'NONE',  #3367 ) ;
#153 = VECTOR ( 'NONE', #1346, 39.37007874015748143 ) ;
#154 = DIRECTION ( 'NONE',  ( -1.000000000000000000, 0.000000000000000000, 0.000000000000000000 ) ) ;
#156 = ADVANCED_FACE ( 'NONE', ( #1116, #1609, #2173, #2577 ), #2972, .T. ) ;
#155 = AXIS2_PLACEMENT_3D ( 'NONE', #3575, #5463, #3079 ) ;
#157 = DIRECTION ( 'NONE',  ( -1.552759475000175028E-13, 1.000000000000000000, 0.000000000000000000 ) ) ;
#158 = FACE_OUTER_BOUND ( 'NONE', #3751, .T. ) ;
#159 = EDGE_CURVE ( 'NONE', #2795, #1237, #3440, .T. ) ;
#160 = ORIENTED_EDGE ( 'NONE', *, *, #2314, .F. ) ;
#161 = VERTEX_POINT ( 'NONE', #1177 ) ;
#162 = EDGE_LOOP ( 'NONE', ( #2934, #6101, #5034, #5916 ) ) ;
#163 = VECTOR ( 'NONE', #1502, 39.37007874015748143 ) ;
#164 = CARTESIAN_POINT ( 'NONE',  ( -0.3063455535286570552, -0.1378837100495261814, 0.5590551181102362266 ) ) ;
#165 = DIRECTION ( 'NONE',  ( 0.000000000000000000, -1.000000000000000000, 0.000000000000000000 ) ) ;
#166 = EDGE_CURVE ( 'NONE', #3641, #1019, #2515, .T. ) ;
#167 = VECTOR ( 'NONE', #2164, 39.37007874015748143 ) ;
#168 = ORIENTED_EDGE ( 'NONE', *, *, #4283, .T. ) ;
#169 = LINE ( 'NONE', #2518, #2911 ) ;
#170 = VERTEX_POINT ( 'NONE', #3933 ) ;
#171 = EDGE_LOOP ( 'NONE', ( #1693, #3318, #4799, #978 ) ) ;
#172 = EDGE_CURVE ( 'NONE', #4922, #5753, #221, .T. ) ;
#173 = DIRECTION ( 'NONE',  ( -0.000000000000000000, 1.000000000000000000, 0.000000000000000000 ) ) ;
#174 = VECTOR ( 'NONE', #828, 39.37007874015748143 ) ;
#175 = DIRECTION ( 'NONE',  ( 1.000000000000000000, 0.000000000000000000, 0.000000000000000000 ) ) ;
#176 = CARTESIAN_POINT ( 'NONE',  ( 0.09991112833247657588, -26.00086416922701460, 0.7952755905511811330 ) ) ;
#177 = DIRECTION ( 'NONE',  ( 1.000000000000000000, 0.000000000000000000, 0.000000000000000000 ) ) ;
#178 = ORIENTED_EDGE ( 'NONE', *, *, #133, .F. ) ;
#179 = LINE ( 'NONE', #2983, #1042 ) ;
#180 = PLANE ( 'NONE',  #6072 ) ;
#181 = CARTESIAN_POINT ( 'NONE',  ( 0.01723396297811121899, -26.10134632421826950, 0.7952755905511811330 ) ) ;
#182 = ORIENTED_EDGE ( 'NONE', *, *, #233, .T. ) ;
#183 = VERTEX_POINT ( 'NONE', #1580 ) ;
#184 = DIRECTION ( 'NONE',  ( 0.000000000000000000, 0.000000000000000000, -1.000000000000000000 ) ) ;
#185 = FACE_OUTER_BOUND ( 'NONE', #2330, .T. ) ;
#186 = CARTESIAN_POINT ( 'NONE',  ( 0.2377064039229948855, -26.10134632421826950, 0.7952755905511811330 ) ) ;
#187 = LINE ( 'NONE', #4918, #1611 ) ;
#188 = EDGE_LOOP ( 'NONE', ( #4575, #655, #3819, #1106 ) ) ;
#189 = CARTESIAN_POINT ( 'NONE',  ( -0.04772666694311086116, -0.001365561114251630020, 0.6771653543307086798 ) ) ;
#190 = ORIENTED_EDGE ( 'NONE', *, *, #2633, .T. ) ;
#191 = ORIENTED_EDGE ( 'NONE', *, *, #3937, .T. ) ;
#192 = DIRECTION ( 'NONE',  ( 0.000000000000000000, -1.000000000000000000, 0.000000000000000000 ) ) ;
#193 = ADVANCED_FACE ( 'NONE', ( #194 ), #4455, .T. ) ;
#194 = FACE_OUTER_BOUND ( 'NONE', #847, .T. ) ;
#195 = ORIENTED_EDGE ( 'NONE', *, *, #1757, .T. ) ;
#196 = LINE ( 'NONE', #80, #6077 ) ;
#197 = ORIENTED_EDGE ( 'NONE', *, *, #1508, .T. ) ;
#198 = ORIENTED_EDGE ( 'NONE', *, *, #5067, .T. ) ;
#199 = EDGE_CURVE ( 'NONE', #2604, #4452, #1648, .T. ) ;
#200 = ADVANCED_FACE ( 'NONE', ( #2606 ), #5073, .T. ) ;
#201 = LINE ( 'NONE', #1157, #1649 ) ;
#202 = LINE ( 'NONE', #5455, #448 ) ;
#203 = DIRECTION ( 'NONE',  ( 0.000000000000000000, 0.000000000000000000, 1.000000000000000000 ) ) ;
#204 = ADVANCED_FACE ( 'NONE', ( #4153 ), #4615, .T. ) ;
#205 = DIRECTION ( 'NONE',  ( 1.000000000000000000, 0.000000000000000000, 0.000000000000000000 ) ) ;
#206 = VERTEX_POINT ( 'NONE', #2760 ) ;
#207 = ORIENTED_EDGE ( 'NONE', *, *, #4578, .F. ) ;
#208 = EDGE_CURVE ( 'NONE', #5016, #3557, #317, .T. ) ;
#209 = PLANE ( 'NONE',  #5189 ) ;
#210 = CARTESIAN_POINT ( 'NONE',  ( -0.1323723362344881860, -26.10134632421826950, 0.7952755905511811330 ) ) ;
#211 = LINE ( 'NONE', #2003, #3514 ) ;
#212 = ORIENTED_EDGE ( 'NONE', *, *, #5623, .F. ) ;
#213 = DIRECTION ( 'NONE',  ( 0.000000000000000000, 0.000000000000000000, 1.000000000000000000 ) ) ;
#214 = FACE_OUTER_BOUND ( 'NONE', #5087, .T. ) ;
#215 = LINE ( 'NONE', #2138, #4111 ) ;
#216 = DIRECTION ( 'NONE',  ( 0.000000000000000000, 0.000000000000000000, -1.000000000000000000 ) ) ;
#217 = ORIENTED_EDGE ( 'NONE', *, *, #2633, .F. ) ;
#218 = VERTEX_POINT ( 'NONE', #6034 ) ;
#219 = VERTEX_POINT ( 'NONE', #1776 ) ;
#220 = CARTESIAN_POINT ( 'NONE',  ( 0.09203711258444587096, -0.001365561114251630020, 0.5590551181102362266 ) ) ;
#221 = LINE ( 'NONE', #5819, #2708 ) ;
#222 = ORIENTED_EDGE ( 'NONE', *, *, #843, .F. ) ;
#223 = CARTESIAN_POINT ( 'NONE',  ( 0.1117221519544875918, -0.02105060048433255934, 0.7952755905511811330 ) ) ;
#224 = ORIENTED_EDGE ( 'NONE', *, *, #4050, .F. ) ;
#225 = ORIENTED_EDGE ( 'NONE', *, *, #2365, .T. ) ;
#226 = CARTESIAN_POINT ( 'NONE',  ( -0.1993014700927137617, -26.00086416922701460, 0.6771653543307086798 ) ) ;
#227 = AXIS2_PLACEMENT_3D ( 'NONE', #3038, #258, #2076 ) ;
#228 = DIRECTION ( 'NONE',  ( -1.000000000000000000, 0.000000000000000000, 0.000000000000000000 ) ) ;
#229 = LINE ( 'NONE', #3012, #1531 ) ;
#230 = FACE_OUTER_BOUND ( 'NONE', #2077, .T. ) ;
#231 = EDGE_CURVE ( 'NONE', #504, #183, #3248, .T. ) ;
#232 = DIRECTION ( 'NONE',  ( 0.000000000000000000, 0.000000000000000000, -1.000000000000000000 ) ) ;
#233 = EDGE_CURVE ( 'NONE', #522, #5740, #3657, .T. ) ;
#234 = ORIENTED_EDGE ( 'NONE', *, *, #2353, .F. ) ;
#235 = VERTEX_POINT ( 'NONE', #4087 ) ;
#236 = VECTOR ( 'NONE', #2053, 39.37007874015748143 ) ;
#237 = LINE ( 'NONE', #300, #4603 ) ;
#238 = CARTESIAN_POINT ( 'NONE',  ( -10.34339243900271832, 10.57977265189248328, 0.7283464566929134243 ) ) ;
#239 = VECTOR ( 'NONE', #339, 39.37007874015748143 ) ;
#240 = LINE ( 'NONE', #3020, #6084 ) ;
#241 = EDGE_CURVE ( 'NONE', #4458, #862, #5972, .T. ) ;
#242 = ORIENTED_EDGE ( 'NONE', *, *, #358, .F. ) ;
#243 = AXIS2_PLACEMENT_3D ( 'NONE', #3074, #2248, #4135 ) ;
#244 = CARTESIAN_POINT ( 'NONE',  ( 0.2888875062852027664, -0.08522382883079014648, 0.5590551181102362266 ) ) ;
#245 = VECTOR ( 'NONE', #2477, 39.37007874015748854 ) ;
#246 = ADVANCED_FACE ( 'NONE', ( #3626 ), #5045, .F. ) ;
#247 = LINE ( 'NONE', #2098, #5382 ) ;
#248 = DIRECTION ( 'NONE',  ( 0.000000000000000000, -1.000000000000000000, 0.000000000000000000 ) ) ;
#249 = CARTESIAN_POINT ( 'NONE',  ( -0.3804038322974441777, -26.00086416922701460, 0.6771653543307086798 ) ) ;
#250 = AXIS2_PLACEMENT_3D ( 'NONE', #820, #232, #5056 ) ;
#251 = ORIENTED_EDGE ( 'NONE', *, *, #3714, .T. ) ;
#252 = VECTOR ( 'NONE', #575, 39.37007874015748143 ) ;
#253 = ORIENTED_EDGE ( 'NONE', *, *, #5221, .F. ) ;
#254 = EDGE_LOOP ( 'NONE', ( #3245, #572, #2677, #2056 ) ) ;
#255 = LINE ( 'NONE', #3465, #2921 ) ;
#256 = VECTOR ( 'NONE', #157, 39.37007874015748143 ) ;
#257 = VECTOR ( 'NONE', #1004, 39.37007874015748143 ) ;
#258 = DIRECTION ( 'NONE',  ( 0.000000000000000000, 0.000000000000000000, 1.000000000000000000 ) ) ;
#259 = ORIENTED_EDGE ( 'NONE', *, *, #133, .T. ) ;
#260 = DIRECTION ( 'NONE',  ( 0.000000000000000000, -1.000000000000000000, 0.000000000000000000 ) ) ;
#261 = AXIS2_PLACEMENT_3D ( 'NONE', #1917, #5129, #3768 ) ;
#262 = ORIENTED_EDGE ( 'NONE', *, *, #578, .T. ) ;
#263 = VECTOR ( 'NONE', #515, 39.37007874015748143 ) ;
#264 = ORIENTED_EDGE ( 'NONE', *, *, #3484, .T. ) ;
#265 = DIRECTION ( 'NONE',  ( 0.9784573268087538578, -0.2064491695654584735, 0.000000000000000000 ) ) ;
#266 = VECTOR ( 'NONE', #5506, 39.37007874015748143 ) ;
#267 = DIRECTION ( 'NONE',  ( 1.000000000000000000, 0.000000000000000000, 0.000000000000000000 ) ) ;
#268 = CARTESIAN_POINT ( 'NONE',  ( -10.40244755711295355, 10.52071753378224628, 0.7775590551181102983 ) ) ;
#269 = CARTESIAN_POINT ( 'NONE',  ( -0.1008762732423220537, -26.00086416922701460, 0.6771653543307086798 ) ) ;
#270 = FACE_OUTER_BOUND ( 'NONE', #2397, .T. ) ;
#271 = VERTEX_POINT ( 'NONE', #6063 ) ;
#272 = VERTEX_POINT ( 'NONE', #2786 ) ;
#273 = VECTOR ( 'NONE', #4741, 39.37007874015748143 ) ;
#274 = EDGE_CURVE ( 'NONE', #4682, #3686, #782, .T. ) ;
#275 = CARTESIAN_POINT ( 'NONE',  ( -0.2091439897777913615, -0.4816411516654354741, 0.7362204724409451284 ) ) ;
#276 = LINE ( 'NONE', #3611, #2038 ) ;
#277 = ORIENTED_EDGE ( 'NONE', *, *, #2982, .F. ) ;
#278 = CARTESIAN_POINT ( 'NONE',  ( 0.2140843566789031316, -26.10134632421826950, 0.7952755905511811330 ) ) ;
#279 = EDGE_CURVE ( 'NONE', #1161, #2265, #440, .T. ) ;
#280 = CARTESIAN_POINT ( 'NONE',  ( -0.3449707614313327064, -0.1324679233190568794, 0.7795275590551181688 ) ) ;
#281 = CARTESIAN_POINT ( 'NONE',  ( 0.09361191573401889121, 0.1699336514841340851, 0.3838582677165354173 ) ) ;
#282 = LINE ( 'NONE', #2725, #3094 ) ;
#283 = ORIENTED_EDGE ( 'NONE', *, *, #4889, .T. ) ;
#284 = ADVANCED_FACE ( 'NONE', ( #2295 ), #3221, .F. ) ;
#285 = ORIENTED_EDGE ( 'NONE', *, *, #2126, .F. ) ;
#286 = ORIENTED_EDGE ( 'NONE', *, *, #55, .T. ) ;
#287 = LINE ( 'NONE', #2549, #5887 ) ;
#288 = CARTESIAN_POINT ( 'NONE',  ( 0.1451867188836220568, -26.10134632421826950, 0.5433070866141732624 ) ) ;
#289 = EDGE_LOOP ( 'NONE', ( #3326, #5172, #5693, #3868 ) ) ;
#290 = CARTESIAN_POINT ( 'NONE',  ( -46.94045648118299141, 0.03800451762590591198, 0.5590551181102362266 ) ) ;
#291 = EDGE_LOOP ( 'NONE', ( #2747, #262, #5110, #3089 ) ) ;
#292 = EDGE_LOOP ( 'NONE', ( #4564, #4654, #5229, #3930 ) ) ;
#293 = CARTESIAN_POINT ( 'NONE',  ( -46.94045648118780178, -0.02892461624110074722, 0.7952755905511811330 ) ) ;
#294 = CARTESIAN_POINT ( 'NONE',  ( -0.3449707614313327064, -26.10134632421826950, 0.7795275590551181688 ) ) ;
#295 = LINE ( 'NONE', #5400, #4294 ) ;
#296 = CARTESIAN_POINT ( 'NONE',  ( -7.538613755058740651, -34.41492064910763560, 0.5590551181102362266 ) ) ;
#297 = PLANE ( 'NONE',  #3403 ) ;
#298 = ORIENTED_EDGE ( 'NONE', *, *, #5836, .F. ) ;
#299 = ORIENTED_EDGE ( 'NONE', *, *, #3833, .T. ) ;
#300 = CARTESIAN_POINT ( 'NONE',  ( -0.1323723362344881860, -26.10134632421826950, 0.7795275590551181688 ) ) ;
#301 = DIMENSIONAL_EXPONENTS ( 1.000000000000000000, 0.000000000000000000, 0.000000000000000000, 0.000000000000000000, 0.000000000000000000, 0.000000000000000000, 0.000000000000000000 ) ;
#302 = CARTESIAN_POINT ( 'NONE',  ( 0.2652654590411023805, -0.02892461623236318793, 0.7952755905511811330 ) ) ;
#303 = DIRECTION ( 'NONE',  ( 0.000000000000000000, -1.000000000000000000, 0.000000000000000000 ) ) ;
#304 = ORIENTED_EDGE ( 'NONE', *, *, #1105, .T. ) ;
#305 = LINE ( 'NONE', #5468, #5892 ) ;
#306 = CARTESIAN_POINT ( 'NONE',  ( 0.1451867188836220568, -26.10134632421826950, 0.7952755905511811330 ) ) ;
#307 = CARTESIAN_POINT ( 'NONE',  ( 0.2888875062852377940, -26.00086416922701460, 0.6988188976377953665 ) ) ;
#308 = DIRECTION ( 'NONE',  ( 0.000000000000000000, 0.000000000000000000, -1.000000000000000000 ) ) ;
#309 = ORIENTED_EDGE ( 'NONE', *, *, #2015, .T. ) ;
#310 = EDGE_CURVE ( 'NONE', #1710, #5481, #5109, .T. ) ;
#311 = EDGE_CURVE ( 'NONE', #2675, #2787, #2733, .T. ) ;
#312 = ORIENTED_EDGE ( 'NONE', *, *, #3530, .T. ) ;
#313 = VECTOR ( 'NONE', #4331, 39.37007874015748143 ) ;
#314 = ORIENTED_EDGE ( 'NONE', *, *, #4556, .T. ) ;
#315 = CARTESIAN_POINT ( 'NONE',  ( -0.3095376905651948674, -26.10134632421826950, 0.5433070866141732624 ) ) ;
#316 = EDGE_CURVE ( 'NONE', #5070, #4673, #2234, .T. ) ;
#317 = LINE ( 'NONE', #5480, #5072 ) ;
#318 = ORIENTED_EDGE ( 'NONE', *, *, #2464, .F. ) ;
#319 = DIRECTION ( 'NONE',  ( 0.000000000000000000, 0.000000000000000000, -1.000000000000000000 ) ) ;
#320 = ADVANCED_FACE ( 'NONE', ( #1304 ), #3185, .T. ) ;
#321 = ORIENTED_EDGE ( 'NONE', *, *, #3000, .F. ) ;
#322 = ORIENTED_EDGE ( 'NONE', *, *, #685, .F. ) ;
#323 = FACE_OUTER_BOUND ( 'NONE', #1127, .T. ) ;
#324 = EDGE_CURVE ( 'NONE', #4252, #2157, #1706, .T. ) ;
#325 = LINE ( 'NONE', #3336, #4285 ) ;
#326 = DIRECTION ( 'NONE',  ( -0.7071067811864688579, 0.7071067811866259545, 0.000000000000000000 ) ) ;
#327 = LINE ( 'NONE', #2212, #4978 ) ;
#328 = DIRECTION ( 'NONE',  ( 0.000000000000000000, 0.000000000000000000, -1.000000000000000000 ) ) ;
#329 = ORIENTED_EDGE ( 'NONE', *, *, #1410, .F. ) ;
#330 = ORIENTED_EDGE ( 'NONE', *, *, #4895, .F. ) ;
#331 = FACE_OUTER_BOUND ( 'NONE', #1888, .T. ) ;
#332 = PLANE ( 'NONE',  #4789 ) ;
#333 = DIRECTION ( 'NONE',  ( -1.000000000000000000, 0.000000000000000000, 0.000000000000000000 ) ) ;
#334 = ORIENTED_EDGE ( 'NONE', *, *, #833, .T. ) ;
#335 = CARTESIAN_POINT ( 'NONE',  ( -0.1461518637935025622, -26.00086416922701460, 0.6771653543307086798 ) ) ;
#336 = VECTOR ( 'NONE', #5514, 39.37007874015748143 ) ;
#337 = DIRECTION ( 'NONE',  ( -1.000000000000000000, 0.000000000000000000, 0.000000000000000000 ) ) ;
#338 = PLANE ( 'NONE',  #5188 ) ;
#339 = DIRECTION ( 'NONE',  ( 0.000000000000000000, 0.000000000000000000, -1.000000000000000000 ) ) ;
#340 = ORIENTED_EDGE ( 'NONE', *, *, #3677, .F. ) ;
#341 = AXIS2_PLACEMENT_3D ( 'NONE', #2116, #1538, #4036 ) ;
#342 = EDGE_LOOP ( 'NONE', ( #3188, #2034, #5452, #3899 ) ) ;
#343 = DIRECTION ( 'NONE',  ( 0.000000000000000000, 0.000000000000000000, 1.000000000000000000 ) ) ;
#344 = EDGE_CURVE ( 'NONE', #3225, #504, #1242, .T. ) ;
#345 = EDGE_CURVE ( 'NONE', #699, #1876, #563, .T. ) ;
#346 = AXIS2_PLACEMENT_3D ( 'NONE', #1651, #2648, #4953 ) ;
#347 = MECHANICAL_DESIGN_GEOMETRIC_PRESENTATION_REPRESENTATION (  '', ( #5179 ), #1329 ) ;
#348 = CARTESIAN_POINT ( 'NONE',  ( -0.1323723362344881860, -26.10134632421826950, 0.5590551181102362266 ) ) ;
#349 = ORIENTED_EDGE ( 'NONE', *, *, #3416, .F. ) ;
#350 = DIRECTION ( 'NONE',  ( 0.000000000000000000, 0.000000000000000000, -1.000000000000000000 ) ) ;
#351 = VERTEX_POINT ( 'NONE', #4797 ) ;
#352 = VERTEX_POINT ( 'NONE', #929 ) ;
#353 = VECTOR ( 'NONE', #1081, 39.37007874015748143 ) ;
#354 = CARTESIAN_POINT ( 'NONE',  ( -0.2642621000139794840, -0.001365561114251630020, 0.6614173228346458266 ) ) ;
#355 = VECTOR ( 'NONE', #5625, 39.37007874015748854 ) ;
#356 = UNCERTAINTY_MEASURE_WITH_UNIT (LENGTH_MEASURE( 1.000000000000000082E-05 ), #1838, 'distance_accuracy_value', 'NONE');
#357 = CARTESIAN_POINT ( 'NONE',  ( -46.94045648118299141, 0.002571446759763685360, 0.7952755905511811330 ) ) ;
#358 = EDGE_CURVE ( 'NONE', #3186, #3087, #2939, .T. ) ;
#359 = PLANE ( 'NONE',  #2916 ) ;
#360 = VECTOR ( 'NONE', #147, 39.37007874015748143 ) ;
#361 = CARTESIAN_POINT ( 'NONE',  ( 0.2856953692486562946, -0.1378837100494476609, 0.7952755905511811330 ) ) ;
#362 = ORIENTED_EDGE ( 'NONE', *, *, #532, .T. ) ;
#363 = VECTOR ( 'NONE', #4561, 39.37007874015748143 ) ;
#364 = CARTESIAN_POINT ( 'NONE',  ( 0.000000000000000000, 0.000000000000000000, 0.000000000000000000 ) ) ;
#365 = LINE ( 'NONE', #4037, #1333 ) ;
#366 = EDGE_CURVE ( 'NONE', #911, #5597, #5726, .T. ) ;
#367 = ORIENTED_EDGE ( 'NONE', *, *, #2504, .T. ) ;
#368 = VECTOR ( 'NONE', #5631, 39.37007874015748143 ) ;
#369 = EDGE_CURVE ( 'NONE', #4336, #2554, #4735, .T. ) ;
#370 = DIRECTION ( 'NONE',  ( 0.000000000000000000, 1.000000000000000000, 0.000000000000000000 ) ) ;
#371 = PLANE ( 'NONE',  #4598 ) ;
#372 = DIRECTION ( 'NONE',  ( 0.000000000000000000, 0.000000000000000000, -1.000000000000000000 ) ) ;
#373 = VECTOR ( 'NONE', #2364, 39.37007874015748143 ) ;
#374 = ORIENTED_EDGE ( 'NONE', *, *, #2202, .T. ) ;
#375 = CARTESIAN_POINT ( 'NONE',  ( 0.09361191573401889121, 0.07938247038177302650, 0.6870078740157480324 ) ) ;
#376 = VECTOR ( 'NONE', #3849, 39.37007874015748143 ) ;
#377 = DIRECTION ( 'NONE',  ( 0.000000000000000000, 1.000000000000000000, 0.000000000000000000 ) ) ;
#378 = FACE_OUTER_BOUND ( 'NONE', #803, .T. ) ;
#379 = CARTESIAN_POINT ( 'NONE',  ( -47.43742357988960379, -26.51425848898617943, 0.5610236220472440971 ) ) ;
#380 = ORIENTED_EDGE ( 'NONE', *, *, #2207, .F. ) ;
#381 = VERTEX_POINT ( 'NONE', #4334 ) ;
#382 = DIRECTION ( 'NONE',  ( -0.7071067811864688579, 0.7071067811866259545, 0.000000000000000000 ) ) ;
#383 = DIRECTION ( 'NONE',  ( 0.000000000000000000, -1.000000000000000000, 0.000000000000000000 ) ) ;
#384 = ORIENTED_EDGE ( 'NONE', *, *, #4470, .F. ) ;
#385 = LINE ( 'NONE', #3309, #5380 ) ;
#386 = VERTEX_POINT ( 'NONE', #3807 ) ;
#387 = EDGE_CURVE ( 'NONE', #2662, #5215, #4829, .T. ) ;
#388 = ORIENTED_EDGE ( 'NONE', *, *, #2619, .T. ) ;
#389 = DIRECTION ( 'NONE',  ( 1.000000000000000000, 0.000000000000000000, 0.000000000000000000 ) ) ;
#390 = LINE ( 'NONE', #2270, #4613 ) ;
#391 = DIRECTION ( 'NONE',  ( 0.000000000000000000, 0.000000000000000000, -1.000000000000000000 ) ) ;
#392 = CARTESIAN_POINT ( 'NONE',  ( 0.2652654590411374080, -0.001365561114251630020, 0.5433070866141732624 ) ) ;
#393 = VERTEX_POINT ( 'NONE', #99 ) ;
#394 = CARTESIAN_POINT ( 'NONE',  ( -0.1993014700927137617, -26.00086416922701460, 0.7952755905511811330 ) ) ;
#395 = VERTEX_POINT ( 'NONE', #3395 ) ;
#396 = EDGE_CURVE ( 'NONE', #2554, #1237, #1986, .T. ) ;
#397 = EDGE_CURVE ( 'NONE', #4870, #5373, #4705, .T. ) ;
#398 = ORIENTED_EDGE ( 'NONE', *, *, #1292, .F. ) ;
#399 = ADVANCED_FACE ( 'NONE', ( #4266 ), #2479, .T. ) ;
#400 = DIRECTION ( 'NONE',  ( 0.000000000000000000, -1.000000000000000000, 0.000000000000000000 ) ) ;
#401 = CARTESIAN_POINT ( 'NONE',  ( 0.2140843566789031316, 0.1549336514841702650, 0.5433070866141732624 ) ) ;
#402 = ADVANCED_FACE ( 'NONE', ( #3747 ), #3274, .T. ) ;
#403 = ORIENTED_EDGE ( 'NONE', *, *, #918, .F. ) ;
#404 = CARTESIAN_POINT ( 'NONE',  ( 0.3243205771513404945, -26.10134632421826950, 0.5433070866141732624 ) ) ;
#405 = DIRECTION ( 'NONE',  ( 1.000000000000000000, 0.000000000000000000, 0.000000000000000000 ) ) ;
#406 = DIRECTION ( 'NONE',  ( 0.000000000000000000, 0.000000000000000000, -1.000000000000000000 ) ) ;
#407 = CARTESIAN_POINT ( 'NONE',  ( -0.1461518637935025622, -0.1450663485158281418, 0.6614173228346458266 ) ) ;
#408 = VERTEX_POINT ( 'NONE', #2817 ) ;
#409 = FACE_OUTER_BOUND ( 'NONE', #2528, .T. ) ;
#410 = CARTESIAN_POINT ( 'NONE',  ( -46.94045648118299141, 0.08800451762590570659, 0.5433070866141732624 ) ) ;
#411 = DIRECTION ( 'NONE',  ( 0.000000000000000000, 0.000000000000000000, -1.000000000000000000 ) ) ;
#412 = ORIENTED_EDGE ( 'NONE', *, *, #2051, .T. ) ;
#413 = DIRECTION ( 'NONE',  ( -1.000000000000000000, 0.000000000000000000, 0.000000000000000000 ) ) ;
#414 = ORIENTED_EDGE ( 'NONE', *, *, #576, .T. ) ;
#415 = VERTEX_POINT ( 'NONE', #1456 ) ;
#416 = PLANE ( 'NONE',  #4168 ) ;
#417 = CARTESIAN_POINT ( 'NONE',  ( 0.2652654590411374080, -0.001365561114251630020, 0.5590551181102362266 ) ) ;
#418 = VECTOR ( 'NONE', #816, 39.37007874015748143 ) ;
#419 = CARTESIAN_POINT ( 'NONE',  ( 0.2140843566789381591, -0.001365561114251630020, 0.5433070866141732624 ) ) ;
#420 = DIRECTION ( 'NONE',  ( -1.000000000000000000, 0.000000000000000000, 0.000000000000000000 ) ) ;
#421 = VERTEX_POINT ( 'NONE', #527 ) ;
#422 = LINE ( 'NONE', #4251, #5977 ) ;
#423 = ORIENTED_EDGE ( 'NONE', *, *, #5497, .F. ) ;
#424 = ORIENTED_EDGE ( 'NONE', *, *, #3520, .F. ) ;
#425 = EDGE_CURVE ( 'NONE', #4048, #780, #475, .T. ) ;
#426 = PLANE ( 'NONE',  #1941 ) ;
#427 = EDGE_CURVE ( 'NONE', #4671, #4790, #3, .T. ) ;
#428 = PLANE ( 'NONE',  #5390 ) ;
#429 = CARTESIAN_POINT ( 'NONE',  ( 0.1510922306946844429, -0.001365561114251630020, 0.5590551181102362266 ) ) ;
#430 = EDGE_CURVE ( 'NONE', #5043, #4, #5663, .T. ) ;
#431 = CARTESIAN_POINT ( 'NONE',  ( -46.94045648118299141, 0.002571446759763685360, 0.5433070866141732624 ) ) ;
#432 = DIRECTION ( 'NONE',  ( 0.000000000000000000, -1.000000000000000000, 0.000000000000000000 ) ) ;
#433 = DIRECTION ( 'NONE',  ( 1.000000000000000000, 0.000000000000000000, 0.000000000000000000 ) ) ;
#434 = EDGE_CURVE ( 'NONE', #1484, #4501, #1419, .T. ) ;
#435 = ORIENTED_EDGE ( 'NONE', *, *, #5690, .F. ) ;
#436 = CARTESIAN_POINT ( 'NONE',  ( -37.20278142986673231, -36.74890063900677006, 0.6102362204724409711 ) ) ;
#437 = VECTOR ( 'NONE', #2194, 39.37007874015748143 ) ;
#438 = EDGE_CURVE ( 'NONE', #5481, #3782, #32, .T. ) ;
#439 = PLANE ( 'NONE',  #5375 ) ;
#440 = LINE ( 'NONE', #1335, #5670 ) ;
#441 = VERTEX_POINT ( 'NONE', #500 ) ;
#442 = VECTOR ( 'NONE', #2680, 39.37007874015748143 ) ;
#443 = DIRECTION ( 'NONE',  ( 0.000000000000000000, 0.000000000000000000, 1.000000000000000000 ) ) ;
#444 = EDGE_LOOP ( 'NONE', ( #7, #3621, #2778, #3574 ) ) ;
#445 = VERTEX_POINT ( 'NONE', #1483 ) ;
#446 = LINE ( 'NONE', #849, #1495 ) ;
#447 = PLANE ( 'NONE',  #3230 ) ;
#448 = VECTOR ( 'NONE', #2084, 39.37007874015748143 ) ;
#449 = AXIS2_PLACEMENT_3D ( 'NONE', #5437, #3618, #3122 ) ;
#450 = DIRECTION ( 'NONE',  ( 0.000000000000000000, -1.000000000000000000, 0.000000000000000000 ) ) ;
#451 = ORIENTED_EDGE ( 'NONE', *, *, #96, .T. ) ;
#452 = PLANE ( 'NONE',  #2720 ) ;
#453 = ORIENTED_EDGE ( 'NONE', *, *, #5655, .F. ) ;
#454 = VECTOR ( 'NONE', #2828, 39.37007874015748143 ) ;
#455 = VECTOR ( 'NONE', #5456, 39.37007874015748143 ) ;
#456 = EDGE_LOOP ( 'NONE', ( #1801, #5144, #1867, #4856 ) ) ;
#457 = VECTOR ( 'NONE', #2872, 39.37007874015748143 ) ;
#458 = VECTOR ( 'NONE', #420, 39.37007874015748143 ) ;
#459 = PLANE ( 'NONE',  #1636 ) ;
#460 = FACE_OUTER_BOUND ( 'NONE', #5412, .T. ) ;
#461 = PLANE ( 'NONE',  #4803 ) ;
#462 = CIRCLE ( 'NONE', #1745, 0.02204724409448401146 ) ;
#463 = EDGE_CURVE ( 'NONE', #2168, #5301, #3365, .T. ) ;
#464 = VECTOR ( 'NONE', #1920, 39.37007874015748143 ) ;
#465 = CARTESIAN_POINT ( 'NONE',  ( -0.1323723362344881860, 0.002571446759763685360, 0.7952755905511811330 ) ) ;
#466 = FACE_OUTER_BOUND ( 'NONE', #1485, .T. ) ;
#467 = DIRECTION ( 'NONE',  ( 1.000000000000000000, 0.000000000000000000, 0.000000000000000000 ) ) ;
#468 = VERTEX_POINT ( 'NONE', #4763 ) ;
#469 = EDGE_CURVE ( 'NONE', #1143, #3383, #5256, .T. ) ;
#470 = EDGE_LOOP ( 'NONE', ( #2713, #2385, #4456, #3834 ) ) ;
#471 = VECTOR ( 'NONE', #6070, 39.37007874015748143 ) ;
#472 = DIRECTION ( 'NONE',  ( 1.000000000000000000, 0.000000000000000000, 0.000000000000000000 ) ) ;
#473 = DIRECTION ( 'NONE',  ( -1.000000000000000000, -1.552759475000175028E-13, 0.000000000000000000 ) ) ;
#474 = EDGE_CURVE ( 'NONE', #3880, #3437, #4021, .T. ) ;
#475 = LINE ( 'NONE', #2358, #4972 ) ;
#476 = VERTEX_POINT ( 'NONE', #2542 ) ;
#477 = ORIENTED_EDGE ( 'NONE', *, *, #1263, .F. ) ;
#478 = EDGE_CURVE ( 'NONE', #4660, #1062, #2993, .T. ) ;
#479 = VERTEX_POINT ( 'NONE', #4975 ) ;
#480 = LINE ( 'NONE', #4647, #4559 ) ;
#481 = CARTESIAN_POINT ( 'NONE',  ( -0.1323723362344881860, -0.02105060048433255934, 0.5433070866141732624 ) ) ;
#482 = DIRECTION ( 'NONE',  ( -0.000000000000000000, 1.000000000000000000, 0.000000000000000000 ) ) ;
#483 = CARTESIAN_POINT ( 'NONE',  ( 0.2377064039229948855, 0.1549336514841702650, 0.5590551181102362266 ) ) ;
#484 = ORIENTED_EDGE ( 'NONE', *, *, #427, .T. ) ;
#485 = LINE ( 'NONE', #3962, #742 ) ;
#486 = ORIENTED_EDGE ( 'NONE', *, *, #2080, .F. ) ;
#487 = VERTEX_POINT ( 'NONE', #2013 ) ;
#488 = LINE ( 'NONE', #3286, #749 ) ;
#489 = LINE ( 'NONE', #3323, #2123 ) ;
#490 = DIRECTION ( 'NONE',  ( 0.000000000000000000, 0.000000000000000000, 1.000000000000000000 ) ) ;
#491 = ORIENTED_EDGE ( 'NONE', *, *, #1623, .F. ) ;
#492 = CARTESIAN_POINT ( 'NONE',  ( 0.3243205771513404945, -26.10134632421826950, 0.7952755905511811330 ) ) ;
#493 = LINE ( 'NONE', #2894, #63 ) ;
#494 = DIRECTION ( 'NONE',  ( 1.000000000000000000, 0.000000000000000000, 0.000000000000000000 ) ) ;
#495 = ORIENTED_EDGE ( 'NONE', *, *, #2332, .F. ) ;
#496 = DIRECTION ( 'NONE',  ( 0.000000000000000000, 0.000000000000000000, 1.000000000000000000 ) ) ;
#497 = PLANE ( 'NONE',  #5447 ) ;
#498 = FACE_OUTER_BOUND ( 'NONE', #531, .T. ) ;
#499 = ADVANCED_FACE ( 'NONE', ( #158 ), #5350, .F. ) ;
#500 = CARTESIAN_POINT ( 'NONE',  ( -0.2859156433210681136, 0.03800451762590591198, 0.5590551181102362266 ) ) ;
#501 = EDGE_CURVE ( 'NONE', #4682, #218, #2100, .T. ) ;
#502 = EDGE_LOOP ( 'NONE', ( #1672, #1669, #3775, #2016 ) ) ;
#503 = SURFACE_STYLE_FILL_AREA ( #4617 ) ;
#504 = VERTEX_POINT ( 'NONE', #2070 ) ;
#505 = ORIENTED_EDGE ( 'NONE', *, *, #478, .T. ) ;
#506 = CARTESIAN_POINT ( 'NONE',  ( -46.76888308971299324, -26.00086416922701460, 0.7795275590551181688 ) ) ;
#507 = LINE ( 'NONE', #2393, #5563 ) ;
#508 = EDGE_CURVE ( 'NONE', #2118, #352, #5908, .T. ) ;
#509 = ORIENTED_EDGE ( 'NONE', *, *, #2982, .T. ) ;
#510 = DIRECTION ( 'NONE',  ( 1.000000000000000000, 0.000000000000000000, 0.000000000000000000 ) ) ;
#511 = ORIENTED_EDGE ( 'NONE', *, *, #3149, .F. ) ;
#512 = VECTOR ( 'NONE', #1204, 39.37007874015748143 ) ;
#513 = EDGE_CURVE ( 'NONE', #2697, #183, #617, .T. ) ;
#514 = CARTESIAN_POINT ( 'NONE',  ( -46.76888308971299324, -0.001365561114251630020, 0.5433070866141732624 ) ) ;
#515 = DIRECTION ( 'NONE',  ( -1.000000000000000000, 0.000000000000000000, 0.000000000000000000 ) ) ;
#516 = DIRECTION ( 'NONE',  ( 0.000000000000000000, 1.000000000000000000, 0.000000000000000000 ) ) ;
#517 = DIRECTION ( 'NONE',  ( 0.000000000000000000, 0.000000000000000000, -1.000000000000000000 ) ) ;
#518 = ORIENTED_EDGE ( 'NONE', *, *, #2286, .T. ) ;
#519 = DIRECTION ( 'NONE',  ( -0.7071067811866259545, -0.7071067811864688579, 0.000000000000000000 ) ) ;
#520 = CARTESIAN_POINT ( 'NONE',  ( -0.2859156433211031412, -26.10134632421826950, 0.7795275590551181688 ) ) ;
#521 = PLANE ( 'NONE',  #5274 ) ;
#522 = VERTEX_POINT ( 'NONE', #1142 ) ;
#523 = LINE ( 'NONE', #2447, #2831 ) ;
#524 = CARTESIAN_POINT ( 'NONE',  ( 0.3243205771513404945, 0.1876501869172421400, 0.5590551181102362266 ) ) ;
#525 = CARTESIAN_POINT ( 'NONE',  ( -0.1717424149746413220, 0.03800451762590591198, 0.7952755905511811330 ) ) ;
#526 = CARTESIAN_POINT ( 'NONE',  ( -0.1008762732423220537, 0.03800451762590591198, 0.7952755905511811330 ) ) ;
#527 = CARTESIAN_POINT ( 'NONE',  ( -0.04969517088014914485, 0.2860753837675988343, 0.6102362204724409711 ) ) ;
#528 = ORIENTED_EDGE ( 'NONE', *, *, #3652, .F. ) ;
#529 = ORIENTED_EDGE ( 'NONE', *, *, #3328, .F. ) ;
#530 = VECTOR ( 'NONE', #1200, 39.37007874015748143 ) ;
#531 = EDGE_LOOP ( 'NONE', ( #3166, #3049, #924, #2913 ) ) ;
#532 = EDGE_CURVE ( 'NONE', #2856, #3098, #3527, .T. ) ;
#533 = EDGE_CURVE ( 'NONE', #5015, #3441, #187, .T. ) ;
#534 = AXIS2_PLACEMENT_3D ( 'NONE', #3139, #2682, #1188 ) ;
#535 = CARTESIAN_POINT ( 'NONE',  ( -0.1717424149746413220, -26.10134632421826950, 0.7952755905511811330 ) ) ;
#536 = EDGE_LOOP ( 'NONE', ( #5245, #5292, #5876, #528, #5976, #1606, #4480, #974, #2927, #2102, #786, #3023, #2710, #5849, #1592, #5311, #5904, #3397, #2427, #4424, #3756, #6003, #3310, #3735, #2907, #5859, #18, #1300, #873, #1541, #4338, #3513 ) ) ;
#537 = CARTESIAN_POINT ( 'NONE',  ( 0.1510922306946844429, -26.00086416922701460, 0.7795275590551181688 ) ) ;
#538 = VERTEX_POINT ( 'NONE', #3028 ) ;
#539 = ORIENTED_EDGE ( 'NONE', *, *, #3368, .T. ) ;
#540 = AXIS2_PLACEMENT_3D ( 'NONE', #4869, #2061, #87 ) ;
#541 = AXIS2_PLACEMENT_3D ( 'NONE', #306, #337, #1731 ) ;
#542 = EDGE_CURVE ( 'NONE', #557, #1235, #4479, .T. ) ;
#543 = CARTESIAN_POINT ( 'NONE',  ( -0.2977266669431488100, -0.09703485245283602345, 0.7952755905511811330 ) ) ;
#544 = DIRECTION ( 'NONE',  ( 1.000000000000000000, 0.000000000000000000, 0.000000000000000000 ) ) ;
#545 = VECTOR ( 'NONE', #3133, 39.37007874015748143 ) ;
#546 = DIRECTION ( 'NONE',  ( 0.000000000000000000, 0.000000000000000000, 1.000000000000000000 ) ) ;
#547 = VECTOR ( 'NONE', #2716, 39.37007874015748143 ) ;
#548 = EDGE_CURVE ( 'NONE', #3369, #4091, #3926, .T. ) ;
#549 = DIRECTION ( 'NONE',  ( 0.000000000000000000, -1.000000000000000000, 0.000000000000000000 ) ) ;
#550 = ORIENTED_EDGE ( 'NONE', *, *, #3373, .T. ) ;
#551 = VECTOR ( 'NONE', #4117, 39.37007874015748143 ) ;
#552 = AXIS2_PLACEMENT_3D ( 'NONE', #3609, #5501, #1998 ) ;
#553 = CARTESIAN_POINT ( 'NONE',  ( -0.2445770606439027772, -0.1450663485158281418, 0.6614173228346458266 ) ) ;
#554 = LINE ( 'NONE', #958, #143 ) ;
#555 = VECTOR ( 'NONE', #3855, 39.37007874015748143 ) ;
#556 = VECTOR ( 'NONE', #549, 39.37007874015748143 ) ;
#557 = VERTEX_POINT ( 'NONE', #2139 ) ;
#558 = CARTESIAN_POINT ( 'NONE',  ( -0.3804038322974441777, -26.00086416922701460, 0.6771653543307086798 ) ) ;
#559 = CARTESIAN_POINT ( 'NONE',  ( -0.04772666694311086116, -26.00086416922701460, 0.6771653543307086798 ) ) ;
#560 = AXIS2_PLACEMENT_3D ( 'NONE', #5598, #3176, #2285 ) ;
#561 = CARTESIAN_POINT ( 'NONE',  ( -46.94045648118299141, 0.1719021554211809244, 0.7795275590551181688 ) ) ;
#562 = DIRECTION ( 'NONE',  ( 0.000000000000000000, -1.000000000000000000, 4.336808689942495786E-15 ) ) ;
#563 = LINE ( 'NONE', #965, #4280 ) ;
#564 = EDGE_LOOP ( 'NONE', ( #2220, #3765, #3456, #3429 ) ) ;
#565 = VECTOR ( 'NONE', #3466, 39.37007874015748143 ) ;
#566 = VERTEX_POINT ( 'NONE', #3893 ) ;
#567 = ORIENTED_EDGE ( 'NONE', *, *, #2593, .T. ) ;
#568 = CARTESIAN_POINT ( 'NONE',  ( -0.3095376905651948674, -0.02892461623236318793, 0.7952755905511811330 ) ) ;
#569 = DIRECTION ( 'NONE',  ( 0.000000000000000000, 1.000000000000000000, 0.000000000000000000 ) ) ;
#570 = ORIENTED_EDGE ( 'NONE', *, *, #5108, .T. ) ;
#571 = DIRECTION ( 'NONE',  ( 0.000000000000000000, 1.000000000000000000, 0.000000000000000000 ) ) ;
#572 = ORIENTED_EDGE ( 'NONE', *, *, #5030, .T. ) ;
#573 = FACE_OUTER_BOUND ( 'NONE', #502, .T. ) ;
#574 = PLANE ( 'NONE',  #2130 ) ;
#575 = DIRECTION ( 'NONE',  ( 0.000000000000000000, 0.000000000000000000, -1.000000000000000000 ) ) ;
#576 = EDGE_CURVE ( 'NONE', #1470, #5740, #1111, .T. ) ;
#577 = CARTESIAN_POINT ( 'NONE',  ( 0.2140843566789381591, -26.00086416922701460, 0.6988188976377953665 ) ) ;
#578 = EDGE_CURVE ( 'NONE', #5215, #3726, #709, .T. ) ;
#579 = ORIENTED_EDGE ( 'NONE', *, *, #2510, .F. ) ;
#580 = ADVANCED_FACE ( 'NONE', ( #3086 ), #125, .T. ) ;
#581 = DIRECTION ( 'NONE',  ( 1.000000000000000000, 6.083413833562249173E-14, 0.000000000000000000 ) ) ;
#582 = CARTESIAN_POINT ( 'NONE',  ( -0.2859156433210681136, 0.03800451762590591198, 0.5590551181102362266 ) ) ;
#583 = DIRECTION ( 'NONE',  ( 0.000000000000000000, -1.000000000000000000, 0.000000000000000000 ) ) ;
#584 = EDGE_CURVE ( 'NONE', #1257, #2147, #4884, .T. ) ;
#585 = ORIENTED_EDGE ( 'NONE', *, *, #2961, .T. ) ;
#586 = DIRECTION ( 'NONE',  ( 0.000000000000000000, 0.000000000000000000, 1.000000000000000000 ) ) ;
#587 = EDGE_CURVE ( 'NONE', #33, #635, #1638, .T. ) ;
#588 = DIRECTION ( 'NONE',  ( 1.000000000000000000, 0.000000000000000000, 0.000000000000000000 ) ) ;
#589 = CARTESIAN_POINT ( 'NONE',  ( -10.61693583818035336, 10.22217431878437033, 0.7952755905511811330 ) ) ;
#590 = DIRECTION ( 'NONE',  ( -1.000000000000000000, -1.850371707708800053E-13, 0.000000000000000000 ) ) ;
#591 = DIRECTION ( 'NONE',  ( 0.000000000000000000, 1.000000000000000000, 0.000000000000000000 ) ) ;
#592 = ORIENTED_EDGE ( 'NONE', *, *, #1670, .T. ) ;
#593 = ORIENTED_EDGE ( 'NONE', *, *, #166, .T. ) ;
#594 = ORIENTED_EDGE ( 'NONE', *, *, #5388, .T. ) ;
#595 = CARTESIAN_POINT ( 'NONE',  ( 0.1786512858127917436, 0.07343758849204802541, 0.6614173228346458266 ) ) ;
#596 = CARTESIAN_POINT ( 'NONE',  ( -0.3111124937147940472, 0.1699336514841340851, 0.7775590551181102983 ) ) ;
#597 = ORIENTED_EDGE ( 'NONE', *, *, #833, .F. ) ;
#598 = CARTESIAN_POINT ( 'NONE',  ( 0.09203711258444587096, -26.00086416922701460, 0.7952755905511811330 ) ) ;
#599 = ORIENTED_EDGE ( 'NONE', *, *, #4661, .T. ) ;
#600 = EDGE_LOOP ( 'NONE', ( #107, #3199, #4339, #5815 ) ) ;
#601 = DIRECTION ( 'NONE',  ( 1.000000000000000000, 0.000000000000000000, 0.000000000000000000 ) ) ;
#602 = FACE_OUTER_BOUND ( 'NONE', #456, .T. ) ;
#603 = CARTESIAN_POINT ( 'NONE',  ( 0.04085601022221181655, 0.1549336514841702650, 0.7952755905511811330 ) ) ;
#604 = DIRECTION ( 'NONE',  ( 0.000000000000000000, 0.000000000000000000, 1.000000000000000000 ) ) ;
#605 = VECTOR ( 'NONE', #5778, 39.37007874015748143 ) ;
#606 = ORIENTED_EDGE ( 'NONE', *, *, #2498, .F. ) ;
#607 = EDGE_CURVE ( 'NONE', #5055, #5890, #650, .T. ) ;
#608 = ADVANCED_FACE ( 'NONE', ( #4449, #5842 ), #5379, .F. ) ;
#609 = VECTOR ( 'NONE', #3335, 39.37007874015748143 ) ;
#610 = PLANE ( 'NONE',  #1443 ) ;
#611 = ORIENTED_EDGE ( 'NONE', *, *, #2837, .F. ) ;
#612 = PLANE ( 'NONE',  #1751 ) ;
#613 = EDGE_CURVE ( 'NONE', #3496, #5707, #872, .T. ) ;
#614 = CARTESIAN_POINT ( 'NONE',  ( 0.1117221519544875918, -26.10134632421826950, 0.5433070866141732624 ) ) ;
#615 = DIRECTION ( 'NONE',  ( 0.000000000000000000, 4.336808689942495786E-15, -1.000000000000000000 ) ) ;
#616 = CARTESIAN_POINT ( 'NONE',  ( -0.3095376905651948674, -0.08522382883079014648, 0.7952755905511811330 ) ) ;
#617 = LINE ( 'NONE', #1171, #2802 ) ;
#618 = ORIENTED_EDGE ( 'NONE', *, *, #5121, .T. ) ;
#619 = EDGE_CURVE ( 'NONE', #415, #1928, #1698, .T. ) ;
#620 = ORIENTED_EDGE ( 'NONE', *, *, #2382, .T. ) ;
#621 = ORIENTED_EDGE ( 'NONE', *, *, #5980, .F. ) ;
#622 = CARTESIAN_POINT ( 'NONE',  ( 0.01723396297811121899, 0.1549336514841702650, 0.7952755905511811330 ) ) ;
#623 = EDGE_CURVE ( 'NONE', #5481, #5912, #4639, .T. ) ;
#624 = LENGTH_MEASURE_WITH_UNIT ( LENGTH_MEASURE( 0.02539999999999999897 ), #4861 );
#625 = FACE_OUTER_BOUND ( 'NONE', #3654, .T. ) ;
#626 = ORIENTED_EDGE ( 'NONE', *, *, #2639, .T. ) ;
#627 = DIRECTION ( 'NONE',  ( 1.000000000000000000, 0.000000000000000000, 0.000000000000000000 ) ) ;
#628 = ORIENTED_EDGE ( 'NONE', *, *, #1439, .F. ) ;
#629 = CARTESIAN_POINT ( 'NONE',  ( -46.76888308971299324, -0.001365561114251630020, 0.7795275590551181688 ) ) ;
#630 = VECTOR ( 'NONE', #1547, 39.37007874015748143 ) ;
#631 = CARTESIAN_POINT ( 'NONE',  ( 0.1117221519544875918, 0.002571446759763685360, 0.7952755905511811330 ) ) ;
#632 = CARTESIAN_POINT ( 'NONE',  ( -46.94045648118299141, 0.03800451762590591198, 0.7952755905511811330 ) ) ;
#633 = CARTESIAN_POINT ( 'NONE',  ( -0.1717424149746065165, 0.03800451762590591198, 0.5590551181102362266 ) ) ;
#634 = VECTOR ( 'NONE', #1413, 39.37007874015748143 ) ;
#635 = VERTEX_POINT ( 'NONE', #407 ) ;
#636 = AXIS2_PLACEMENT_3D ( 'NONE', #2425, #2487, #135 ) ;
#637 = PRESENTATION_LAYER_ASSIGNMENT (  '', '', ( #5179 ) ) ;
#638 = DIRECTION ( 'NONE',  ( 0.000000000000000000, 0.000000000000000000, -1.000000000000000000 ) ) ;
#639 = CARTESIAN_POINT ( 'NONE',  ( -0.2071754858407791333, 0.1699336514841340851, 0.7283464566929134243 ) ) ;
#640 = DIRECTION ( 'NONE',  ( 1.000000000000000000, 0.000000000000000000, 0.000000000000000000 ) ) ;
#641 = EDGE_CURVE ( 'NONE', #3602, #4336, #4175, .T. ) ;
#642 = VECTOR ( 'NONE', #5266, 39.37007874015748143 ) ;
#643 = VERTEX_POINT ( 'NONE', #2289 ) ;
#644 = FACE_OUTER_BOUND ( 'NONE', #2562, .T. ) ;
#645 = CARTESIAN_POINT ( 'NONE',  ( -0.2859156433211031412, -26.10134632421826950, 0.5433070866141732624 ) ) ;
#646 = VECTOR ( 'NONE', #3433, 39.37007874015748143 ) ;
#647 = FACE_OUTER_BOUND ( 'NONE', #727, .T. ) ;
#648 = VECTOR ( 'NONE', #2798, 39.37007874015748143 ) ;
#649 = CARTESIAN_POINT ( 'NONE',  ( 0.1491237267576722703, -26.00086416922701460, 0.6614173228346458266 ) ) ;
#650 = LINE ( 'NONE', #4421, #2997 ) ;
#651 = EDGE_LOOP ( 'NONE', ( #5431, #626, #3378, #3658 ) ) ;
#652 = ADVANCED_FACE ( 'NONE', ( #5510 ), #1826, .T. ) ;
#653 = DIRECTION ( 'NONE',  ( 1.000000000000000000, 0.000000000000000000, 0.000000000000000000 ) ) ;
#654 = EDGE_CURVE ( 'NONE', #3801, #1852, #2667, .T. ) ;
#655 = ORIENTED_EDGE ( 'NONE', *, *, #5649, .T. ) ;
#656 = ORIENTED_EDGE ( 'NONE', *, *, #1872, .F. ) ;
#657 = AXIS2_PLACEMENT_3D ( 'NONE', #5186, #2317, #957 ) ;
#658 = CARTESIAN_POINT ( 'NONE',  ( -0.3095376905651948674, -0.08522382883079014648, 0.5590551181102362266 ) ) ;
#659 = EDGE_CURVE ( 'NONE', #1555, #272, #5013, .T. ) ;
#660 = DIRECTION ( 'NONE',  ( 0.000000000000000000, 0.000000000000000000, -1.000000000000000000 ) ) ;
#661 = AXIS2_PLACEMENT_3D ( 'NONE', #874, #1861, #4550 ) ;
#662 = VERTEX_POINT ( 'NONE', #5602 ) ;
#663 = DIRECTION ( 'NONE',  ( -1.000000000000000000, 0.000000000000000000, 0.000000000000000000 ) ) ;
#664 = EDGE_CURVE ( 'NONE', #5021, #3715, #4518, .T. ) ;
#665 = ORIENTED_EDGE ( 'NONE', *, *, #4998, .F. ) ;
#666 = ORIENTED_EDGE ( 'NONE', *, *, #4957, .F. ) ;
#667 = LINE ( 'NONE', #2948, #1549 ) ;
#668 = FACE_OUTER_BOUND ( 'NONE', #5638, .T. ) ;
#669 = DIRECTION ( 'NONE',  ( -1.000000000000000000, 0.000000000000000000, 0.000000000000000000 ) ) ;
#670 = LINE ( 'NONE', #1160, #1850 ) ;
#671 = ORIENTED_EDGE ( 'NONE', *, *, #851, .T. ) ;
#672 = VERTEX_POINT ( 'NONE', #1269 ) ;
#673 = CARTESIAN_POINT ( 'NONE',  ( -0.3095376905651948674, -0.02892461623236318793, 0.5433070866141732624 ) ) ;
#674 = FACE_OUTER_BOUND ( 'NONE', #1896, .T. ) ;
#675 = EDGE_LOOP ( 'NONE', ( #5325, #137, #5630, #5795 ) ) ;
#676 = PLANE ( 'NONE',  #5995 ) ;
#677 = LINE ( 'NONE', #4045, #5680 ) ;
#678 = FACE_OUTER_BOUND ( 'NONE', #5131, .T. ) ;
#679 = CARTESIAN_POINT ( 'NONE',  ( -46.94045648118299141, -0.02892461623236318793, 0.7952755905511811330 ) ) ;
#680 = ORIENTED_EDGE ( 'NONE', *, *, #2080, .T. ) ;
#681 = ORIENTED_EDGE ( 'NONE', *, *, #4050, .T. ) ;
#682 = VERTEX_POINT ( 'NONE', #776 ) ;
#683 = CARTESIAN_POINT ( 'NONE',  ( 0.09361191573401889121, 0.04788640738964614063, 0.7047244094488188670 ) ) ;
#684 = EDGE_CURVE ( 'NONE', #3029, #1027, #282, .T. ) ;
#685 = EDGE_CURVE ( 'NONE', #4452, #2118, #5934, .T. ) ;
#686 = DIRECTION ( 'NONE',  ( 0.000000000000000000, 0.000000000000000000, -1.000000000000000000 ) ) ;
#687 = ORIENTED_EDGE ( 'NONE', *, *, #2006, .T. ) ;
#688 = LINE ( 'NONE', #5450, #4988 ) ;
#689 = ORIENTED_EDGE ( 'NONE', *, *, #241, .F. ) ;
#690 = ORIENTED_EDGE ( 'NONE', *, *, #3714, .F. ) ;
#691 = DIRECTION ( 'NONE',  ( 1.000000000000000000, 0.000000000000000000, 0.000000000000000000 ) ) ;
#692 = EDGE_CURVE ( 'NONE', #844, #1484, #3244, .T. ) ;
#693 = CARTESIAN_POINT ( 'NONE',  ( -46.94045648118299141, 0.03800451762590591198, 0.5433070866141732624 ) ) ;
#694 = DIRECTION ( 'NONE',  ( -1.000000000000000000, 0.000000000000000000, 0.000000000000000000 ) ) ;
#695 = DIRECTION ( 'NONE',  ( 0.000000000000000000, -1.000000000000000000, 0.000000000000000000 ) ) ;
#696 = LINE ( 'NONE', #791, #4213 ) ;
#697 = ORIENTED_EDGE ( 'NONE', *, *, #2628, .F. ) ;
#698 = EDGE_CURVE ( 'NONE', #2168, #5954, #3681, .T. ) ;
#699 = VERTEX_POINT ( 'NONE', #4078 ) ;
#700 = ADVANCED_FACE ( 'NONE', ( #2638 ), #5965, .T. ) ;
#701 = LINE ( 'NONE', #2594, #1741 ) ;
#702 = PLANE ( 'NONE',  #850 ) ;
#703 = DIRECTION ( 'NONE',  ( 1.000000000000000000, 0.000000000000000000, 0.000000000000000000 ) ) ;
#704 = ORIENTED_EDGE ( 'NONE', *, *, #729, .T. ) ;
#705 = LINE ( 'NONE', #2598, #2042 ) ;
#706 = VECTOR ( 'NONE', #1922, 39.37007874015748143 ) ;
#707 = DIRECTION ( 'NONE',  ( 0.000000000000000000, 1.000000000000000000, 0.000000000000000000 ) ) ;
#708 = CARTESIAN_POINT ( 'NONE',  ( -46.94045648118299141, -26.10134632421826950, 0.5433070866141732624 ) ) ;
#709 = LINE ( 'NONE', #3983, #4777 ) ;
#710 = ORIENTED_EDGE ( 'NONE', *, *, #4818, .T. ) ;
#711 = VERTEX_POINT ( 'NONE', #802 ) ;
#712 = ORIENTED_EDGE ( 'NONE', *, *, #3837, .F. ) ;
#713 = CARTESIAN_POINT ( 'NONE',  ( 0.6884938054977971511, 0.04001239164161551204, 0.7047244094488188670 ) ) ;
#714 = DIRECTION ( 'NONE',  ( -1.000000000000000000, 0.000000000000000000, 0.000000000000000000 ) ) ;
#715 = EDGE_LOOP ( 'NONE', ( #1414, #3529, #5960, #2736 ) ) ;
#716 = DIRECTION ( 'NONE',  ( 0.000000000000000000, 0.000000000000000000, 1.000000000000000000 ) ) ;
#717 = ORIENTED_EDGE ( 'NONE', *, *, #3228, .F. ) ;
#718 = EDGE_CURVE ( 'NONE', #1153, #2255, #4572, .T. ) ;
#719 = ORIENTED_EDGE ( 'NONE', *, *, #2556, .F. ) ;
#720 = DIRECTION ( 'NONE',  ( 0.000000000000000000, 0.000000000000000000, -1.000000000000000000 ) ) ;
#721 = DIRECTION ( 'NONE',  ( -1.000000000000000000, 0.000000000000000000, 0.000000000000000000 ) ) ;
#722 = DIRECTION ( 'NONE',  ( -1.000000000000000000, 0.000000000000000000, 0.000000000000000000 ) ) ;
#723 = CARTESIAN_POINT ( 'NONE',  ( 0.2856953692486562946, -0.1378837100494476609, 0.5433070866141732624 ) ) ;
#724 = CARTESIAN_POINT ( 'NONE',  ( 0.1510922306946494154, -0.02105060048433255934, 0.5433070866141732624 ) ) ;
#725 = EDGE_LOOP ( 'NONE', ( #3583, #5112, #1320, #984 ) ) ;
#726 = EDGE_CURVE ( 'NONE', #2947, #1349, #2226, .T. ) ;
#727 = EDGE_LOOP ( 'NONE', ( #1737, #5127, #1270, #998 ) ) ;
#728 = VECTOR ( 'NONE', #2873, 39.37007874015748143 ) ;
#729 = EDGE_CURVE ( 'NONE', #5808, #3472, #3651, .T. ) ;
#730 = DIRECTION ( 'NONE',  ( 0.000000000000000000, -1.000000000000000000, 0.000000000000000000 ) ) ;
#731 = FACE_OUTER_BOUND ( 'NONE', #715, .T. ) ;
#732 = VECTOR ( 'NONE', #3597, 39.37007874015748143 ) ;
#733 = DIRECTION ( 'NONE',  ( -1.000000000000000000, 0.000000000000000000, 0.000000000000000000 ) ) ;
#734 = ADVANCED_FACE ( 'NONE', ( #3179 ), #6028, .T. ) ;
#735 = ORIENTED_EDGE ( 'NONE', *, *, #882, .F. ) ;
#736 = AXIS2_PLACEMENT_3D ( 'NONE', #4867, #3010, #5827 ) ;
#737 = DIRECTION ( 'NONE',  ( 1.000000000000000000, 0.000000000000000000, 0.000000000000000000 ) ) ;
#738 = VECTOR ( 'NONE', #2496, 39.37007874015748854 ) ;
#739 = PLANE ( 'NONE',  #449 ) ;
#740 = DIRECTION ( 'NONE',  ( 1.000000000000000000, 0.000000000000000000, 0.000000000000000000 ) ) ;
#741 = DIRECTION ( 'NONE',  ( 0.000000000000000000, 0.000000000000000000, 1.000000000000000000 ) ) ;
#742 = VECTOR ( 'NONE', #663, 39.37007874015748143 ) ;
#743 = ORIENTED_EDGE ( 'NONE', *, *, #3041, .F. ) ;
#744 = VECTOR ( 'NONE', #3598, 39.37007874015748143 ) ;
#745 = ORIENTED_EDGE ( 'NONE', *, *, #199, .T. ) ;
#746 = ORIENTED_EDGE ( 'NONE', *, *, #3938, .T. ) ;
#747 = CARTESIAN_POINT ( 'NONE',  ( 0.09203711258444587096, -0.001365561114251630020, 0.7795275590551181688 ) ) ;
#748 = AXIS2_PLACEMENT_3D ( 'NONE', #4333, #4301, #5289 ) ;
#749 = VECTOR ( 'NONE', #21, 39.37007874015748143 ) ;
#750 = CARTESIAN_POINT ( 'NONE',  ( -7.538613755058740651, -34.41492064910763560, 0.7952755905511811330 ) ) ;
#751 = ORIENTED_EDGE ( 'NONE', *, *, #2617, .F. ) ;
#752 = CARTESIAN_POINT ( 'NONE',  ( -0.1126872968644029582, 0.03800451762590591198, 0.7952755905511811330 ) ) ;
#753 = AXIS2_PLACEMENT_3D ( 'NONE', #181, #2065, #3948 ) ;
#754 = ORIENTED_EDGE ( 'NONE', *, *, #5863, .F. ) ;
#755 = VECTOR ( 'NONE', #5552, 39.37007874015748143 ) ;
#756 = VERTEX_POINT ( 'NONE', #3331 ) ;
#757 = CARTESIAN_POINT ( 'NONE',  ( -46.94045648118299141, -0.02105060048433255934, 0.7952755905511811330 ) ) ;
#758 = VECTOR ( 'NONE', #737, 39.37007874015748143 ) ;
#759 = LINE ( 'NONE', #3474, #1031 ) ;
#760 = LINE ( 'NONE', #3046, #3013 ) ;
#761 = LINE ( 'NONE', #2654, #5173 ) ;
#762 = DIRECTION ( 'NONE',  ( 0.000000000000000000, 1.000000000000000000, 0.000000000000000000 ) ) ;
#763 = ORIENTED_EDGE ( 'NONE', *, *, #1679, .T. ) ;
#764 = ORIENTED_EDGE ( 'NONE', *, *, #2852, .F. ) ;
#765 = VECTOR ( 'NONE', #908, 39.37007874015748143 ) ;
#766 = ADVANCED_FACE ( 'NONE', ( #4728 ), #4664, .T. ) ;
#767 = CARTESIAN_POINT ( 'NONE',  ( 0.1451867188836220568, 0.08800451762590570659, 0.7795275590551181688 ) ) ;
#768 = EDGE_CURVE ( 'NONE', #5909, #878, #5689, .T. ) ;
#769 = CARTESIAN_POINT ( 'NONE',  ( 0.3243205771513404945, 0.1719021554211809244, 0.5433070866141732624 ) ) ;
#770 = ADVANCED_FACE ( 'NONE', ( #2866 ), #4204, .T. ) ;
#771 = ORIENTED_EDGE ( 'NONE', *, *, #6061, .T. ) ;
#772 = CARTESIAN_POINT ( 'NONE',  ( -0.3449707614313327064, 0.1876501869172421400, 0.7795275590551181688 ) ) ;
#773 = ADVANCED_FACE ( 'NONE', ( #1953 ), #3769, .T. ) ;
#774 = DIRECTION ( 'NONE',  ( 0.000000000000000000, -1.000000000000000000, 0.000000000000000000 ) ) ;
#775 = DIRECTION ( 'NONE',  ( 0.000000000000000000, 0.000000000000000000, 1.000000000000000000 ) ) ;
#776 = CARTESIAN_POINT ( 'NONE',  ( -0.2642621000139794840, -0.1450663485158281418, 0.6614173228346458266 ) ) ;
#777 = ORIENTED_EDGE ( 'NONE', *, *, #5226, .T. ) ;
#778 = ORIENTED_EDGE ( 'NONE', *, *, #2731, .T. ) ;
#779 = EDGE_CURVE ( 'NONE', #4964, #3414, #2352, .T. ) ;
#780 = VERTEX_POINT ( 'NONE', #5719 ) ;
#781 = LINE ( 'NONE', #436, #3321 ) ;
#782 = LINE ( 'NONE', #1836, #1721 ) ;
#783 = ORIENTED_EDGE ( 'NONE', *, *, #4998, .T. ) ;
#784 = LINE ( 'NONE', #4554, #2030 ) ;
#785 = ORIENTED_EDGE ( 'NONE', *, *, #5950, .T. ) ;
#786 = ORIENTED_EDGE ( 'NONE', *, *, #5613, .T. ) ;
#787 = DIRECTION ( 'NONE',  ( 0.000000000000000000, 0.000000000000000000, -1.000000000000000000 ) ) ;
#788 = CARTESIAN_POINT ( 'NONE',  ( 0.2140843566789381591, 0.03800451762590591198, 0.6988188976377953665 ) ) ;
#789 = LINE ( 'NONE', #3138, #5781 ) ;
#790 = CARTESIAN_POINT ( 'NONE',  ( -0.3111124937147940472, 0.04001239164161551204, 0.7047244094488188670 ) ) ;
#791 = CARTESIAN_POINT ( 'NONE',  ( -0.1323723362344881860, -26.10134632421826950, 0.7952755905511811330 ) ) ;
#792 = ORIENTED_EDGE ( 'NONE', *, *, #1286, .F. ) ;
#793 = ORIENTED_EDGE ( 'NONE', *, *, #1481, .T. ) ;
#794 = CARTESIAN_POINT ( 'NONE',  ( -0.1126872968644029582, -26.10134632421826950, 0.5590551181102362266 ) ) ;
#795 = DIRECTION ( 'NONE',  ( 0.000000000000000000, 0.000000000000000000, -1.000000000000000000 ) ) ;
#796 = ADVANCED_FACE ( 'NONE', ( #1474 ), #521, .T. ) ;
#797 = ADVANCED_FACE ( 'NONE', ( #1859 ), #3357, .F. ) ;
#798 = ORIENTED_EDGE ( 'NONE', *, *, #4515, .T. ) ;
#799 = LINE ( 'NONE', #3579, #3724 ) ;
#800 = FACE_OUTER_BOUND ( 'NONE', #171, .T. ) ;
#801 = FACE_OUTER_BOUND ( 'NONE', #5888, .T. ) ;
#802 = CARTESIAN_POINT ( 'NONE',  ( -0.1717424149746065165, -0.001365561114251630020, 0.7795275590551181688 ) ) ;
#803 = EDGE_LOOP ( 'NONE', ( #2175, #3463, #5589, #4425, #5720, #5028, #1061, #4819, #1650, #5049, #3896, #1243, #5441 ) ) ;
#804 = VECTOR ( 'NONE', #5755, 39.37007874015748143 ) ;
#805 = EDGE_CURVE ( 'NONE', #2488, #672, #981, .T. ) ;
#806 = EDGE_LOOP ( 'NONE', ( #5930, #5467, #3308, #5356 ) ) ;
#807 = DIRECTION ( 'NONE',  ( -1.000000000000000000, 0.000000000000000000, 0.000000000000000000 ) ) ;
#808 = FACE_OUTER_BOUND ( 'NONE', #3142, .T. ) ;
#809 = EDGE_CURVE ( 'NONE', #3414, #3944, #554, .T. ) ;
#810 = DIRECTION ( 'NONE',  ( 1.000000000000000000, 0.000000000000000000, 0.000000000000000000 ) ) ;
#811 = ORIENTED_EDGE ( 'NONE', *, *, #4470, .T. ) ;
#812 = CARTESIAN_POINT ( 'NONE',  ( 0.1510922306946844429, 0.03800451762590591198, 0.7952755905511811330 ) ) ;
#813 = ORIENTED_EDGE ( 'NONE', *, *, #1221, .F. ) ;
#814 = ADVANCED_FACE ( 'NONE', ( #4696 ), #4327, .F. ) ;
#815 = ORIENTED_EDGE ( 'NONE', *, *, #2732, .F. ) ;
#816 = DIRECTION ( 'NONE',  ( -1.000000000000000000, 0.000000000000000000, 0.000000000000000000 ) ) ;
#817 = CARTESIAN_POINT ( 'NONE',  ( 0.02904498660016590489, 0.1270202656573653499, 0.5610236220472440971 ) ) ;
#818 = DIRECTION ( 'NONE',  ( 0.000000000000000000, 0.000000000000000000, -1.000000000000000000 ) ) ;
#819 = VERTEX_POINT ( 'NONE', #91 ) ;
#820 = CARTESIAN_POINT ( 'NONE',  ( -0.3242300936528251798, -0.1249909137387787417, 0.7952755905511811330 ) ) ;
#821 = ORIENTED_EDGE ( 'NONE', *, *, #1024, .T. ) ;
#822 = PRODUCT_DEFINITION_SHAPE ( 'NONE', 'NONE',  #2886 ) ;
#823 = DIRECTION ( 'NONE',  ( 1.000000000000000000, 0.000000000000000000, 0.000000000000000000 ) ) ;
#824 = LINE ( 'NONE', #865, #547 ) ;
#825 = CARTESIAN_POINT ( 'NONE',  ( 0.1510922306946494154, -0.02105060048433255934, 0.7952755905511811330 ) ) ;
#826 = VECTOR ( 'NONE', #3587, 39.37007874015748143 ) ;
#827 = ORIENTED_EDGE ( 'NONE', *, *, #1975, .T. ) ;
#828 = DIRECTION ( 'NONE',  ( 0.000000000000000000, -1.000000000000000000, 0.000000000000000000 ) ) ;
#829 = VECTOR ( 'NONE', #2895, 39.37007874015748143 ) ;
#830 = PLANE ( 'NONE',  #938 ) ;
#831 = CARTESIAN_POINT ( 'NONE',  ( -0.06741170631318739448, -0.001365561114251630020, 0.6771653543307086798 ) ) ;
#832 = CARTESIAN_POINT ( 'NONE',  ( 0.1451867188836220568, 0.08800451762590570659, 0.7952755905511811330 ) ) ;
#833 = EDGE_CURVE ( 'NONE', #566, #4865, #1448, .T. ) ;
#834 = VERTEX_POINT ( 'NONE', #5156 ) ;
#835 = VECTOR ( 'NONE', #5340, 39.37007874015748143 ) ;
#836 = ORIENTED_EDGE ( 'NONE', *, *, #5184, .T. ) ;
#837 = CARTESIAN_POINT ( 'NONE',  ( -10.36307747837279791, 10.56008761252240369, 0.7775590551181102983 ) ) ;
#838 = DIRECTION ( 'NONE',  ( 1.000000000000000000, 0.000000000000000000, 0.000000000000000000 ) ) ;
#839 = AXIS2_PLACEMENT_3D ( 'NONE', #4181, #5200, #3722 ) ;
#841 = EDGE_CURVE ( 'NONE', #3949, #5043, #1979, .T. ) ;
#840 = AXIS2_PLACEMENT_3D ( 'NONE', #2861, #3420, #4282 ) ;
#842 = CARTESIAN_POINT ( 'NONE',  ( -0.2544195803289366342, -0.1450663485158281418, 0.7952755905511811330 ) ) ;
#843 = EDGE_CURVE ( 'NONE', #395, #699, #4193, .T. ) ;
#844 = VERTEX_POINT ( 'NONE', #3388 ) ;
#845 = CARTESIAN_POINT ( 'NONE',  ( 0.01723396297811121899, 0.08800451762590570659, 0.5590551181102362266 ) ) ;
#846 = ORIENTED_EDGE ( 'NONE', *, *, #4397, .F. ) ;
#847 = EDGE_LOOP ( 'NONE', ( #2727, #1285, #2641, #5586 ) ) ;
#848 = VECTOR ( 'NONE', #5964, 39.37007874015748143 ) ;
#849 = CARTESIAN_POINT ( 'NONE',  ( -46.94045648118299141, 0.1549336514841702650, 0.5590551181102362266 ) ) ;
#850 = AXIS2_PLACEMENT_3D ( 'NONE', #1130, #1626, #2595 ) ;
#851 = EDGE_CURVE ( 'NONE', #5808, #468, #898, .T. ) ;
#852 = UNCERTAINTY_MEASURE_WITH_UNIT (LENGTH_MEASURE( 1.000000000000000082E-05 ), #3439, 'distance_accuracy_value', 'NONE');
#853 = DIRECTION ( 'NONE',  ( -1.000000000000000000, 0.000000000000000000, 0.000000000000000000 ) ) ;
#854 = ADVANCED_FACE ( 'NONE', ( #3269 ), #922, .T. ) ;
#855 = LINE ( 'NONE', #1810, #1936 ) ;
#856 = VECTOR ( 'NONE', #5033, 39.37007874015748143 ) ;
#857 = CARTESIAN_POINT ( 'NONE',  ( -0.2859156433211031412, 0.03800451762590591198, 0.5590551181102362266 ) ) ;
#858 = ORIENTED_EDGE ( 'NONE', *, *, #3857, .F. ) ;
#859 = AXIS2_PLACEMENT_3D ( 'NONE', #1762, #3642, #1287 ) ;
#860 = DIRECTION ( 'NONE',  ( 0.000000000000000000, -1.000000000000000000, 0.000000000000000000 ) ) ;
#861 = ORIENTED_EDGE ( 'NONE', *, *, #166, .F. ) ;
#862 = VERTEX_POINT ( 'NONE', #5952 ) ;
#863 = VECTOR ( 'NONE', #3716, 39.37007874015748143 ) ;
#864 = LINE ( 'NONE', #1380, #2428 ) ;
#865 = CARTESIAN_POINT ( 'NONE',  ( 0.2140843566789381591, 0.03800451762590591198, 0.6988188976377953665 ) ) ;
#866 = LINE ( 'NONE', #2661, #1498 ) ;
#867 = AXIS2_PLACEMENT_3D ( 'NONE', #1003, #5737, #4902 ) ;
#868 = VERTEX_POINT ( 'NONE', #2182 ) ;
#869 = LINE ( 'NONE', #5035, #1051 ) ;
#870 = CARTESIAN_POINT ( 'NONE',  ( -46.94045648118299141, 0.002571446759763685360, 0.5433070866141732624 ) ) ;
#871 = DIRECTION ( 'NONE',  ( 0.000000000000000000, 0.000000000000000000, -1.000000000000000000 ) ) ;
#872 = LINE ( 'NONE', #6056, #2608 ) ;
#873 = ORIENTED_EDGE ( 'NONE', *, *, #4634, .F. ) ;
#874 = CARTESIAN_POINT ( 'NONE',  ( -46.76888308971299324, 0.07343758849204802541, 0.7952755905511811330 ) ) ;
#875 = LINE ( 'NONE', #2294, #1799 ) ;
#876 = ORIENTED_EDGE ( 'NONE', *, *, #3293, .T. ) ;
#877 =( LENGTH_UNIT ( ) NAMED_UNIT ( * ) SI_UNIT ( $, .METRE. ) );
#878 = VERTEX_POINT ( 'NONE', #1754 ) ;
#879 = ORIENTED_EDGE ( 'NONE', *, *, #3942, .F. ) ;
#880 = DIRECTION ( 'NONE',  ( 0.000000000000000000, -1.000000000000000000, 0.000000000000000000 ) ) ;
#881 = EDGE_CURVE ( 'NONE', #2548, #3641, #3542, .T. ) ;
#882 = EDGE_CURVE ( 'NONE', #844, #5754, #2933, .T. ) ;
#883 = PLANE ( 'NONE',  #5800 ) ;
#884 = DIRECTION ( 'NONE',  ( 1.000000000000000000, 0.000000000000000000, 0.000000000000000000 ) ) ;
#885 = FACE_OUTER_BOUND ( 'NONE', #119, .T. ) ;
#886 = ORIENTED_EDGE ( 'NONE', *, *, #5981, .T. ) ;
#887 = PLANE ( 'NONE',  #2524 ) ;
#888 = ORIENTED_EDGE ( 'NONE', *, *, #4085, .T. ) ;
#889 = ORIENTED_EDGE ( 'NONE', *, *, #3328, .T. ) ;
#890 = ADVANCED_FACE ( 'NONE', ( #230 ), #5985, .T. ) ;
#891 = PLANE ( 'NONE',  #1630 ) ;
#892 = LINE ( 'NONE', #1817, #1937 ) ;
#893 = CARTESIAN_POINT ( 'NONE',  ( 0.2652654590411374080, 0.03800451762590591198, 0.5590551181102362266 ) ) ;
#894 = EDGE_CURVE ( 'NONE', #969, #5291, #3599, .T. ) ;
#895 = ORIENTED_EDGE ( 'NONE', *, *, #1327, .F. ) ;
#896 = CARTESIAN_POINT ( 'NONE',  ( -0.1284353283604641738, 0.2860753837675988343, 0.6102362204724409711 ) ) ;
#897 = DIRECTION ( 'NONE',  ( -1.000000000000000000, 0.000000000000000000, 0.000000000000000000 ) ) ;
#898 = LINE ( 'NONE', #1385, #1517 ) ;
#899 = EDGE_LOOP ( 'NONE', ( #754, #5079, #2918, #570 ) ) ;
#900 = CARTESIAN_POINT ( 'NONE',  ( -46.94045648118299141, -0.02892461623236318793, 0.7952755905511811330 ) ) ;
#901 = DIRECTION ( 'NONE',  ( 0.000000000000000000, -1.000000000000000000, 0.000000000000000000 ) ) ;
#902 = DIRECTION ( 'NONE',  ( 0.000000000000000000, 0.000000000000000000, -1.000000000000000000 ) ) ;
#903 = ORIENTED_EDGE ( 'NONE', *, *, #4845, .F. ) ;
#904 = DIRECTION ( 'NONE',  ( 0.000000000000000000, -1.000000000000000000, 0.000000000000000000 ) ) ;
#905 = ORIENTED_EDGE ( 'NONE', *, *, #6052, .T. ) ;
#906 = ORIENTED_EDGE ( 'NONE', *, *, #2251, .T. ) ;
#907 = DIRECTION ( 'NONE',  ( 0.000000000000000000, 0.000000000000000000, -1.000000000000000000 ) ) ;
#908 = DIRECTION ( 'NONE',  ( 0.000000000000000000, 0.000000000000000000, -1.000000000000000000 ) ) ;
#909 = VECTOR ( 'NONE', #4364, 39.37007874015748143 ) ;
#910 = CARTESIAN_POINT ( 'NONE',  ( 0.09203711258441102383, -26.10134632421826950, 0.7952755905511811330 ) ) ;
#911 = VERTEX_POINT ( 'NONE', #4465 ) ;
#912 = DIRECTION ( 'NONE',  ( -1.000000000000000000, 0.000000000000000000, 0.000000000000000000 ) ) ;
#913 = ADVANCED_FACE ( 'NONE', ( #5314 ), #3073, .T. ) ;
#914 = VERTEX_POINT ( 'NONE', #790 ) ;
#915 = CARTESIAN_POINT ( 'NONE',  ( 0.2377064039229948855, -26.10134632421826950, 0.5590551181102362266 ) ) ;
#916 = DIRECTION ( 'NONE',  ( 0.000000000000000000, -1.000000000000000000, 0.000000000000000000 ) ) ;
#917 = EDGE_CURVE ( 'NONE', #2235, #2215, #5026, .T. ) ;
#918 = EDGE_CURVE ( 'NONE', #914, #2488, #761, .T. ) ;
#919 = CARTESIAN_POINT ( 'NONE',  ( 3.517520943451260429, -15.45498776379866257, 0.5433070866141732624 ) ) ;
#920 = AXIS2_PLACEMENT_3D ( 'NONE', #5757, #3374, #4805 ) ;
#921 = CARTESIAN_POINT ( 'NONE',  ( -46.76888308971299324, -26.00086416922701460, 0.7952755905511811330 ) ) ;
#922 = PLANE ( 'NONE',  #1725 ) ;
#923 = EDGE_CURVE ( 'NONE', #1995, #5577, #327, .T. ) ;
#924 = ORIENTED_EDGE ( 'NONE', *, *, #5454, .T. ) ;
#925 = LINE ( 'NONE', #1013, #1445 ) ;
#926 = AXIS2_PLACEMENT_3D ( 'NONE', #5571, #2699, #1742 ) ;
#927 = DIRECTION ( 'NONE',  ( -0.7071067811865475727, 0.7071067811865475727, 0.000000000000000000 ) ) ;
#928 = CARTESIAN_POINT ( 'NONE',  ( 0.2888875062852027664, -0.02892461623236318793, 0.7795275590551181688 ) ) ;
#929 = CARTESIAN_POINT ( 'NONE',  ( 0.09203711258441102383, 0.03800451762590591198, 0.5433070866141732624 ) ) ;
#930 = EDGE_LOOP ( 'NONE', ( #298, #5167, #4666, #4941 ) ) ;
#931 = VECTOR ( 'NONE', #1045, 39.37007874015748854 ) ;
#932 = CARTESIAN_POINT ( 'NONE',  ( -0.3063455535286570552, -0.1378837100495261814, 0.5433070866141732624 ) ) ;
#933 = ORIENTED_EDGE ( 'NONE', *, *, #4693, .T. ) ;
#934 = ORIENTED_EDGE ( 'NONE', *, *, #2953, .F. ) ;
#935 = DIRECTION ( 'NONE',  ( 0.000000000000000000, 0.000000000000000000, -1.000000000000000000 ) ) ;
#936 = CARTESIAN_POINT ( 'NONE',  ( 0.09203711258444587096, -26.00086416922701460, 0.7795275590551181688 ) ) ;
#937 = AXIS2_PLACEMENT_3D ( 'NONE', #5653, #2776, #3790 ) ;
#938 = AXIS2_PLACEMENT_3D ( 'NONE', #492, #2723, #4146 ) ;
#939 = FACE_BOUND ( 'NONE', #2885, .T. ) ;
#940 = CARTESIAN_POINT ( 'NONE',  ( 0.2652654590411023805, -26.10134632421826950, 0.7795275590551181688 ) ) ;
#941 = EDGE_LOOP ( 'NONE', ( #5062, #1987, #4335, #2375 ) ) ;
#942 = CARTESIAN_POINT ( 'NONE',  ( -0.1717424149746065165, 0.03800451762590591198, 0.7795275590551181688 ) ) ;
#943 = ORIENTED_EDGE ( 'NONE', *, *, #5152, .T. ) ;
#944 = CIRCLE ( 'NONE', #4395, 0.009842519685033915972 ) ;
#945 = VECTOR ( 'NONE', #1999, 39.37007874015748143 ) ;
#946 = VERTEX_POINT ( 'NONE', #723 ) ;
#947 = VECTOR ( 'NONE', #4384, 39.37007874015748143 ) ;
#948 = CARTESIAN_POINT ( 'NONE',  ( -0.01032509213999598455, 0.1699336514841340851, 0.7775590551181102983 ) ) ;
#949 = FACE_BOUND ( 'NONE', #4024, .T. ) ;
#950 = CARTESIAN_POINT ( 'NONE',  ( -0.1993014700927137617, 0.03800451762590591198, 0.7952755905511811330 ) ) ;
#951 = ORIENTED_EDGE ( 'NONE', *, *, #1880, .T. ) ;
#952 = AXIS2_PLACEMENT_3D ( 'NONE', #2497, #5866, #115 ) ;
#953 = EDGE_CURVE ( 'NONE', #3778, #5016, #4098, .T. ) ;
#954 = EDGE_CURVE ( 'NONE', #100, #1784, #1686, .T. ) ;
#955 = VECTOR ( 'NONE', #5539, 39.37007874015748854 ) ;
#956 = CARTESIAN_POINT ( 'NONE',  ( -0.2642621000139794840, -0.1450663485158281418, 0.7952755905511811330 ) ) ;
#957 = DIRECTION ( 'NONE',  ( -1.000000000000000000, 0.000000000000000000, 0.000000000000000000 ) ) ;
#958 = CARTESIAN_POINT ( 'NONE',  ( -37.14372631176701134, -36.80795575711105982, 0.7283464566929134243 ) ) ;
#959 = ORIENTED_EDGE ( 'NONE', *, *, #6109, .T. ) ;
#960 = VECTOR ( 'NONE', #1654, 39.37007874015748143 ) ;
#961 = CARTESIAN_POINT ( 'NONE',  ( -0.2091439897777913615, 0.1719021554211809244, 0.7362204724409451284 ) ) ;
#962 = EDGE_CURVE ( 'NONE', #2096, #1551, #4498, .T. ) ;
#963 = CARTESIAN_POINT ( 'NONE',  ( -0.3804038322974441777, 0.03800451762590591198, 0.6771653543307086798 ) ) ;
#964 = FACE_BOUND ( 'NONE', #3292, .T. ) ;
#965 = CARTESIAN_POINT ( 'NONE',  ( -0.002451076391956617286, 0.1270202656573653499, 0.5610236220472440971 ) ) ;
#966 = EDGE_LOOP ( 'NONE', ( #1117, #5157, #3237, #5937 ) ) ;
#967 = ADVANCED_FACE ( 'NONE', ( #2587 ), #4351, .T. ) ;
#968 = ORIENTED_EDGE ( 'NONE', *, *, #5082, .T. ) ;
#969 = VERTEX_POINT ( 'NONE', #3884 ) ;
#970 = DIRECTION ( 'NONE',  ( 0.000000000000000000, 0.000000000000000000, 1.000000000000000000 ) ) ;
#971 = CARTESIAN_POINT ( 'NONE',  ( -0.1461518637935025622, -0.001365561114251630020, 0.6614173228346458266 ) ) ;
#972 = ORIENTED_EDGE ( 'NONE', *, *, #310, .T. ) ;
#973 = CARTESIAN_POINT ( 'NONE',  ( -0.2071754858407791333, -26.51425848898617943, 0.7775590551181102983 ) ) ;
#974 = ORIENTED_EDGE ( 'NONE', *, *, #5037, .F. ) ;
#975 = CARTESIAN_POINT ( 'NONE',  ( -46.94045648118299141, 0.1549336514841702650, 0.7952755905511811330 ) ) ;
#976 = PLANE ( 'NONE',  #840 ) ;
#977 = CARTESIAN_POINT ( 'NONE',  ( -0.2977266669431137824, 0.03800451762590591198, 0.6614173228346458266 ) ) ;
#978 = ORIENTED_EDGE ( 'NONE', *, *, #5068, .T. ) ;
#979 = CARTESIAN_POINT ( 'NONE',  ( -37.18309639050716697, -36.76858567837090419, 0.7283464566929134243 ) ) ;
#980 = CARTESIAN_POINT ( 'NONE',  ( 0.09203711258444587096, -0.001365561114251630020, 0.5433070866141732624 ) ) ;
#981 = LINE ( 'NONE', #2378, #5865 ) ;
#982 = ADVANCED_FACE ( 'NONE', ( #5923 ), #3103, .T. ) ;
#983 = ADVANCED_FACE ( 'NONE', ( #3428 ), #1076, .T. ) ;
#984 = ORIENTED_EDGE ( 'NONE', *, *, #311, .T. ) ;
#985 = DIRECTION ( 'NONE',  ( 1.000000000000000000, 0.000000000000000000, 0.000000000000000000 ) ) ;
#986 = CARTESIAN_POINT ( 'NONE',  ( -0.1087502889903876058, 0.3057604231376799819, 0.7775590551181102983 ) ) ;
#987 = FACE_BOUND ( 'NONE', #291, .T. ) ;
#988 = CARTESIAN_POINT ( 'NONE',  ( -0.2859156433211031412, -0.02892461623236318793, 0.7952755905511811330 ) ) ;
#989 = CARTESIAN_POINT ( 'NONE',  ( 0.1451867188836220568, -26.10134632421826950, 0.5590551181102362266 ) ) ;
#990 = ORIENTED_EDGE ( 'NONE', *, *, #1704, .F. ) ;
#991 = ADVANCED_FACE ( 'NONE', ( #3570 ), #5457, .T. ) ;
#992 = ORIENTED_EDGE ( 'NONE', *, *, #5950, .F. ) ;
#993 = VERTEX_POINT ( 'NONE', #5983 ) ;
#994 = LINE ( 'NONE', #622, #4851 ) ;
#995 = CARTESIAN_POINT ( 'NONE',  ( -10.61693583818035336, 10.22217431878437033, 0.7795275590551181688 ) ) ;
#996 = EDGE_CURVE ( 'NONE', #487, #100, #2846, .T. ) ;
#997 = DIRECTION ( 'NONE',  ( 0.000000000000000000, 0.000000000000000000, -1.000000000000000000 ) ) ;
#998 = ORIENTED_EDGE ( 'NONE', *, *, #2170, .F. ) ;
#999 = CARTESIAN_POINT ( 'NONE',  ( 0.1097536480174842732, 0.08800451762590570659, 0.7952755905511811330 ) ) ;
#1000 = ADVANCED_FACE ( 'NONE', ( #498 ), #5697, .T. ) ;
#1001 = ORIENTED_EDGE ( 'NONE', *, *, #5716, .T. ) ;
#1002 = VECTOR ( 'NONE', #2899, 39.37007874015748143 ) ;
#1003 = CARTESIAN_POINT ( 'NONE',  ( 0.1510922306946494154, -26.10134632421826950, 0.7952755905511811330 ) ) ;
#1004 = DIRECTION ( 'NONE',  ( 0.000000000000000000, 0.000000000000000000, 1.000000000000000000 ) ) ;
#1005 = DIRECTION ( 'NONE',  ( 1.000000000000000000, 0.000000000000000000, 0.000000000000000000 ) ) ;
#1006 = VECTOR ( 'NONE', #5958, 39.37007874015748143 ) ;
#1007 = CARTESIAN_POINT ( 'NONE',  ( -46.76888308971299324, -26.00086416922701460, 0.7795275590551181688 ) ) ;
#1008 = ORIENTED_EDGE ( 'NONE', *, *, #241, .T. ) ;
#1009 = DIRECTION ( 'NONE',  ( 0.000000000000000000, 1.000000000000000000, 0.000000000000000000 ) ) ;
#1010 = CARTESIAN_POINT ( 'NONE',  ( 0.2888875062852027664, -0.02892461623236318793, 0.5590551181102362266 ) ) ;
#1011 = DIRECTION ( 'NONE',  ( 0.000000000000000000, 1.000000000000000000, 0.000000000000000000 ) ) ;
#1012 = ORIENTED_EDGE ( 'NONE', *, *, #463, .F. ) ;
#1013 = CARTESIAN_POINT ( 'NONE',  ( -0.3804038322974441777, 0.03800451762590591198, 0.6771653543307086798 ) ) ;
#1014 = DIRECTION ( 'NONE',  ( 1.000000000000000000, 0.000000000000000000, 0.000000000000000000 ) ) ;
#1015 = VECTOR ( 'NONE', #4055, 39.37007874015748143 ) ;
#1016 = FACE_OUTER_BOUND ( 'NONE', #5918, .T. ) ;
#1017 = DIRECTION ( 'NONE',  ( -1.000000000000000000, 0.000000000000000000, 0.000000000000000000 ) ) ;
#1018 = DIRECTION ( 'NONE',  ( 0.000000000000000000, 0.000000000000000000, -1.000000000000000000 ) ) ;
#1019 = VERTEX_POINT ( 'NONE', #1454 ) ;
#1020 = ORIENTED_EDGE ( 'NONE', *, *, #5867, .F. ) ;
#1021 = VECTOR ( 'NONE', #1054, 39.37007874015748143 ) ;
#1022 = ORIENTED_EDGE ( 'NONE', *, *, #2910, .F. ) ;
#1023 = DIRECTION ( 'NONE',  ( 1.000000000000000000, 0.000000000000000000, 0.000000000000000000 ) ) ;
#1024 = EDGE_CURVE ( 'NONE', #3880, #3715, #4214, .T. ) ;
#1025 = EDGE_CURVE ( 'NONE', #4747, #682, #5949, .T. ) ;
#1026 = VECTOR ( 'NONE', #5130, 39.37007874015748143 ) ;
#1027 = VERTEX_POINT ( 'NONE', #928 ) ;
#1028 = CARTESIAN_POINT ( 'NONE',  ( -0.04772666694311086116, -0.1450663485158281418, 0.6771653543307086798 ) ) ;
#1029 = ADVANCED_FACE ( 'NONE', ( #6095 ), #5489, .T. ) ;
#1030 = EDGE_LOOP ( 'NONE', ( #3578, #3742, #5966, #3660 ) ) ;
#1031 = VECTOR ( 'NONE', #2029, 39.37007874015748143 ) ;
#1032 = AXIS2_PLACEMENT_3D ( 'NONE', #4072, #1691, #3114 ) ;
#1033 = CARTESIAN_POINT ( 'NONE',  ( -46.76888308971299324, 0.03800451762590591198, 0.5433070866141732624 ) ) ;
#1034 = EDGE_CURVE ( 'NONE', #28, #3545, #1418, .T. ) ;
#1035 = CARTESIAN_POINT ( 'NONE',  ( -36.33384573514259586, -36.70795707025862242, 0.7952755905511811330 ) ) ;
#1036 = VECTOR ( 'NONE', #2974, 39.37007874015748143 ) ;
#1037 = LINE ( 'NONE', #3851, #3111 ) ;
#1038 = VECTOR ( 'NONE', #1909, 39.37007874015748143 ) ;
#1039 = CARTESIAN_POINT ( 'NONE',  ( 0.1510922306946494154, -26.10134632421826950, 0.7952755905511811330 ) ) ;
#1040 = ORIENTED_EDGE ( 'NONE', *, *, #2771, .F. ) ;
#1041 = VECTOR ( 'NONE', #5378, 39.37007874015748143 ) ;
#1042 = VECTOR ( 'NONE', #4471, 39.37007874015748143 ) ;
#1043 = LINE ( 'NONE', #5278, #2808 ) ;
#1044 = DIRECTION ( 'NONE',  ( 1.000000000000000000, 0.000000000000000000, 0.000000000000000000 ) ) ;
#1045 = DIRECTION ( 'NONE',  ( -0.2064491695654584458, -0.9784573268087537468, 0.000000000000000000 ) ) ;
#1046 = VECTOR ( 'NONE', #5530, 39.37007874015748143 ) ;
#1047 = VECTOR ( 'NONE', #4781, 39.37007874015748143 ) ;
#1048 = ORIENTED_EDGE ( 'NONE', *, *, #4137, .T. ) ;
#1049 = CARTESIAN_POINT ( 'NONE',  ( -0.06741170631318739448, -0.001365561114251630020, 0.7952755905511811330 ) ) ;
#1050 = PLANE ( 'NONE',  #5246 ) ;
#1051 = VECTOR ( 'NONE', #1729, 39.37007874015748143 ) ;
#1052 = CARTESIAN_POINT ( 'NONE',  ( 0.01723396297811121899, -26.10134632421826950, 0.7795275590551181688 ) ) ;
#1053 = CARTESIAN_POINT ( 'NONE',  ( -0.1205613126124072954, -26.00086416922701460, 0.7952755905511811330 ) ) ;
#1054 = DIRECTION ( 'NONE',  ( 0.000000000000000000, -1.000000000000000000, 0.000000000000000000 ) ) ;
#1055 = ORIENTED_EDGE ( 'NONE', *, *, #4328, .T. ) ;
#1056 = VECTOR ( 'NONE', #1212, 39.37007874015748854 ) ;
#1057 = EDGE_LOOP ( 'NONE', ( #2940, #2762, #3666, #3075 ) ) ;
#1058 = ORIENTED_EDGE ( 'NONE', *, *, #3792, .T. ) ;
#1059 = CARTESIAN_POINT ( 'NONE',  ( -0.1126872968644029582, 0.002571446759763685360, 0.5590551181102362266 ) ) ;
#1060 = DIRECTION ( 'NONE',  ( 1.000000000000000000, 0.000000000000000000, 0.000000000000000000 ) ) ;
#1061 = ORIENTED_EDGE ( 'NONE', *, *, #3116, .F. ) ;
#1062 = VERTEX_POINT ( 'NONE', #2209 ) ;
#1063 = LINE ( 'NONE', #4897, #3704 ) ;
#1064 = EDGE_CURVE ( 'NONE', #4964, #6030, #325, .T. ) ;
#1065 = ADVANCED_FACE ( 'NONE', ( #964, #987, #1280, #5024 ), #4530, .F. ) ;
#1066 = VERTEX_POINT ( 'NONE', #788 ) ;
#1067 = DIRECTION ( 'NONE',  ( 1.000000000000000000, 0.000000000000000000, 0.000000000000000000 ) ) ;
#1068 = CARTESIAN_POINT ( 'NONE',  ( 0.1786512858127917436, 0.03800451762590591198, 0.7952755905511811330 ) ) ;
#1069 = CARTESIAN_POINT ( 'NONE',  ( 0.04085601022221181655, -26.10134632421826950, 0.5590551181102362266 ) ) ;
#1070 = CARTESIAN_POINT ( 'NONE',  ( 0.2888875062852027664, -0.08522382883079014648, 0.7795275590551181688 ) ) ;
#1071 = EDGE_CURVE ( 'NONE', #2063, #1271, #1714, .T. ) ;
#1072 = EDGE_LOOP ( 'NONE', ( #349, #2431, #1947, #2671 ) ) ;
#1073 = EDGE_CURVE ( 'NONE', #235, #1613, #3773, .T. ) ;
#1074 = LINE ( 'NONE', #2984, #4288 ) ;
#1075 = DIRECTION ( 'NONE',  ( 0.000000000000000000, 0.000000000000000000, -1.000000000000000000 ) ) ;
#1076 = CYLINDRICAL_SURFACE ( 'NONE', #3495, 0.02204724409448401146 ) ;
#1077 = EDGE_LOOP ( 'NONE', ( #1533, #3349, #2819, #4809 ) ) ;
#1078 = FACE_OUTER_BOUND ( 'NONE', #941, .T. ) ;
#1079 = CARTESIAN_POINT ( 'NONE',  ( -0.2445770606439027772, -0.001365561114251630020, 0.6771653543307086798 ) ) ;
#1080 = DIRECTION ( 'NONE',  ( 0.000000000000000000, 0.000000000000000000, 1.000000000000000000 ) ) ;
#1081 = DIRECTION ( 'NONE',  ( 0.000000000000000000, 0.000000000000000000, -1.000000000000000000 ) ) ;
#1082 = DIRECTION ( 'NONE',  ( 0.000000000000000000, -1.000000000000000000, 0.000000000000000000 ) ) ;
#1083 = VERTEX_POINT ( 'NONE', #4096 ) ;
#1084 = CARTESIAN_POINT ( 'NONE',  ( -0.1658369031635877899, -26.00086416922701460, 0.6771653543307086798 ) ) ;
#1085 = ORIENTED_EDGE ( 'NONE', *, *, #2124, .F. ) ;
#1086 = ORIENTED_EDGE ( 'NONE', *, *, #474, .T. ) ;
#1087 = CARTESIAN_POINT ( 'NONE',  ( -0.3111124937147940472, 0.04788640738964614063, 0.6338582677165355284 ) ) ;
#1088 = CARTESIAN_POINT ( 'NONE',  ( 0.09991112833247657588, -26.00086416922701460, 0.6771653543307086798 ) ) ;
#1089 = CARTESIAN_POINT ( 'NONE',  ( 0.2652654590411023805, -0.02892461623236318793, 0.5590551181102362266 ) ) ;
#1090 = ORIENTED_EDGE ( 'NONE', *, *, #3863, .T. ) ;
#1091 = LINE ( 'NONE', #4864, #5182 ) ;
#1092 = EDGE_LOOP ( 'NONE', ( #621, #2361, #2014, #4899 ) ) ;
#1093 = CARTESIAN_POINT ( 'NONE',  ( -0.1126872968643679029, 0.03800451762590591198, 0.5590551181102362266 ) ) ;
#1094 = CARTESIAN_POINT ( 'NONE',  ( -0.3804038322974441777, -0.001365561114251630020, 0.6614173228346458266 ) ) ;
#1095 = EDGE_CURVE ( 'NONE', #3168, #2168, #1863, .T. ) ;
#1096 = CARTESIAN_POINT ( 'NONE',  ( 0.3035799093721252007, -0.1249909137377952922, 0.5590551181102362266 ) ) ;
#1097 = CARTESIAN_POINT ( 'NONE',  ( 0.1097536480174842732, 0.1549336514841702650, 0.7952755905511811330 ) ) ;
#1098 = VECTOR ( 'NONE', #2390, 39.37007874015748143 ) ;
#1099 = ORIENTED_EDGE ( 'NONE', *, *, #1439, .T. ) ;
#1100 = EDGE_CURVE ( 'NONE', #4491, #4520, #5053, .T. ) ;
#1101 = DIRECTION ( 'NONE',  ( -0.7071067811864688579, 0.7071067811866259545, 0.000000000000000000 ) ) ;
#1102 = ADVANCED_FACE ( 'NONE', ( #4669 ), #439, .T. ) ;
#1103 = CARTESIAN_POINT ( 'NONE',  ( -46.94045648118299141, 0.002571446759763685360, 0.7952755905511811330 ) ) ;
#1104 = DIRECTION ( 'NONE',  ( -1.000000000000000000, 0.000000000000000000, 0.000000000000000000 ) ) ;
#1105 = EDGE_CURVE ( 'NONE', #1019, #5449, #1389, .T. ) ;
#1106 = ORIENTED_EDGE ( 'NONE', *, *, #587, .F. ) ;
#1107 = FACE_OUTER_BOUND ( 'NONE', #1307, .T. ) ;
#1108 = DIRECTION ( 'NONE',  ( 1.000000000000000000, 0.000000000000000000, 0.000000000000000000 ) ) ;
#1109 = LINE ( 'NONE', #2870, #2898 ) ;
#1110 = CARTESIAN_POINT ( 'NONE',  ( 0.02904498660016590489, 0.1270202656573653499, 0.5610236220472440971 ) ) ;
#1111 = LINE ( 'NONE', #4945, #2312 ) ;
#1112 = VERTEX_POINT ( 'NONE', #2 ) ;
#1113 = ORIENTED_EDGE ( 'NONE', *, *, #2324, .T. ) ;
#1114 = EDGE_LOOP ( 'NONE', ( #4937, #2190, #3971, #2793, #2810, #4277, #1673, #4392, #1375, #2267, #5659, #763, #5258 ) ) ;
#1115 = DIRECTION ( 'NONE',  ( -1.000000000000000000, 0.000000000000000000, 0.000000000000000000 ) ) ;
#1116 = FACE_BOUND ( 'NONE', #1458, .T. ) ;
#1117 = ORIENTED_EDGE ( 'NONE', *, *, #3976, .F. ) ;
#1118 = VECTOR ( 'NONE', #997, 39.37007874015748143 ) ;
#1119 = DIRECTION ( 'NONE',  ( 1.000000000000000000, 0.000000000000000000, 0.000000000000000000 ) ) ;
#1120 = EDGE_LOOP ( 'NONE', ( #2555, #3957, #5762, #3843 ) ) ;
#1121 = DIRECTION ( 'NONE',  ( -1.000000000000000000, 0.000000000000000000, 0.000000000000000000 ) ) ;
#1122 = AXIS2_PLACEMENT_3D ( 'NONE', #4579, #3157, #810 ) ;
#1123 = LINE ( 'NONE', #1213, #3895 ) ;
#1124 = LINE ( 'NONE', #4933, #4201 ) ;
#1125 = DIRECTION ( 'NONE',  ( 1.000000000000000000, 0.000000000000000000, 0.000000000000000000 ) ) ;
#1126 = AXIS2_PLACEMENT_3D ( 'NONE', #5197, #5521, #2815 ) ;
#1127 = EDGE_LOOP ( 'NONE', ( #1621, #222, #594, #5171 ) ) ;
#1128 = AXIS2_PLACEMENT_3D ( 'NONE', #2915, #2023, #2884 ) ;
#1129 = CARTESIAN_POINT ( 'NONE',  ( -46.94045648118299141, 0.1549336514841702650, 0.7952755905511811330 ) ) ;
#1130 = CARTESIAN_POINT ( 'NONE',  ( 0.1294386873875956745, -26.00086416922701460, 0.7952755905511811330 ) ) ;
#1131 = LINE ( 'NONE', #3052, #2232 ) ;
#1132 =( GEOMETRIC_REPRESENTATION_CONTEXT ( 3 ) GLOBAL_UNCERTAINTY_ASSIGNED_CONTEXT ( ( #356 ) ) GLOBAL_UNIT_ASSIGNED_CONTEXT ( ( #1838, #5230, #5323 ) ) REPRESENTATION_CONTEXT ( 'NONE', 'WORKASPACE' ) );
#1134 = ADVANCED_FACE ( 'NONE', ( #1892 ), #4299, .T. ) ;
#1133 = MECHANICAL_DESIGN_GEOMETRIC_PRESENTATION_REPRESENTATION (  '', ( #4396 ), #1736 ) ;
#1135 = EDGE_CURVE ( 'NONE', #862, #643, #2011, .T. ) ;
#1136 = ORIENTED_EDGE ( 'NONE', *, *, #4810, .F. ) ;
#1137 = PLANE ( 'NONE',  #2440 ) ;
#1138 = VECTOR ( 'NONE', #5807, 39.37007874015748143 ) ;
#1139 = CARTESIAN_POINT ( 'NONE',  ( -0.3213487141872058972, -26.00086416922701460, 0.7952755905511811330 ) ) ;
#1140 = VECTOR ( 'NONE', #1251, 39.37007874015748143 ) ;
#1141 = DIRECTION ( 'NONE',  ( 0.000000000000000000, 1.000000000000000000, 0.000000000000000000 ) ) ;
#1142 = CARTESIAN_POINT ( 'NONE',  ( 0.1884938054977992050, 0.1719021554211809244, 0.6023622047244094890 ) ) ;
#1143 = VERTEX_POINT ( 'NONE', #5748 ) ;
#1144 = DIRECTION ( 'NONE',  ( 0.000000000000000000, 0.000000000000000000, -1.000000000000000000 ) ) ;
#1145 = VERTEX_POINT ( 'NONE', #69 ) ;
#1146 = EDGE_CURVE ( 'NONE', #161, #4, #2043, .T. ) ;
#1147 = EDGE_LOOP ( 'NONE', ( #3223, #689, #3793, #3006 ) ) ;
#1148 = AXIS2_PLACEMENT_3D ( 'NONE', #5063, #4075, #3208 ) ;
#1149 = CARTESIAN_POINT ( 'NONE',  ( -0.3111124937147940472, 0.04001239164161551204, 0.7047244094488188670 ) ) ;
#1150 = PLANE ( 'NONE',  #5265 ) ;
#1151 = ADVANCED_FACE ( 'NONE', ( #185 ), #5287, .F. ) ;
#1152 = VECTOR ( 'NONE', #4033, 39.37007874015748143 ) ;
#1153 = VERTEX_POINT ( 'NONE', #3951 ) ;
#1154 = CARTESIAN_POINT ( 'NONE',  ( -0.3095376905651948674, -0.02892461623236318793, 0.5590551181102362266 ) ) ;
#1155 = EDGE_LOOP ( 'NONE', ( #529, #5943, #4525, #5751 ) ) ;
#1156 = VERTEX_POINT ( 'NONE', #5811 ) ;
#1157 = CARTESIAN_POINT ( 'NONE',  ( 0.01723396297811121899, 0.08800451762590570659, 0.7952755905511811330 ) ) ;
#1158 = DIRECTION ( 'NONE',  ( 0.000000000000000000, 1.000000000000000000, 0.000000000000000000 ) ) ;
#1159 = CARTESIAN_POINT ( 'NONE',  ( -0.01032509213999598455, 0.2860753837675988343, 0.6102362204724409711 ) ) ;
#1160 = CARTESIAN_POINT ( 'NONE',  ( 0.2888875062852027664, -0.08522382883079014648, 0.7952755905511811330 ) ) ;
#1161 = VERTEX_POINT ( 'NONE', #1571 ) ;
#1162 = ORIENTED_EDGE ( 'NONE', *, *, #3262, .T. ) ;
#1163 = LINE ( 'NONE', #275, #6080 ) ;
#1164 = DIRECTION ( 'NONE',  ( 0.000000000000000000, -1.000000000000000000, 0.000000000000000000 ) ) ;
#1165 = DIRECTION ( 'NONE',  ( 0.000000000000000000, 0.000000000000000000, -1.000000000000000000 ) ) ;
#1166 = VERTEX_POINT ( 'NONE', #1984 ) ;
#1167 = CARTESIAN_POINT ( 'NONE',  ( 0.09203711258444587096, -0.001365561114251630020, 0.5590551181102362266 ) ) ;
#1168 = FACE_OUTER_BOUND ( 'NONE', #5338, .T. ) ;
#1169 = EDGE_CURVE ( 'NONE', #2096, #206, #1109, .T. ) ;
#1170 = LINE ( 'NONE', #616, #5685 ) ;
#1171 = CARTESIAN_POINT ( 'NONE',  ( -46.76888308971299324, -0.001365561114251630020, 0.7952755905511811330 ) ) ;
#1172 = EDGE_CURVE ( 'NONE', #1083, #1258, #3489, .T. ) ;
#1173 = VERTEX_POINT ( 'NONE', #1958 ) ;
#1174 = ORIENTED_EDGE ( 'NONE', *, *, #5082, .F. ) ;
#1175 = EDGE_LOOP ( 'NONE', ( #4323, #5169, #4445, #2419 ) ) ;
#1176 = FACE_OUTER_BOUND ( 'NONE', #162, .T. ) ;
#1177 = CARTESIAN_POINT ( 'NONE',  ( 0.09361191573401889121, 0.1699336514841340851, 0.7775590551181102983 ) ) ;
#1178 = EDGE_CURVE ( 'NONE', #3758, #5299, #3459, .T. ) ;
#1179 = ORIENTED_EDGE ( 'NONE', *, *, #607, .T. ) ;
#1180 = CARTESIAN_POINT ( 'NONE',  ( -10.40244755711295355, 10.52071753378224628, 0.6102362204724409711 ) ) ;
#1181 = ORIENTED_EDGE ( 'NONE', *, *, #1795, .T. ) ;
#1182 = ORIENTED_EDGE ( 'NONE', *, *, #3521, .F. ) ;
#1183 = ADVANCED_FACE ( 'NONE', ( #647 ), #2539, .T. ) ;
#1184 = LINE ( 'NONE', #226, #1152 ) ;
#1185 = LINE ( 'NONE', #950, #5177 ) ;
#1186 = EDGE_CURVE ( 'NONE', #5526, #3801, #3432, .T. ) ;
#1187 = CARTESIAN_POINT ( 'NONE',  ( -36.33384573514259586, -36.70795707025862242, 0.7795275590551181688 ) ) ;
#1188 = DIRECTION ( 'NONE',  ( 1.000000000000000000, 0.000000000000000000, 0.000000000000000000 ) ) ;
#1189 = CARTESIAN_POINT ( 'NONE',  ( 0.01723396297811121899, -26.10134632421826950, 0.7952755905511811330 ) ) ;
#1190 = ORIENTED_EDGE ( 'NONE', *, *, #3858, .T. ) ;
#1191 = ORIENTED_EDGE ( 'NONE', *, *, #4820, .T. ) ;
#1192 = LINE ( 'NONE', #1222, #5097 ) ;
#1193 = CARTESIAN_POINT ( 'NONE',  ( 0.1097536480174842732, 0.1549336514841702650, 0.5433070866141732624 ) ) ;
#1194 = CARTESIAN_POINT ( 'NONE',  ( 0.3035799093721252007, -0.1249909137377952922, 0.7952755905511811330 ) ) ;
#1195 = ORIENTED_EDGE ( 'NONE', *, *, #5088, .F. ) ;
#1196 = DIRECTION ( 'NONE',  ( 0.000000000000000000, 0.000000000000000000, -1.000000000000000000 ) ) ;
#1197 = AXIS2_PLACEMENT_3D ( 'NONE', #3313, #4307, #5204 ) ;
#1198 = DIRECTION ( 'NONE',  ( 1.000000000000000000, 0.000000000000000000, 0.000000000000000000 ) ) ;
#1199 = CARTESIAN_POINT ( 'NONE',  ( 0.6884938054977971511, 0.07938247038177302650, 0.6870078740157480324 ) ) ;
#1200 = DIRECTION ( 'NONE',  ( 0.000000000000000000, 0.000000000000000000, 1.000000000000000000 ) ) ;
#1201 = VERTEX_POINT ( 'NONE', #5377 ) ;
#1202 = ORIENTED_EDGE ( 'NONE', *, *, #55, .F. ) ;
#1203 = ORIENTED_EDGE ( 'NONE', *, *, #3594, .T. ) ;
#1204 = DIRECTION ( 'NONE',  ( -1.000000000000000000, -1.850371707708800053E-13, 0.000000000000000000 ) ) ;
#1205 = PLANE ( 'NONE',  #227 ) ;
#1206 = ORIENTED_EDGE ( 'NONE', *, *, #5030, .F. ) ;
#1207 = LINE ( 'NONE', #1180, #2326 ) ;
#1208 = VERTEX_POINT ( 'NONE', #3393 ) ;
#1209 = ORIENTED_EDGE ( 'NONE', *, *, #641, .T. ) ;
#1210 = ADVANCED_FACE ( 'NONE', ( #4761 ), #2413, .T. ) ;
#1211 = EDGE_CURVE ( 'NONE', #3585, #1290, #5253, .T. ) ;
#1212 = DIRECTION ( 'NONE',  ( 0.7071067811865474617, -0.7071067811865474617, 0.000000000000000000 ) ) ;
#1213 = CARTESIAN_POINT ( 'NONE',  ( -0.01032509213999598455, 0.2860753837675988343, 0.7775590551181102983 ) ) ;
#1214 = DIRECTION ( 'NONE',  ( 0.000000000000000000, -1.000000000000000000, 0.000000000000000000 ) ) ;
#1215 = DIRECTION ( 'NONE',  ( 0.000000000000000000, 1.000000000000000000, 0.000000000000000000 ) ) ;
#1216 = ADVANCED_FACE ( 'NONE', ( #1016 ), #4794, .T. ) ;
#1217 = DIRECTION ( 'NONE',  ( 0.000000000000000000, 1.000000000000000000, 0.000000000000000000 ) ) ;
#1218 = ORIENTED_EDGE ( 'NONE', *, *, #3894, .F. ) ;
#1219 = ORIENTED_EDGE ( 'NONE', *, *, #718, .F. ) ;
#1220 = VECTOR ( 'NONE', #1602, 39.37007874015748143 ) ;
#1221 = EDGE_CURVE ( 'NONE', #271, #6002, #4332, .T. ) ;
#1222 = CARTESIAN_POINT ( 'NONE',  ( -0.2091439897777913615, 0.1876501869172421400, 0.7362204724409451284 ) ) ;
#1223 = DIRECTION ( 'NONE',  ( 0.000000000000000000, 0.000000000000000000, -1.000000000000000000 ) ) ;
#1224 = AXIS2_PLACEMENT_3D ( 'NONE', #2991, #2068, #5840 ) ;
#1225 = CARTESIAN_POINT ( 'NONE',  ( 0.09203711258444587096, -0.001365561114251630020, 0.5590551181102362266 ) ) ;
#1226 = EDGE_CURVE ( 'NONE', #408, #2640, #4827, .T. ) ;
#1227 = EDGE_LOOP ( 'NONE', ( #4859, #4706, #3549, #3258 ) ) ;
#1228 = VECTOR ( 'NONE', #5362, 39.37007874015748143 ) ;
#1229 = FACE_OUTER_BOUND ( 'NONE', #2446, .T. ) ;
#1230 = AXIS2_PLACEMENT_3D ( 'NONE', #4419, #615, #1507 ) ;
#1231 = DIRECTION ( 'NONE',  ( 0.000000000000000000, 0.000000000000000000, -1.000000000000000000 ) ) ;
#1232 = LINE ( 'NONE', #281, #5092 ) ;
#1233 = DIRECTION ( 'NONE',  ( 0.000000000000000000, -1.000000000000000000, 0.000000000000000000 ) ) ;
#1234 = VECTOR ( 'NONE', #2553, 39.37007874015748143 ) ;
#1235 = VERTEX_POINT ( 'NONE', #4356 ) ;
#1236 = AXIS2_PLACEMENT_3D ( 'NONE', #3381, #4255, #4750 ) ;
#1237 = VERTEX_POINT ( 'NONE', #1545 ) ;
#1238 = ORIENTED_EDGE ( 'NONE', *, *, #2430, .T. ) ;
#1239 = LINE ( 'NONE', #3129, #4801 ) ;
#1240 = VECTOR ( 'NONE', #4796, 39.37007874015748143 ) ;
#1241 = AXIS2_PLACEMENT_3D ( 'NONE', #2709, #2767, #326 ) ;
#1242 = LINE ( 'NONE', #2673, #1021 ) ;
#1243 = ORIENTED_EDGE ( 'NONE', *, *, #2134, .F. ) ;
#1244 = CARTESIAN_POINT ( 'NONE',  ( -0.1717424149746065165, 0.03800451762590591198, 0.7795275590551181688 ) ) ;
#1245 = VECTOR ( 'NONE', #5688, 39.37007874015748143 ) ;
#1246 = ORIENTED_EDGE ( 'NONE', *, *, #5123, .T. ) ;
#1247 = ORIENTED_EDGE ( 'NONE', *, *, #4165, .F. ) ;
#1248 = DIRECTION ( 'NONE',  ( 0.000000000000000000, 0.000000000000000000, 1.000000000000000000 ) ) ;
#1249 = VECTOR ( 'NONE', #6094, 39.37007874015748143 ) ;
#1250 = DIRECTION ( 'NONE',  ( 0.000000000000000000, -1.000000000000000000, 0.000000000000000000 ) ) ;
#1251 = DIRECTION ( 'NONE',  ( 0.000000000000000000, 0.000000000000000000, -1.000000000000000000 ) ) ;
#1252 = DIRECTION ( 'NONE',  ( 0.000000000000000000, 1.000000000000000000, 0.000000000000000000 ) ) ;
#1253 = ADVANCED_FACE ( 'NONE', ( #5319 ), #2963, .T. ) ;
#1254 = SHAPE_DEFINITION_REPRESENTATION ( #822, #4709 ) ;
#1255 = PLANE ( 'NONE',  #1328 ) ;
#1256 = ADVANCED_FACE ( 'NONE', ( #4973, #5508 ), #739, .T. ) ;
#1257 = VERTEX_POINT ( 'NONE', #3525 ) ;
#1258 = VERTEX_POINT ( 'NONE', #3981 ) ;
#1259 = AXIS2_PLACEMENT_3D ( 'NONE', #1682, #265, #3099 ) ;
#1260 = LINE ( 'NONE', #3201, #3314 ) ;
#1261 = LENGTH_MEASURE_WITH_UNIT ( LENGTH_MEASURE( 0.02539999999999999897 ), #5004 );
#1262 = LINE ( 'NONE', #3146, #1046 ) ;
#1263 = EDGE_CURVE ( 'NONE', #5301, #2284, #4915, .T. ) ;
#1264 = ORIENTED_EDGE ( 'NONE', *, *, #659, .F. ) ;
#1265 = DIRECTION ( 'NONE',  ( 0.000000000000000000, 0.000000000000000000, 1.000000000000000000 ) ) ;
#1266 = EDGE_CURVE ( 'NONE', #2818, #5544, #4516, .T. ) ;
#1267 = DIRECTION ( 'NONE',  ( -1.000000000000000000, 0.000000000000000000, 0.000000000000000000 ) ) ;
#1268 = DIRECTION ( 'NONE',  ( 0.000000000000000000, -1.000000000000000000, 0.000000000000000000 ) ) ;
#1269 = CARTESIAN_POINT ( 'NONE',  ( 0.09361191573401889121, 0.04001239164161551204, 0.7775590551181102983 ) ) ;
#1270 = ORIENTED_EDGE ( 'NONE', *, *, #3481, .F. ) ;
#1271 = VERTEX_POINT ( 'NONE', #280 ) ;
#1272 = CARTESIAN_POINT ( 'NONE',  ( -0.2189865094627988229, 0.03800451762590591198, 0.6771653543307086798 ) ) ;
#1273 = DIRECTION ( 'NONE',  ( 0.000000000000000000, 0.000000000000000000, -1.000000000000000000 ) ) ;
#1274 = ORIENTED_EDGE ( 'NONE', *, *, #953, .T. ) ;
#1275 = CARTESIAN_POINT ( 'NONE',  ( -46.94045648118299141, 0.08800451762590570659, 0.7795275590551181688 ) ) ;
#1276 = ORIENTED_EDGE ( 'NONE', *, *, #1590, .F. ) ;
#1277 = ORIENTED_EDGE ( 'NONE', *, *, #3455, .F. ) ;
#1278 = DIRECTION ( 'NONE',  ( 0.000000000000000000, 0.000000000000000000, -1.000000000000000000 ) ) ;
#1279 = DIRECTION ( 'NONE',  ( -1.000000000000000000, 0.000000000000000000, 0.000000000000000000 ) ) ;
#1280 = FACE_BOUND ( 'NONE', #79, .T. ) ;
#1281 = DIRECTION ( 'NONE',  ( 0.000000000000000000, 0.000000000000000000, -1.000000000000000000 ) ) ;
#1282 = EDGE_LOOP ( 'NONE', ( #1804, #5515, #5120, #1238 ) ) ;
#1283 = DIRECTION ( 'NONE',  ( -1.000000000000000000, 0.000000000000000000, 0.000000000000000000 ) ) ;
#1284 = ORIENTED_EDGE ( 'NONE', *, *, #917, .T. ) ;
#1285 = ORIENTED_EDGE ( 'NONE', *, *, #4996, .F. ) ;
#1286 = EDGE_CURVE ( 'NONE', #4557, #2818, #5932, .T. ) ;
#1287 = DIRECTION ( 'NONE',  ( 0.000000000000000000, 1.000000000000000000, 0.000000000000000000 ) ) ;
#1288 = CARTESIAN_POINT ( 'NONE',  ( 0.04085601022221181655, 0.1549336514841702650, 0.7795275590551181688 ) ) ;
#1289 = PLANE ( 'NONE',  #3912 ) ;
#1290 = VERTEX_POINT ( 'NONE', #5038 ) ;
#1291 = PLANE ( 'NONE',  #1148 ) ;
#1292 = EDGE_CURVE ( 'NONE', #2238, #4267, #677, .T. ) ;
#1293 = ADVANCED_FACE ( 'NONE', ( #800 ), #3551, .F. ) ;
#1294 = DIRECTION ( 'NONE',  ( 0.000000000000000000, 0.000000000000000000, -1.000000000000000000 ) ) ;
#1295 = DIRECTION ( 'NONE',  ( 0.000000000000000000, -1.000000000000000000, -6.285229985423299338E-17 ) ) ;
#1296 = DIRECTION ( 'NONE',  ( -1.000000000000000000, 0.000000000000000000, 0.000000000000000000 ) ) ;
#1297 = ADVANCED_FACE ( 'NONE', ( #214 ), #5409, .F. ) ;
#1298 = ORIENTED_EDGE ( 'NONE', *, *, #474, .F. ) ;
#1299 = VECTOR ( 'NONE', #5261, 39.37007874015748143 ) ;
#1300 = ORIENTED_EDGE ( 'NONE', *, *, #1829, .T. ) ;
#1301 = CARTESIAN_POINT ( 'NONE',  ( -0.1205613126124072954, 0.07343758849204802541, 0.6771653543307086798 ) ) ;
#1302 = ADVANCED_FACE ( 'NONE', ( #2691 ), #4019, .T. ) ;
#1303 = DIRECTION ( 'NONE',  ( -0.000000000000000000, 1.000000000000000000, 0.000000000000000000 ) ) ;
#1304 = FACE_OUTER_BOUND ( 'NONE', #1424, .T. ) ;
#1305 = ORIENTED_EDGE ( 'NONE', *, *, #4768, .T. ) ;
#1306 = SURFACE_SIDE_STYLE ('',( #503 ) ) ;
#1307 = EDGE_LOOP ( 'NONE', ( #712, #4469, #5222, #1020 ) ) ;
#1308 = VERTEX_POINT ( 'NONE', #4116 ) ;
#1309 = DIRECTION ( 'NONE',  ( 0.000000000000000000, 0.000000000000000000, 1.000000000000000000 ) ) ;
#1310 = DIRECTION ( 'NONE',  ( 0.000000000000000000, 0.000000000000000000, 1.000000000000000000 ) ) ;
#1311 = CARTESIAN_POINT ( 'NONE',  ( 0.09361191573401889121, 0.04788640738964614063, 0.6870078740157480324 ) ) ;
#1312 = EDGE_LOOP ( 'NONE', ( #2486, #745, #1423, #1577 ) ) ;
#1313 = DIRECTION ( 'NONE',  ( 0.000000000000000000, -1.000000000000000000, 0.000000000000000000 ) ) ;
#1314 = ORIENTED_EDGE ( 'NONE', *, *, #5863, .T. ) ;
#1315 = VERTEX_POINT ( 'NONE', #1635 ) ;
#1316 = CARTESIAN_POINT ( 'NONE',  ( -46.76888308971299324, -0.001365561114251630020, 0.7952755905511811330 ) ) ;
#1317 = FACE_BOUND ( 'NONE', #4965, .T. ) ;
#1318 = CARTESIAN_POINT ( 'NONE',  ( 0.6884938054977971511, 0.04788640738964614063, 0.6338582677165355284 ) ) ;
#1319 = VECTOR ( 'NONE', #3774, 39.37007874015748143 ) ;
#1320 = ORIENTED_EDGE ( 'NONE', *, *, #3942, .T. ) ;
#1321 = CARTESIAN_POINT ( 'NONE',  ( 0.2770764826631570976, -0.09703485245283602345, 0.7795275590551181688 ) ) ;
#1322 = VECTOR ( 'NONE', #1752, 39.37007874015748143 ) ;
#1323 = DIRECTION ( 'NONE',  ( -1.552759475000175028E-13, 1.000000000000000000, 0.000000000000000000 ) ) ;
#1324 = DIRECTION ( 'NONE',  ( 0.7071067811866260655, -0.7071067811864689689, 0.000000000000000000 ) ) ;
#1325 = CARTESIAN_POINT ( 'NONE',  ( 0.04085601022221181655, -26.10134632421826950, 0.7952755905511811330 ) ) ;
#1326 = EDGE_CURVE ( 'NONE', #1995, #1550, #247, .T. ) ;
#1327 = EDGE_CURVE ( 'NONE', #2996, #4660, #1769, .T. ) ;
#1328 = AXIS2_PLACEMENT_3D ( 'NONE', #3638, #1283, #4004 ) ;
#1329 =( GEOMETRIC_REPRESENTATION_CONTEXT ( 3 ) GLOBAL_UNCERTAINTY_ASSIGNED_CONTEXT ( ( #1343 ) ) GLOBAL_UNIT_ASSIGNED_CONTEXT ( ( #2405, #4414, #4349 ) ) REPRESENTATION_CONTEXT ( 'NONE', 'WORKASPACE' ) );
#1330 = ORIENTED_EDGE ( 'NONE', *, *, #3422, .T. ) ;
#1331 = LINE ( 'NONE', #2698, #368 ) ;
#1332 = LINE ( 'NONE', #410, #4454 ) ;
#1333 = VECTOR ( 'NONE', #3543, 39.37007874015748854 ) ;
#1334 = VECTOR ( 'NONE', #2775, 39.37007874015748143 ) ;
#1335 = CARTESIAN_POINT ( 'NONE',  ( 0.09203711258441102383, 0.002571446759763685360, 0.7952755905511811330 ) ) ;
#1336 = ORIENTED_EDGE ( 'NONE', *, *, #2286, .F. ) ;
#1337 = CARTESIAN_POINT ( 'NONE',  ( 0.6884938054977971511, 0.04001239164161551204, 0.6338582677165355284 ) ) ;
#1338 = ADVANCED_FACE ( 'NONE', ( #1168 ), #3055, .T. ) ;
#1339 = EDGE_LOOP ( 'NONE', ( #3249, #951, #746, #5701 ) ) ;
#1340 = EDGE_LOOP ( 'NONE', ( #5135, #286, #5996, #3277 ) ) ;
#1341 = VECTOR ( 'NONE', #5255, 39.37007874015748143 ) ;
#1342 = VECTOR ( 'NONE', #109, 39.37007874015748143 ) ;
#1343 = UNCERTAINTY_MEASURE_WITH_UNIT (LENGTH_MEASURE( 1.000000000000000082E-05 ), #2405, 'distance_accuracy_value', 'NONE');
#1344 = LINE ( 'NONE', #3192, #471 ) ;
#1345 = ADVANCED_FACE ( 'NONE', ( #5906 ), #2599, .T. ) ;
#1346 = DIRECTION ( 'NONE',  ( 0.000000000000000000, 0.000000000000000000, -1.000000000000000000 ) ) ;
#1347 = VECTOR ( 'NONE', #1607, 39.37007874015748143 ) ;
#1348 = DIRECTION ( 'NONE',  ( 0.000000000000000000, 0.000000000000000000, 1.000000000000000000 ) ) ;
#1349 = VERTEX_POINT ( 'NONE', #3084 ) ;
#1350 = VECTOR ( 'NONE', #2494, 39.37007874015748143 ) ;
#1351 = DIRECTION ( 'NONE',  ( 0.000000000000000000, 0.000000000000000000, -1.000000000000000000 ) ) ;
#1352 = ORIENTED_EDGE ( 'NONE', *, *, #6025, .T. ) ;
#1353 = EDGE_LOOP ( 'NONE', ( #4286, #4979, #3817, #380 ) ) ;
#1354 = VECTOR ( 'NONE', #1569, 39.37007874015748143 ) ;
#1355 = DIRECTION ( 'NONE',  ( 0.000000000000000000, 1.000000000000000000, 0.000000000000000000 ) ) ;
#1356 = CARTESIAN_POINT ( 'NONE',  ( -37.20278142986673231, -36.74890063900677006, 0.7283464566929134243 ) ) ;
#1357 = VECTOR ( 'NONE', #3344, 39.37007874015748143 ) ;
#1358 = ORIENTED_EDGE ( 'NONE', *, *, #1444, .T. ) ;
#1359 = DIRECTION ( 'NONE',  ( 0.000000000000000000, 1.000000000000000000, 0.000000000000000000 ) ) ;
#1360 = CARTESIAN_POINT ( 'NONE',  ( -0.1559943834785450789, -0.1450663485158281418, 0.6614173228346458266 ) ) ;
#1361 = CARTESIAN_POINT ( 'NONE',  ( -0.3804038322974441777, 0.07343758849204802541, 0.6614173228346458266 ) ) ;
#1362 = DIRECTION ( 'NONE',  ( -1.552759475000175028E-13, 1.000000000000000000, 0.000000000000000000 ) ) ;
#1363 = EDGE_LOOP ( 'NONE', ( #3653, #5761, #771, #3592 ) ) ;
#1364 = LINE ( 'NONE', #315, #863 ) ;
#1365 = FACE_OUTER_BOUND ( 'NONE', #3320, .T. ) ;
#1366 = EDGE_CURVE ( 'NONE', #3949, #381, #5470, .T. ) ;
#1367 = DIRECTION ( 'NONE',  ( -1.000000000000000000, 0.000000000000000000, 0.000000000000000000 ) ) ;
#1368 = ORIENTED_EDGE ( 'NONE', *, *, #654, .T. ) ;
#1369 = ORIENTED_EDGE ( 'NONE', *, *, #1988, .F. ) ;
#1370 = ORIENTED_EDGE ( 'NONE', *, *, #3143, .T. ) ;
#1371 = DIRECTION ( 'NONE',  ( -1.000000000000000000, 0.000000000000000000, 0.000000000000000000 ) ) ;
#1372 = DIRECTION ( 'NONE',  ( 1.000000000000000000, 0.000000000000000000, 0.000000000000000000 ) ) ;
#1373 = EDGE_CURVE ( 'NONE', #3602, #41, #2665, .T. ) ;
#1374 = DIRECTION ( 'NONE',  ( 0.000000000000000000, 1.000000000000000000, 3.252606517456421005E-15 ) ) ;
#1375 = ORIENTED_EDGE ( 'NONE', *, *, #1526, .T. ) ;
#1376 = APPLICATION_PROTOCOL_DEFINITION ( 'draft international standard', 'automotive_design', 1998, #2674 ) ;
#1377 = DIRECTION ( 'NONE',  ( 0.000000000000000000, -1.000000000000000000, 0.000000000000000000 ) ) ;
#1378 = EDGE_CURVE ( 'NONE', #5667, #2996, #1824, .T. ) ;
#1379 = ORIENTED_EDGE ( 'NONE', *, *, #3685, .T. ) ;
#1380 = CARTESIAN_POINT ( 'NONE',  ( 0.09361191573401889121, 0.04001239164161551204, 0.3838582677165354173 ) ) ;
#1381 = FACE_OUTER_BOUND ( 'NONE', #5435, .T. ) ;
#1382 = CARTESIAN_POINT ( 'NONE',  ( 0.2652654590411023805, -26.10134632421826950, 0.7952755905511811330 ) ) ;
#1383 = DIRECTION ( 'NONE',  ( 0.000000000000000000, 0.000000000000000000, 1.000000000000000000 ) ) ;
#1384 = DIRECTION ( 'NONE',  ( -0.2064491695654584458, -0.9784573268087537468, 0.000000000000000000 ) ) ;
#1385 = CARTESIAN_POINT ( 'NONE',  ( 0.09203711258444587096, 0.03800451762590591198, 0.5590551181102362266 ) ) ;
#1386 = ORIENTED_EDGE ( 'NONE', *, *, #1596, .F. ) ;
#1387 = CARTESIAN_POINT ( 'NONE',  ( 0.3035799093721252007, -0.1249909137377952922, 0.5433070866141732624 ) ) ;
#1388 = LINE ( 'NONE', #3625, #5648 ) ;
#1389 = LINE ( 'NONE', #3273, #2717 ) ;
#1390 = DIRECTION ( 'NONE',  ( -1.000000000000000000, 0.000000000000000000, 0.000000000000000000 ) ) ;
#1391 = ORIENTED_EDGE ( 'NONE', *, *, #3822, .T. ) ;
#1392 = VECTOR ( 'NONE', #389, 39.37007874015748143 ) ;
#1393 = EDGE_LOOP ( 'NONE', ( #2480, #5392, #1477, #4584 ) ) ;
#1394 = EDGE_LOOP ( 'NONE', ( #4800, #4955, #4192, #1756 ) ) ;
#1395 = DIRECTION ( 'NONE',  ( 1.000000000000000000, 0.000000000000000000, 0.000000000000000000 ) ) ;
#1396 = LINE ( 'NONE', #2823, #4413 ) ;
#1397 = CARTESIAN_POINT ( 'NONE',  ( -46.94045648118299141, 0.1549336514841702650, 0.5433070866141732624 ) ) ;
#1398 = ORIENTED_EDGE ( 'NONE', *, *, #2988, .F. ) ;
#1399 = DIRECTION ( 'NONE',  ( -0.7071067811865475727, 0.7071067811865475727, 0.000000000000000000 ) ) ;
#1400 = VERTEX_POINT ( 'NONE', #3242 ) ;
#1401 = EDGE_CURVE ( 'NONE', #946, #2334, #5154, .T. ) ;
#1402 = ADVANCED_FACE ( 'NONE', ( #2376 ), #1885, .T. ) ;
#1403 = ORIENTED_EDGE ( 'NONE', *, *, #692, .T. ) ;
#1404 = ADVANCED_FACE ( 'NONE', ( #25 ), #1915, .F. ) ;
#1405 = DIRECTION ( 'NONE',  ( 0.000000000000000000, 0.000000000000000000, -1.000000000000000000 ) ) ;
#1406 = DIRECTION ( 'NONE',  ( 0.000000000000000000, 0.000000000000000000, 1.000000000000000000 ) ) ;
#1407 = CARTESIAN_POINT ( 'NONE',  ( 0.2652654590411374080, 0.03800451762590591198, 0.7795275590551181688 ) ) ;
#1408 = EDGE_CURVE ( 'NONE', #4711, #4491, #4173, .T. ) ;
#1409 = ORIENTED_EDGE ( 'NONE', *, *, #1719, .F. ) ;
#1410 = EDGE_CURVE ( 'NONE', #3469, #5014, #3295, .T. ) ;
#1411 = DIRECTION ( 'NONE',  ( 0.000000000000000000, -1.000000000000000000, 0.000000000000000000 ) ) ;
#1412 = CARTESIAN_POINT ( 'NONE',  ( -46.94045648118299141, 0.1549336514841702650, 0.7952755905511811330 ) ) ;
#1413 = DIRECTION ( 'NONE',  ( 0.000000000000000000, 0.000000000000000000, -1.000000000000000000 ) ) ;
#1414 = ORIENTED_EDGE ( 'NONE', *, *, #2370, .F. ) ;
#1415 = FACE_OUTER_BOUND ( 'NONE', #1688, .T. ) ;
#1416 = VECTOR ( 'NONE', #4302, 39.37007874015748143 ) ;
#1417 = LINE ( 'NONE', #2475, #706 ) ;
#1418 = LINE ( 'NONE', #4734, #4782 ) ;
#1419 = LINE ( 'NONE', #3307, #35 ) ;
#1420 = ORIENTED_EDGE ( 'NONE', *, *, #953, .F. ) ;
#1421 = AXIS2_PLACEMENT_3D ( 'NONE', #1503, #4234, #4291 ) ;
#1422 = DIRECTION ( 'NONE',  ( 0.000000000000000000, 0.000000000000000000, -1.000000000000000000 ) ) ;
#1423 = ORIENTED_EDGE ( 'NONE', *, *, #685, .T. ) ;
#1424 = EDGE_LOOP ( 'NONE', ( #160, #5955, #1358, #4725 ) ) ;
#1425 = CARTESIAN_POINT ( 'NONE',  ( -0.1874904464707027596, 0.3057604231376799819, 0.7283464566929134243 ) ) ;
#1426 = LINE ( 'NONE', #3229, #4715 ) ;
#1427 = VECTOR ( 'NONE', #2176, 39.37007874015748143 ) ;
#1428 = VECTOR ( 'NONE', #2838, 39.37007874015748143 ) ;
#1429 = LINE ( 'NONE', #5236, #3091 ) ;
#1430 = ORIENTED_EDGE ( 'NONE', *, *, #726, .T. ) ;
#1431 = DIRECTION ( 'NONE',  ( 0.000000000000000000, -1.000000000000000000, 0.000000000000000000 ) ) ;
#1432 = VECTOR ( 'NONE', #1546, 39.37007874015748143 ) ;
#1433 = VECTOR ( 'NONE', #3547, 39.37007874015748854 ) ;
#1434 = VERTEX_POINT ( 'NONE', #5600 ) ;
#1435 = VECTOR ( 'NONE', #2541, 39.37007874015748143 ) ;
#1437 = EDGE_CURVE ( 'NONE', #1710, #4738, #5656, .T. ) ;
#1436 = AXIS2_PLACEMENT_3D ( 'NONE', #5856, #1617, #4001 ) ;
#1438 = DIRECTION ( 'NONE',  ( -0.7071067811866259545, -0.7071067811864688579, -4.444328744009344120E-17 ) ) ;
#1439 = EDGE_CURVE ( 'NONE', #386, #3053, #2350, .T. ) ;
#1440 = DIRECTION ( 'NONE',  ( 0.000000000000000000, 0.000000000000000000, 1.000000000000000000 ) ) ;
#1441 = DIRECTION ( 'NONE',  ( 0.000000000000000000, 0.000000000000000000, -1.000000000000000000 ) ) ;
#1442 = ORIENTED_EDGE ( 'NONE', *, *, #1800, .T. ) ;
#1443 = AXIS2_PLACEMENT_3D ( 'NONE', #4350, #1537, #1044 ) ;
#1444 = EDGE_CURVE ( 'NONE', #2147, #682, #3767, .T. ) ;
#1445 = VECTOR ( 'NONE', #1542, 39.37007874015748143 ) ;
#1446 = LENGTH_MEASURE_WITH_UNIT ( LENGTH_MEASURE( 0.02539999999999999897 ), #5771 );
#1447 = LINE ( 'NONE', #1952, #4898 ) ;
#1448 = LINE ( 'NONE', #2840, #634 ) ;
#1449 = EDGE_CURVE ( 'NONE', #2670, #2118, #5064, .T. ) ;
#1450 = ORIENTED_EDGE ( 'NONE', *, *, #1820, .F. ) ;
#1451 = CARTESIAN_POINT ( 'NONE',  ( -0.1126872968643679029, -0.001365561114251630020, 0.7952755905511811330 ) ) ;
#1452 = DIRECTION ( 'NONE',  ( 1.000000000000000000, 0.000000000000000000, 0.000000000000000000 ) ) ;
#1453 = ADVANCED_FACE ( 'NONE', ( #4726 ), #830, .T. ) ;
#1454 = CARTESIAN_POINT ( 'NONE',  ( -0.1008762732423220537, 0.07343758849204802541, 0.6614173228346458266 ) ) ;
#1455 = CARTESIAN_POINT ( 'NONE',  ( -0.2859156433210681136, -0.001365561114251630020, 0.5590551181102362266 ) ) ;
#1456 = CARTESIAN_POINT ( 'NONE',  ( 0.1294386873875956745, -0.001365561114251630020, 0.6614173228346458266 ) ) ;
#1457 = ORIENTED_EDGE ( 'NONE', *, *, #2006, .F. ) ;
#1458 = EDGE_LOOP ( 'NONE', ( #3435, #4369, #3750, #2535 ) ) ;
#1459 = ORIENTED_EDGE ( 'NONE', *, *, #3652, .T. ) ;
#1460 = DIRECTION ( 'NONE',  ( 1.000000000000000000, 0.000000000000000000, 0.000000000000000000 ) ) ;
#1461 = LINE ( 'NONE', #2484, #1357 ) ;
#1462 = FACE_OUTER_BOUND ( 'NONE', #6, .T. ) ;
#1463 = ORIENTED_EDGE ( 'NONE', *, *, #5570, .T. ) ;
#1464 = FACE_OUTER_BOUND ( 'NONE', #1175, .T. ) ;
#1465 = ORIENTED_EDGE ( 'NONE', *, *, #2628, .T. ) ;
#1466 = DIRECTION ( 'NONE',  ( 0.000000000000000000, -1.000000000000000000, 0.000000000000000000 ) ) ;
#1467 = PLANE ( 'NONE',  #4499 ) ;
#1468 = CARTESIAN_POINT ( 'NONE',  ( 0.1510922306946494154, -26.10134632421826950, 0.7952755905511811330 ) ) ;
#1469 = CARTESIAN_POINT ( 'NONE',  ( 0.1097536480174842732, 0.1549336514841702650, 0.7795275590551181688 ) ) ;
#1470 = VERTEX_POINT ( 'NONE', #5627 ) ;
#1471 = ADVANCED_FACE ( 'NONE', ( #6026 ), #1796, .T. ) ;
#1472 = CARTESIAN_POINT ( 'NONE',  ( -0.04969517088014914485, 0.2860753837675988343, 0.7775590551181102983 ) ) ;
#1473 = CARTESIAN_POINT ( 'NONE',  ( 0.1884938054977992050, -0.4816411516654354741, 0.7362204724409451284 ) ) ;
#1474 = FACE_OUTER_BOUND ( 'NONE', #3636, .T. ) ;
#1475 = EDGE_CURVE ( 'NONE', #2631, #4824, #2755, .T. ) ;
#1476 = EDGE_CURVE ( 'NONE', #834, #4738, #5101, .T. ) ;
#1477 = ORIENTED_EDGE ( 'NONE', *, *, #2353, .T. ) ;
#1478 = CARTESIAN_POINT ( 'NONE',  ( -0.3111124937147940472, 0.04788640738964614063, 0.6870078740157480324 ) ) ;
#1479 = CARTESIAN_POINT ( 'NONE',  ( -46.76888308971299324, -0.001365561114251630020, 0.7952755905511811330 ) ) ;
#1480 = DIRECTION ( 'NONE',  ( 0.000000000000000000, 0.000000000000000000, 1.000000000000000000 ) ) ;
#1481 = EDGE_CURVE ( 'NONE', #4346, #635, #2027, .T. ) ;
#1482 = LINE ( 'NONE', #988, #457 ) ;
#1483 = CARTESIAN_POINT ( 'NONE',  ( 0.09203711258444587096, -0.001365561114251630020, 0.5590551181102362266 ) ) ;
#1484 = VERTEX_POINT ( 'NONE', #896 ) ;
#1485 = EDGE_LOOP ( 'NONE', ( #4798, #4926, #5610, #1386 ) ) ;
#1486 = MANIFOLD_SOLID_BREP ( 'Imported3', #4083 ) ;
#1487 = EDGE_CURVE ( 'NONE', #1156, #1161, #5312, .T. ) ;
#1488 = VERTEX_POINT ( 'NONE', #2779 ) ;
#1489 = DIRECTION ( 'NONE',  ( 0.000000000000000000, -1.000000000000000000, 0.000000000000000000 ) ) ;
#1490 = FACE_BOUND ( 'NONE', #2863, .T. ) ;
#1491 = ORIENTED_EDGE ( 'NONE', *, *, #3565, .T. ) ;
#1492 = PLANE ( 'NONE',  #1128 ) ;
#1493 = VERTEX_POINT ( 'NONE', #4821 ) ;
#1494 = ORIENTED_EDGE ( 'NONE', *, *, #1437, .F. ) ;
#1495 = VECTOR ( 'NONE', #6102, 39.37007874015748143 ) ;
#1496 = CARTESIAN_POINT ( 'NONE',  ( -46.94045648118299141, 0.1549336514841702650, 0.5433070866141732624 ) ) ;
#1497 = LINE ( 'NONE', #5308, #3806 ) ;
#1498 = VECTOR ( 'NONE', #2752, 39.37007874015748143 ) ;
#1499 = CARTESIAN_POINT ( 'NONE',  ( -0.2091439897777913615, 0.1719021554211809244, 0.6023622047244094890 ) ) ;
#1500 = VERTEX_POINT ( 'NONE', #2864 ) ;
#1501 = CARTESIAN_POINT ( 'NONE',  ( -0.2189865094627988229, -26.00086416922701460, 0.6771653543307086798 ) ) ;
#1502 = DIRECTION ( 'NONE',  ( 0.000000000000000000, -1.000000000000000000, 0.000000000000000000 ) ) ;
#1503 = CARTESIAN_POINT ( 'NONE',  ( 0.02904498660016590489, 0.1270202656573653499, 0.5610236220472440971 ) ) ;
#1504 = VERTEX_POINT ( 'NONE', #3453 ) ;
#1505 = FACE_OUTER_BOUND ( 'NONE', #1363, .T. ) ;
#1506 = FACE_OUTER_BOUND ( 'NONE', #1353, .T. ) ;
#1507 = DIRECTION ( 'NONE',  ( -1.000000000000000000, 0.000000000000000000, 0.000000000000000000 ) ) ;
#1508 = EDGE_CURVE ( 'NONE', #4182, #5181, #2443, .T. ) ;
#1509 = CARTESIAN_POINT ( 'NONE',  ( 0.2140843566789381591, -26.00086416922701460, 0.6988188976377953665 ) ) ;
#1510 = CARTESIAN_POINT ( 'NONE',  ( -0.1717424149746065165, 0.03800451762590591198, 0.5590551181102362266 ) ) ;
#1511 = EDGE_CURVE ( 'NONE', #6045, #6018, #1074, .T. ) ;
#1512 = VERTEX_POINT ( 'NONE', #3830 ) ;
#1513 = VERTEX_POINT ( 'NONE', #5217 ) ;
#1514 = VECTOR ( 'NONE', #2384, 39.37007874015748143 ) ;
#1515 = EDGE_LOOP ( 'NONE', ( #4244, #4712, #4006, #4970 ) ) ;
#1516 = CARTESIAN_POINT ( 'NONE',  ( 0.08022608896240000786, 0.07343758849204802541, 0.7952755905511811330 ) ) ;
#1517 = VECTOR ( 'NONE', #2781, 39.37007874015748143 ) ;
#1518 = ORIENTED_EDGE ( 'NONE', *, *, #619, .F. ) ;
#1519 = ADVANCED_FACE ( 'NONE', ( #3919 ), #4325, .T. ) ;
#1520 = ORIENTED_EDGE ( 'NONE', *, *, #4633, .T. ) ;
#1521 = CARTESIAN_POINT ( 'NONE',  ( -0.2977266669431488100, -0.09703485245283602345, 0.7795275590551181688 ) ) ;
#1522 = EDGE_LOOP ( 'NONE', ( #2066, #4134, #3400, #3544 ) ) ;
#1523 = EDGE_LOOP ( 'NONE', ( #2719, #3954, #4070, #4262, #5498, #127, #1314, #3668, #4059, #6068, #1720, #1058, #1430, #2507, #5609, #2007, #2508, #1370, #3870, #888, #5511, #1491, #4257, #2544, #4775, #3977, #4901, #4304 ) ) ;
#1524 = VECTOR ( 'NONE', #2589, 39.37007874015748143 ) ;
#1525 = VECTOR ( 'NONE', #1223, 39.37007874015748143 ) ;
#1526 = EDGE_CURVE ( 'NONE', #1208, #844, #1977, .T. ) ;
#1527 = CARTESIAN_POINT ( 'NONE',  ( -0.1874904464707027596, 0.3057604231376799819, 0.6102362204724409711 ) ) ;
#1528 = CARTESIAN_POINT ( 'NONE',  ( 0.04085601022221181655, -26.10134632421826950, 0.7952755905511811330 ) ) ;
#1529 = VECTOR ( 'NONE', #1119, 39.37007874015748143 ) ;
#1530 = LINE ( 'NONE', #4344, #3209 ) ;
#1531 = VECTOR ( 'NONE', #2115, 39.37007874015748143 ) ;
#1532 = LINE ( 'NONE', #3421, #3418 ) ;
#1533 = ORIENTED_EDGE ( 'NONE', *, *, #3869, .F. ) ;
#1534 = CIRCLE ( 'NONE', #2629, 0.03149606299212252131 ) ;
#1535 = VECTOR ( 'NONE', #4254, 39.37007874015748143 ) ;
#1536 = FACE_OUTER_BOUND ( 'NONE', #4305, .T. ) ;
#1537 = DIRECTION ( 'NONE',  ( 0.000000000000000000, 0.000000000000000000, 1.000000000000000000 ) ) ;
#1538 = DIRECTION ( 'NONE',  ( 0.000000000000000000, 0.000000000000000000, 1.000000000000000000 ) ) ;
#1539 = CIRCLE ( 'NONE', #3718, 0.01574803149606125718 ) ;
#1540 = VECTOR ( 'NONE', #2437, 39.37007874015748143 ) ;
#1541 = ORIENTED_EDGE ( 'NONE', *, *, #548, .F. ) ;
#1542 = DIRECTION ( 'NONE',  ( 1.000000000000000000, 0.000000000000000000, 0.000000000000000000 ) ) ;
#1543 = CARTESIAN_POINT ( 'NONE',  ( 0.08022608896240000786, 0.07343758849204802541, 0.6771653543307086798 ) ) ;
#1544 = VECTOR ( 'NONE', #3676, 39.37007874015748143 ) ;
#1545 = CARTESIAN_POINT ( 'NONE',  ( 0.04085601022221181655, 0.1549336514841702650, 0.5433070866141732624 ) ) ;
#1546 = DIRECTION ( 'NONE',  ( 1.000000000000000000, 0.000000000000000000, 0.000000000000000000 ) ) ;
#1547 = DIRECTION ( 'NONE',  ( 0.000000000000000000, 0.000000000000000000, -1.000000000000000000 ) ) ;
#1548 = ORIENTED_EDGE ( 'NONE', *, *, #6052, .F. ) ;
#1549 = VECTOR ( 'NONE', #4405, 39.37007874015748143 ) ;
#1550 = VERTEX_POINT ( 'NONE', #3854 ) ;
#1551 = VERTEX_POINT ( 'NONE', #639 ) ;
#1552 = DIRECTION ( 'NONE',  ( 0.000000000000000000, 0.000000000000000000, -1.000000000000000000 ) ) ;
#1553 = EDGE_CURVE ( 'NONE', #5359, #3270, #1043, .T. ) ;
#1554 =( GEOMETRIC_REPRESENTATION_CONTEXT ( 3 ) GLOBAL_UNCERTAINTY_ASSIGNED_CONTEXT ( ( #852 ) ) GLOBAL_UNIT_ASSIGNED_CONTEXT ( ( #3439, #2513, #77 ) ) REPRESENTATION_CONTEXT ( 'NONE', 'WORKASPACE' ) );
#1555 = VERTEX_POINT ( 'NONE', #2532 ) ;
#1556 = EDGE_LOOP ( 'NONE', ( #4015, #1001, #1963, #4337 ) ) ;
#1557 = CARTESIAN_POINT ( 'NONE',  ( 0.1510922306946494154, -26.10134632421826950, 0.5590551181102362266 ) ) ;
#1558 = ORIENTED_EDGE ( 'NONE', *, *, #2669, .T. ) ;
#1559 = ADVANCED_FACE ( 'NONE', ( #1536 ), #180, .F. ) ;
#1560 = PLANE ( 'NONE',  #3524 ) ;
#1561 = DIRECTION ( 'NONE',  ( 0.7071067811866260655, -0.7071067811864689689, 0.000000000000000000 ) ) ;
#1562 = CARTESIAN_POINT ( 'NONE',  ( 0.1117221519544875918, 0.002571446759763685360, 0.7952755905511811330 ) ) ;
#1563 = EDGE_CURVE ( 'NONE', #4922, #2096, #3796, .T. ) ;
#1564 = LINE ( 'NONE', #2033, #2903 ) ;
#1565 = ORIENTED_EDGE ( 'NONE', *, *, #5068, .F. ) ;
#1566 = PRESENTATION_STYLE_ASSIGNMENT (( #3739 ) ) ;
#1567 = LINE ( 'NONE', #5341, #4602 ) ;
#1568 = VERTEX_POINT ( 'NONE', #2469 ) ;
#1569 = DIRECTION ( 'NONE',  ( 0.000000000000000000, 1.000000000000000000, 0.000000000000000000 ) ) ;
#1570 = DIRECTION ( 'NONE',  ( 0.000000000000000000, 1.000000000000000000, 0.000000000000000000 ) ) ;
#1571 = CARTESIAN_POINT ( 'NONE',  ( 0.09203711258441102383, 0.002571446759763685360, 0.7952755905511811330 ) ) ;
#1572 = LINE ( 'NONE', #2964, #4402 ) ;
#1573 = DIRECTION ( 'NONE',  ( 0.000000000000000000, 1.000000000000000000, 0.000000000000000000 ) ) ;
#1574 = ORIENTED_EDGE ( 'NONE', *, *, #1135, .T. ) ;
#1575 = FACE_OUTER_BOUND ( 'NONE', #3934, .T. ) ;
#1576 = ORIENTED_EDGE ( 'NONE', *, *, #2988, .T. ) ;
#1577 = ORIENTED_EDGE ( 'NONE', *, *, #1449, .F. ) ;
#1578 = CARTESIAN_POINT ( 'NONE',  ( -0.3111124937147940472, 0.07938247038177302650, 0.6870078740157480324 ) ) ;
#1579 = FACE_OUTER_BOUND ( 'NONE', #5806, .T. ) ;
#1580 = CARTESIAN_POINT ( 'NONE',  ( 0.2652654590411374080, -0.001365561114251630020, 0.7952755905511811330 ) ) ;
#1581 = ORIENTED_EDGE ( 'NONE', *, *, #2799, .T. ) ;
#1582 = DIRECTION ( 'NONE',  ( 0.000000000000000000, 0.000000000000000000, -1.000000000000000000 ) ) ;
#1583 = EDGE_LOOP ( 'NONE', ( #2185, #1305, #3180, #3809 ) ) ;
#1584 = ORIENTED_EDGE ( 'NONE', *, *, #576, .F. ) ;
#1585 = FACE_OUTER_BOUND ( 'NONE', #4422, .T. ) ;
#1586 = DIRECTION ( 'NONE',  ( 0.000000000000000000, 0.000000000000000000, -1.000000000000000000 ) ) ;
#1587 = LINE ( 'NONE', #2153, #5090 ) ;
#1588 = EDGE_CURVE ( 'NONE', #5260, #1308, #2002, .T. ) ;
#1589 = DIRECTION ( 'NONE',  ( 0.000000000000000000, -1.000000000000000000, 0.000000000000000000 ) ) ;
#1590 = EDGE_CURVE ( 'NONE', #3944, #421, #1951, .T. ) ;
#1591 = AXIS2_PLACEMENT_3D ( 'NONE', #2300, #5578, #2822 ) ;
#1592 = ORIENTED_EDGE ( 'NONE', *, *, #4389, .F. ) ;
#1593 = CARTESIAN_POINT ( 'NONE',  ( -0.1126872968644029582, -26.10134632421826950, 0.7952755905511811330 ) ) ;
#1594 = CARTESIAN_POINT ( 'NONE',  ( -0.06741170631318739448, -0.001365561114251630020, 0.6614173228346458266 ) ) ;
#1595 = FACE_OUTER_BOUND ( 'NONE', #188, .T. ) ;
#1596 = EDGE_CURVE ( 'NONE', #3301, #3471, #5247, .T. ) ;
#1597 = ORIENTED_EDGE ( 'NONE', *, *, #5496, .T. ) ;
#1598 = FACE_OUTER_BOUND ( 'NONE', #4038, .T. ) ;
#1599 = EDGE_CURVE ( 'NONE', #3944, #3496, #3426, .T. ) ;
#1600 = DIRECTION ( 'NONE',  ( 0.000000000000000000, 0.000000000000000000, -1.000000000000000000 ) ) ;
#1601 = DIRECTION ( 'NONE',  ( 0.000000000000000000, 0.000000000000000000, 1.000000000000000000 ) ) ;
#1602 = DIRECTION ( 'NONE',  ( -1.000000000000000000, 0.000000000000000000, 0.000000000000000000 ) ) ;
#1603 = EDGE_LOOP ( 'NONE', ( #2737, #5919, #2770, #2649 ) ) ;
#1604 = PLANE ( 'NONE',  #5490 ) ;
#1605 = EDGE_LOOP ( 'NONE', ( #4831, #710, #3696, #4170 ) ) ;
#1606 = ORIENTED_EDGE ( 'NONE', *, *, #117, .T. ) ;
#1607 = DIRECTION ( 'NONE',  ( -1.000000000000000000, 0.000000000000000000, 0.000000000000000000 ) ) ;
#1608 = AXIS2_PLACEMENT_3D ( 'NONE', #2824, #3781, #104 ) ;
#1609 = FACE_BOUND ( 'NONE', #105, .T. ) ;
#1610 = EDGE_LOOP ( 'NONE', ( #5635, #3311, #1576, #486 ) ) ;
#1611 = VECTOR ( 'NONE', #1668, 39.37007874015748143 ) ;
#1612 = LINE ( 'NONE', #3590, #4885 ) ;
#1613 = VERTEX_POINT ( 'NONE', #3482 ) ;
#1614 = ORIENTED_EDGE ( 'NONE', *, *, #1073, .F. ) ;
#1615 = PLANE ( 'NONE',  #5998 ) ;
#1616 = CARTESIAN_POINT ( 'NONE',  ( 0.2888875062852377940, 0.03800451762590591198, 0.7795275590551181688 ) ) ;
#1617 = DIRECTION ( 'NONE',  ( 0.000000000000000000, 0.000000000000000000, 1.000000000000000000 ) ) ;
#1618 = DIRECTION ( 'NONE',  ( 0.000000000000000000, 0.000000000000000000, -1.000000000000000000 ) ) ;
#1619 = EDGE_LOOP ( 'NONE', ( #5331, #3005, #5575, #2107, #75, #4947, #6050, #1442, #3828, #2967 ) ) ;
#1620 = AXIS2_PLACEMENT_3D ( 'NONE', #561, #5780, #2449 ) ;
#1621 = ORIENTED_EDGE ( 'NONE', *, *, #345, .F. ) ;
#1622 = EDGE_CURVE ( 'NONE', #150, #4790, #4968, .T. ) ;
#1623 = EDGE_CURVE ( 'NONE', #1257, #4747, #5928, .T. ) ;
#1624 = AXIS2_PLACEMENT_3D ( 'NONE', #3319, #2276, #4745 ) ;
#1625 = LINE ( 'NONE', #2064, #3613 ) ;
#1626 = DIRECTION ( 'NONE',  ( 1.000000000000000000, 0.000000000000000000, 0.000000000000000000 ) ) ;
#1627 = DIRECTION ( 'NONE',  ( 0.000000000000000000, 0.000000000000000000, -1.000000000000000000 ) ) ;
#1628 = ORIENTED_EDGE ( 'NONE', *, *, #5108, .F. ) ;
#1629 = VECTOR ( 'NONE', #4326, 39.37007874015748143 ) ;
#1630 = AXIS2_PLACEMENT_3D ( 'NONE', #4599, #823, #370 ) ;
#1631 = ORIENTED_EDGE ( 'NONE', *, *, #2909, .T. ) ;
#1632 = DIRECTION ( 'NONE',  ( 0.000000000000000000, 0.000000000000000000, -1.000000000000000000 ) ) ;
#1633 = ADVANCED_FACE ( 'NONE', ( #2159 ), #5370, .T. ) ;
#1634 = VECTOR ( 'NONE', #372, 39.37007874015748143 ) ;
#1635 = CARTESIAN_POINT ( 'NONE',  ( -0.3111124937147940472, 0.04788640738964614063, 0.6338582677165355284 ) ) ;
#1636 = AXIS2_PLACEMENT_3D ( 'NONE', #2715, #4630, #2686 ) ;
#1637 = LINE ( 'NONE', #2600, #256 ) ;
#1638 = LINE ( 'NONE', #4855, #4582 ) ;
#1639 = ORIENTED_EDGE ( 'NONE', *, *, #1024, .F. ) ;
#1640 = ORIENTED_EDGE ( 'NONE', *, *, #4962, .F. ) ;
#1641 = ADVANCED_FACE ( 'NONE', ( #2187 ), #5957, .T. ) ;
#1642 = ORIENTED_EDGE ( 'NONE', *, *, #5902, .F. ) ;
#1643 = MANIFOLD_SOLID_BREP ( 'NONE', #3384 ) ;
#1644 = ORIENTED_EDGE ( 'NONE', *, *, #469, .T. ) ;
#1645 = AXIS2_PLACEMENT_3D ( 'NONE', #1387, #6004, #5568 ) ;
#1646 = DIRECTION ( 'NONE',  ( 0.000000000000000000, 1.000000000000000000, 4.336808689942495786E-15 ) ) ;
#1647 = ADVANCED_FACE ( 'NONE', ( #3947 ), #702, .F. ) ;
#1648 = LINE ( 'NONE', #3533, #2017 ) ;
#1649 = VECTOR ( 'NONE', #3633, 39.37007874015748143 ) ;
#1650 = ORIENTED_EDGE ( 'NONE', *, *, #5337, .F. ) ;
#1651 = CARTESIAN_POINT ( 'NONE',  ( -46.94045648118299141, 0.08800451762590570659, 0.7952755905511811330 ) ) ;
#1652 = ORIENTED_EDGE ( 'NONE', *, *, #1071, .F. ) ;
#1653 = VERTEX_POINT ( 'NONE', #5834 ) ;
#1654 = DIRECTION ( 'NONE',  ( 0.000000000000000000, -1.000000000000000000, 0.000000000000000000 ) ) ;
#1655 = FACE_OUTER_BOUND ( 'NONE', #5745, .T. ) ;
#1656 = LINE ( 'NONE', #3541, #3909 ) ;
#1657 = DIRECTION ( 'NONE',  ( -1.000000000000000000, 0.000000000000000000, 0.000000000000000000 ) ) ;
#1658 = LINE ( 'NONE', #1717, #755 ) ;
#1659 = ORIENTED_EDGE ( 'NONE', *, *, #4841, .T. ) ;
#1660 = ORIENTED_EDGE ( 'NONE', *, *, #1563, .F. ) ;
#1661 = DIRECTION ( 'NONE',  ( 0.000000000000000000, 1.000000000000000000, 0.000000000000000000 ) ) ;
#1662 = LINE ( 'NONE', #3517, #5183 ) ;
#1663 = FACE_OUTER_BOUND ( 'NONE', #2261, .T. ) ;
#1664 = VERTEX_POINT ( 'NONE', #1594 ) ;
#1665 = CARTESIAN_POINT ( 'NONE',  ( 0.08022608896240000786, 0.07343758849204802541, 0.6614173228346458266 ) ) ;
#1666 = CARTESIAN_POINT ( 'NONE',  ( -46.94045648118299141, 0.08800451762590570659, 0.7952755905511811330 ) ) ;
#1667 = CARTESIAN_POINT ( 'NONE',  ( -46.94045648118299141, 0.08800451762590570659, 0.7952755905511811330 ) ) ;
#1668 = DIRECTION ( 'NONE',  ( 0.000000000000000000, 0.000000000000000000, -1.000000000000000000 ) ) ;
#1669 = ORIENTED_EDGE ( 'NONE', *, *, #231, .F. ) ;
#1670 = EDGE_CURVE ( 'NONE', #6045, #2235, #3019, .T. ) ;
#1671 = ADVANCED_FACE ( 'NONE', ( #731 ), #4443, .T. ) ;
#1672 = ORIENTED_EDGE ( 'NONE', *, *, #4143, .T. ) ;
#1673 = ORIENTED_EDGE ( 'NONE', *, *, #613, .T. ) ;
#1674 = DIRECTION ( 'NONE',  ( -1.000000000000000000, 0.000000000000000000, 0.000000000000000000 ) ) ;
#1675 = EDGE_CURVE ( 'NONE', #487, #1271, #1662, .T. ) ;
#1676 = LINE ( 'NONE', #750, #1816 ) ;
#1677 = ORIENTED_EDGE ( 'NONE', *, *, #3283, .F. ) ;
#1678 = DIRECTION ( 'NONE',  ( 0.000000000000000000, 1.000000000000000000, 0.000000000000000000 ) ) ;
#1679 = EDGE_CURVE ( 'NONE', #5015, #4922, #4472, .T. ) ;
#1680 = VERTEX_POINT ( 'NONE', #1193 ) ;
#1681 = ORIENTED_EDGE ( 'NONE', *, *, #2707, .F. ) ;
#1682 = CARTESIAN_POINT ( 'NONE',  ( -7.538613755058740651, -34.41492064910763560, 0.7952755905511811330 ) ) ;
#1683 = EDGE_CURVE ( 'NONE', #3260, #4451, #3080, .T. ) ;
#1684 = CARTESIAN_POINT ( 'NONE',  ( 0.2140843566789031316, 0.1549336514841702650, 0.7952755905511811330 ) ) ;
#1685 = DIRECTION ( 'NONE',  ( -1.000000000000000000, 0.000000000000000000, 0.000000000000000000 ) ) ;
#1686 = LINE ( 'NONE', #2616, #3391 ) ;
#1687 = CARTESIAN_POINT ( 'NONE',  ( -0.1717424149746413220, -26.10134632421826950, 0.7795275590551181688 ) ) ;
#1688 = EDGE_LOOP ( 'NONE', ( #1777, #3556, #620, #2079 ) ) ;
#1689 = EDGE_LOOP ( 'NONE', ( #4645, #599, #2344, #2132 ) ) ;
#1690 = CARTESIAN_POINT ( 'NONE',  ( -0.2445770606439027772, -0.1450663485158281418, 0.7952755905511811330 ) ) ;
#1691 = DIRECTION ( 'NONE',  ( 1.000000000000000000, -6.083413833562249173E-14, 0.000000000000000000 ) ) ;
#1692 = CARTESIAN_POINT ( 'NONE',  ( -46.94045648118299141, 0.08800451762590570659, 0.5433070866141732624 ) ) ;
#1693 = ORIENTED_EDGE ( 'NONE', *, *, #2050, .F. ) ;
#1694 = DIRECTION ( 'NONE',  ( 1.000000000000000000, 0.000000000000000000, 0.000000000000000000 ) ) ;
#1695 = AXIS2_PLACEMENT_3D ( 'NONE', #3717, #927, #2263 ) ;
#1696 = CARTESIAN_POINT ( 'NONE',  ( -46.94045648118299141, 0.1719021554211809244, 0.5590551181102362266 ) ) ;
#1697 = PLANE ( 'NONE',  #3011 ) ;
#1698 = LINE ( 'NONE', #2757, #1921 ) ;
#1699 = ORIENTED_EDGE ( 'NONE', *, *, #1366, .T. ) ;
#1700 = ORIENTED_EDGE ( 'NONE', *, *, #3568, .F. ) ;
#1701 = EDGE_LOOP ( 'NONE', ( #5735, #2454, #1113, #2090 ) ) ;
#1702 = LINE ( 'NONE', #3586, #5499 ) ;
#1703 = CARTESIAN_POINT ( 'NONE',  ( 0.2888875062852377940, 0.03800451762590591198, 0.5590551181102362266 ) ) ;
#1704 = EDGE_CURVE ( 'NONE', #969, #2260, #3287, .T. ) ;
#1705 = EDGE_CURVE ( 'NONE', #4771, #3039, #1855, .T. ) ;
#1706 = LINE ( 'NONE', #5018, #826 ) ;
#1707 = VERTEX_POINT ( 'NONE', #1288 ) ;
#1708 = CARTESIAN_POINT ( 'NONE',  ( -0.3111124937147940472, -26.51425848898617943, 0.7775590551181102983 ) ) ;
#1709 = EDGE_LOOP ( 'NONE', ( #2121, #2177, #1841, #3389 ) ) ;
#1710 = VERTEX_POINT ( 'NONE', #6048 ) ;
#1711 = CARTESIAN_POINT ( 'NONE',  ( 0.09203711258444587096, 0.03800451762590591198, 0.5590551181102362266 ) ) ;
#1712 = EDGE_CURVE ( 'NONE', #2734, #5329, #892, .T. ) ;
#1713 = AXIS2_PLACEMENT_3D ( 'NONE', #2550, #4924, #3092 ) ;
#1714 = LINE ( 'NONE', #3634, #442 ) ;
#1715 = FACE_OUTER_BOUND ( 'NONE', #2150, .T. ) ;
#1716 = DIRECTION ( 'NONE',  ( -0.7071067811864688579, 0.7071067811866259545, 0.000000000000000000 ) ) ;
#1717 = CARTESIAN_POINT ( 'NONE',  ( 0.2888875062852377940, -26.00086416922701460, 0.6397637795275591399 ) ) ;
#1718 = ORIENTED_EDGE ( 'NONE', *, *, #4248, .T. ) ;
#1719 = EDGE_CURVE ( 'NONE', #4452, #2467, #4167, .T. ) ;
#1720 = ORIENTED_EDGE ( 'NONE', *, *, #1820, .T. ) ;
#1721 = VECTOR ( 'NONE', #4552, 39.37007874015748143 ) ;
#1722 = ADVANCED_FACE ( 'NONE', ( #460 ), #428, .F. ) ;
#1723 = DIRECTION ( 'NONE',  ( 0.000000000000000000, -1.000000000000000000, 0.000000000000000000 ) ) ;
#1724 = FILL_AREA_STYLE ('',( #2626 ) ) ;
#1725 = AXIS2_PLACEMENT_3D ( 'NONE', #2471, #5773, #4066 ) ;
#1726 = CARTESIAN_POINT ( 'NONE',  ( 0.2888875062852377940, 0.03800451762590591198, 0.6397637795275591399 ) ) ;
#1727 = ORIENTED_EDGE ( 'NONE', *, *, #1829, .F. ) ;
#1728 = VECTOR ( 'NONE', #6083, 39.37007874015748143 ) ;
#1729 = DIRECTION ( 'NONE',  ( 1.000000000000000000, 0.000000000000000000, 0.000000000000000000 ) ) ;
#1730 = VECTOR ( 'NONE', #3649, 39.37007874015748143 ) ;
#1731 = DIRECTION ( 'NONE',  ( 0.000000000000000000, 0.000000000000000000, 1.000000000000000000 ) ) ;
#1732 = LINE ( 'NONE', #307, #5389 ) ;
#1733 = CARTESIAN_POINT ( 'NONE',  ( 0.04085601022221181655, -26.10134632421826950, 0.7952755905511811330 ) ) ;
#1734 = AXIS2_PLACEMENT_3D ( 'NONE', #3159, #3040, #2109 ) ;
#1735 = ORIENTED_EDGE ( 'NONE', *, *, #6061, .F. ) ;
#1736 =( GEOMETRIC_REPRESENTATION_CONTEXT ( 3 ) GLOBAL_UNCERTAINTY_ASSIGNED_CONTEXT ( ( #3372 ) ) GLOBAL_UNIT_ASSIGNED_CONTEXT ( ( #4939, #2660, #3974 ) ) REPRESENTATION_CONTEXT ( 'NONE', 'WORKASPACE' ) );
#1737 = ORIENTED_EDGE ( 'NONE', *, *, #5107, .T. ) ;
#1738 = ORIENTED_EDGE ( 'NONE', *, *, #4810, .T. ) ;
#1739 = CARTESIAN_POINT ( 'NONE',  ( 0.3243205771513404945, -26.10134632421826950, 0.7795275590551181688 ) ) ;
#1740 = AXIS2_PLACEMENT_3D ( 'NONE', #708, #2099, #5349 ) ;
#1741 = VECTOR ( 'NONE', #2564, 39.37007874015748143 ) ;
#1742 = DIRECTION ( 'NONE',  ( 0.000000000000000000, 0.000000000000000000, 1.000000000000000000 ) ) ;
#1743 = VERTEX_POINT ( 'NONE', #5178 ) ;
#1744 = LINE ( 'NONE', #2204, #4200 ) ;
#1745 = AXIS2_PLACEMENT_3D ( 'NONE', #2627, #4509, #2160 ) ;
#1746 = ORIENTED_EDGE ( 'NONE', *, *, #4659, .T. ) ;
#1747 = ADVANCED_FACE ( 'NONE', ( #949, #3238, #1317, #4656, #4141 ), #4230, .F. ) ;
#1748 = ORIENTED_EDGE ( 'NONE', *, *, #918, .T. ) ;
#1749 = LINE ( 'NONE', #2705, #5345 ) ;
#1750 = DIRECTION ( 'NONE',  ( 1.850371707708800053E-13, -1.000000000000000000, 0.000000000000000000 ) ) ;
#1751 = AXIS2_PLACEMENT_3D ( 'NONE', #5931, #3430, #5317 ) ;
#1752 = DIRECTION ( 'NONE',  ( 0.000000000000000000, 0.000000000000000000, -1.000000000000000000 ) ) ;
#1753 = CARTESIAN_POINT ( 'NONE',  ( -0.3804038322974441777, -0.001365561114251630020, 0.6771653543307086798 ) ) ;
#1754 = CARTESIAN_POINT ( 'NONE',  ( -0.1717424149746065165, -0.001365561114251630020, 0.5590551181102362266 ) ) ;
#1755 = DIRECTION ( 'NONE',  ( 0.000000000000000000, -1.000000000000000000, 0.000000000000000000 ) ) ;
#1756 = ORIENTED_EDGE ( 'NONE', *, *, #954, .T. ) ;
#1757 = EDGE_CURVE ( 'NONE', #3994, #4574, #5651, .T. ) ;
#1758 = EDGE_CURVE ( 'NONE', #2744, #5676, #5149, .T. ) ;
#1759 = ORIENTED_EDGE ( 'NONE', *, *, #3786, .F. ) ;
#1760 = VECTOR ( 'NONE', #3780, 39.37007874015748854 ) ;
#1761 = ADVANCED_FACE ( 'NONE', ( #1381 ), #5125, .F. ) ;
#1762 = CARTESIAN_POINT ( 'NONE',  ( -0.3095376905651948674, -26.10134632421826950, 0.7952755905511811330 ) ) ;
#1763 = DIRECTION ( 'NONE',  ( 0.000000000000000000, -1.000000000000000000, 0.000000000000000000 ) ) ;
#1764 = PLANE ( 'NONE',  #4406 ) ;
#1765 = ADVANCED_FACE ( 'NONE', ( #2833 ), #332, .T. ) ;
#1766 = ORIENTED_EDGE ( 'NONE', *, *, #4768, .F. ) ;
#1767 = LINE ( 'NONE', #2663, #1948 ) ;
#1768 = PRODUCT ( 'Same_Sky_SLW-178562-3A-S-D', 'Same_Sky_SLW-178562-3A-S-D', '', ( #5619 ) ) ;
#1769 = LINE ( 'NONE', #4076, #1730 ) ;
#1770 = DIRECTION ( 'NONE',  ( 0.000000000000000000, 0.000000000000000000, -1.000000000000000000 ) ) ;
#1771 = DIRECTION ( 'NONE',  ( -1.000000000000000000, 0.000000000000000000, 0.000000000000000000 ) ) ;
#1772 = ORIENTED_EDGE ( 'NONE', *, *, #1487, .F. ) ;
#1773 = ORIENTED_EDGE ( 'NONE', *, *, #1064, .T. ) ;
#1774 = CARTESIAN_POINT ( 'NONE',  ( -36.33384573514259586, -36.70795707025862242, 0.5590551181102362266 ) ) ;
#1775 = DIRECTION ( 'NONE',  ( 0.000000000000000000, 0.000000000000000000, -1.000000000000000000 ) ) ;
#1776 = CARTESIAN_POINT ( 'NONE',  ( -0.1658369031635877899, -0.001365561114251630020, 0.6614173228346458266 ) ) ;
#1777 = ORIENTED_EDGE ( 'NONE', *, *, #366, .F. ) ;
#1778 = VERTEX_POINT ( 'NONE', #6020 ) ;
#1779 = ORIENTED_EDGE ( 'NONE', *, *, #4139, .T. ) ;
#1780 = CARTESIAN_POINT ( 'NONE',  ( 0.2652654590411023805, -0.02892461623236318793, 0.5433070866141732624 ) ) ;
#1781 = LINE ( 'NONE', #4131, #5899 ) ;
#1782 = PLANE ( 'NONE',  #748 ) ;
#1783 = CARTESIAN_POINT ( 'NONE',  ( 0.1510922306946844429, 0.03800451762590591198, 0.5433070866141732624 ) ) ;
#1784 = VERTEX_POINT ( 'NONE', #2281 ) ;
#1785 = CARTESIAN_POINT ( 'NONE',  ( -0.2189865094627988229, 0.07343758849204802541, 0.6614173228346458266 ) ) ;
#1786 = ORIENTED_EDGE ( 'NONE', *, *, #1476, .F. ) ;
#1787 = ORIENTED_EDGE ( 'NONE', *, *, #5148, .T. ) ;
#1788 = EDGE_CURVE ( 'NONE', #1066, #5676, #824, .T. ) ;
#1789 = DIRECTION ( 'NONE',  ( -0.2064491695655964743, 0.9784573268087246589, 0.000000000000000000 ) ) ;
#1790 = ADVANCED_FACE ( 'NONE', ( #4600 ), #371, .T. ) ;
#1791 = LINE ( 'NONE', #3672, #58 ) ;
#1792 = LINE ( 'NONE', #5005, #5195 ) ;
#1793 = ORIENTED_EDGE ( 'NONE', *, *, #3606, .T. ) ;
#1794 = DIRECTION ( 'NONE',  ( 1.000000000000000000, 0.000000000000000000, 0.000000000000000000 ) ) ;
#1795 = EDGE_CURVE ( 'NONE', #351, #5837, #3737, .T. ) ;
#1796 = PLANE ( 'NONE',  #4388 ) ;
#1797 = PLANE ( 'NONE',  #4793 ) ;
#1798 = CARTESIAN_POINT ( 'NONE',  ( -46.94045648118299141, -0.02105060048433255934, 0.5590551181102362266 ) ) ;
#1799 = VECTOR ( 'NONE', #1832, 39.37007874015748143 ) ;
#1800 = EDGE_CURVE ( 'NONE', #993, #1784, #1791, .T. ) ;
#1801 = ORIENTED_EDGE ( 'NONE', *, *, #4659, .F. ) ;
#1802 = CARTESIAN_POINT ( 'NONE',  ( -0.05756918662815354443, -0.1450663485158281418, 0.6771653543307086798 ) ) ;
#1803 = CARTESIAN_POINT ( 'NONE',  ( 0.1884938054977992050, -0.4816411516654354741, 0.6023622047244094890 ) ) ;
#1804 = ORIENTED_EDGE ( 'NONE', *, *, #2254, .F. ) ;
#1805 = DIRECTION ( 'NONE',  ( 1.000000000000000000, 0.000000000000000000, 0.000000000000000000 ) ) ;
#1806 = ORIENTED_EDGE ( 'NONE', *, *, #4389, .T. ) ;
#1807 = ORIENTED_EDGE ( 'NONE', *, *, #2429, .F. ) ;
#1808 = LINE ( 'NONE', #1964, #1299 ) ;
#1809 = CARTESIAN_POINT ( 'NONE',  ( -10.61693583818035336, 10.22217431878437033, 0.5590551181102362266 ) ) ;
#1810 = CARTESIAN_POINT ( 'NONE',  ( 0.09203711258444587096, -0.001365561114251630020, 0.5433070866141732624 ) ) ;
#1811 = LINE ( 'NONE', #4650, #458 ) ;
#1812 = ORIENTED_EDGE ( 'NONE', *, *, #2588, .T. ) ;
#1813 = DIRECTION ( 'NONE',  ( 1.000000000000000000, 0.000000000000000000, 0.000000000000000000 ) ) ;
#1814 = ORIENTED_EDGE ( 'NONE', *, *, #3481, .T. ) ;
#1815 = ORIENTED_EDGE ( 'NONE', *, *, #3600, .T. ) ;
#1816 = VECTOR ( 'NONE', #4951, 39.37007874015748854 ) ;
#1817 = CARTESIAN_POINT ( 'NONE',  ( 0.2377064039229948855, 0.08800451762590570659, 0.7952755905511811330 ) ) ;
#1818 = LINE ( 'NONE', #5180, #5478 ) ;
#1819 = AXIS2_PLACEMENT_3D ( 'NONE', #5541, #6005, #4179 ) ;
#1820 = EDGE_CURVE ( 'NONE', #1513, #2265, #3264, .T. ) ;
#1821 = ORIENTED_EDGE ( 'NONE', *, *, #4322, .F. ) ;
#1822 = CARTESIAN_POINT ( 'NONE',  ( -0.2977266669431137824, -26.00086416922701460, 0.7952755905511811330 ) ) ;
#1823 = VECTOR ( 'NONE', #5187, 39.37007874015748854 ) ;
#1824 = LINE ( 'NONE', #4607, #2321 ) ;
#1825 = CARTESIAN_POINT ( 'NONE',  ( -37.22246646924732261, -36.72921559963074856, 0.7775590551181102983 ) ) ;
#1826 = PLANE ( 'NONE',  #2108 ) ;
#1827 = VECTOR ( 'NONE', #1441, 39.37007874015748143 ) ;
#1828 = VECTOR ( 'NONE', #774, 39.37007874015748143 ) ;
#1829 = EDGE_CURVE ( 'NONE', #711, #3039, #1530, .T. ) ;
#1830 = ORIENTED_EDGE ( 'NONE', *, *, #3062, .T. ) ;
#1831 = DIRECTION ( 'NONE',  ( 0.000000000000000000, -1.000000000000000000, 0.000000000000000000 ) ) ;
#1832 = DIRECTION ( 'NONE',  ( 0.000000000000000000, 0.000000000000000000, -1.000000000000000000 ) ) ;
#1833 = VECTOR ( 'NONE', #571, 39.37007874015748143 ) ;
#1834 = AXIS2_PLACEMENT_3D ( 'NONE', #5363, #1685, #3569 ) ;
#1835 = EDGE_CURVE ( 'NONE', #2388, #2947, #3352, .T. ) ;
#1836 = CARTESIAN_POINT ( 'NONE',  ( 0.2652654590411023805, -26.10134632421826950, 0.7952755905511811330 ) ) ;
#1837 = ORIENTED_EDGE ( 'NONE', *, *, #843, .T. ) ;
#1838 =( CONVERSION_BASED_UNIT ( 'INCH', #2297 ) LENGTH_UNIT ( ) NAMED_UNIT ( #6112 ) );
#1839 = ORIENTED_EDGE ( 'NONE', *, *, #1954, .T. ) ;
#1840 = EDGE_CURVE ( 'NONE', #41, #2795, #2436, .T. ) ;
#1841 = ORIENTED_EDGE ( 'NONE', *, *, #4540, .T. ) ;
#1842 = AXIS2_PLACEMENT_3D ( 'NONE', #5383, #1144, #3955 ) ;
#1843 = DIRECTION ( 'NONE',  ( 0.000000000000000000, -1.000000000000000000, 0.000000000000000000 ) ) ;
#1844 = VECTOR ( 'NONE', #4040, 39.37007874015748143 ) ;
#1845 = DIRECTION ( 'NONE',  ( 0.000000000000000000, 1.000000000000000000, 0.000000000000000000 ) ) ;
#1846 = CARTESIAN_POINT ( 'NONE',  ( 0.1451867188836220568, 0.1549336514841702650, 0.7952755905511811330 ) ) ;
#1847 = VECTOR ( 'NONE', #5847, 39.37007874015748143 ) ;
#1848 = DIRECTION ( 'NONE',  ( 0.000000000000000000, 0.000000000000000000, -1.000000000000000000 ) ) ;
#1849 = EDGE_LOOP ( 'NONE', ( #5603, #943, #56, #3683 ) ) ;
#1850 = VECTOR ( 'NONE', #2466, 39.37007874015748143 ) ;
#1851 = CARTESIAN_POINT ( 'NONE',  ( 0.2652654590411374080, 0.03800451762590591198, 0.7795275590551181688 ) ) ;
#1852 = VERTEX_POINT ( 'NONE', #603 ) ;
#1853 = AXIS2_PLACEMENT_3D ( 'NONE', #3302, #985, #5158 ) ;
#1854 = CARTESIAN_POINT ( 'NONE',  ( 3.517520943451260429, -15.45498776379866257, 0.5590551181102362266 ) ) ;
#1855 = LINE ( 'NONE', #2347, #5775 ) ;
#1856 = LINE ( 'NONE', #3353, #1047 ) ;
#1857 = SURFACE_SIDE_STYLE ('',( #6087 ) ) ;
#1858 = LINE ( 'NONE', #4695, #2237 ) ;
#1859 = FACE_OUTER_BOUND ( 'NONE', #1556, .T. ) ;
#1860 = ORIENTED_EDGE ( 'NONE', *, *, #3173, .T. ) ;
#1861 = DIRECTION ( 'NONE',  ( 0.000000000000000000, -1.000000000000000000, 0.000000000000000000 ) ) ;
#1862 = CARTESIAN_POINT ( 'NONE',  ( 0.1451867188836220568, -26.10134632421826950, 0.7952755905511811330 ) ) ;
#1863 = LINE ( 'NONE', #3164, #1926 ) ;
#1864 = EDGE_CURVE ( 'NONE', #2836, #5969, #5272, .T. ) ;
#1865 = DIRECTION ( 'NONE',  ( 0.000000000000000000, 3.252606517456421005E-15, -1.000000000000000000 ) ) ;
#1866 = EDGE_CURVE ( 'NONE', #4441, #4675, #2816, .T. ) ;
#1867 = ORIENTED_EDGE ( 'NONE', *, *, #159, .T. ) ;
#1868 = LINE ( 'NONE', #6098, #1930 ) ;
#1869 = ORIENTED_EDGE ( 'NONE', *, *, #4166, .T. ) ;
#1870 = ORIENTED_EDGE ( 'NONE', *, *, #1263, .T. ) ;
#1871 = CARTESIAN_POINT ( 'NONE',  ( -46.94045648118299141, 0.1876501869172421400, 0.7795275590551181688 ) ) ;
#1872 = EDGE_CURVE ( 'NONE', #5754, #4501, #1037, .T. ) ;
#1873 = CARTESIAN_POINT ( 'NONE',  ( -0.3213487141872058972, -26.00086416922701460, 0.7795275590551181688 ) ) ;
#1874 = EDGE_CURVE ( 'NONE', #1504, #2700, #1497, .T. ) ;
#1875 = LINE ( 'NONE', #361, #4900 ) ;
#1876 = VERTEX_POINT ( 'NONE', #4842 ) ;
#1877 = CARTESIAN_POINT ( 'NONE',  ( -0.3095376905651948674, -0.08522382883079014648, 0.5433070866141732624 ) ) ;
#1878 = EDGE_LOOP ( 'NONE', ( #934, #4155, #4976, #2704 ) ) ;
#1879 = ORIENTED_EDGE ( 'NONE', *, *, #3030, .T. ) ;
#1880 = EDGE_CURVE ( 'NONE', #6075, #126, #489, .T. ) ;
#1881 = CARTESIAN_POINT ( 'NONE',  ( -0.1717424149746413220, -0.02105060048433255934, 0.5433070866141732624 ) ) ;
#1882 = CARTESIAN_POINT ( 'NONE',  ( -0.3804038322974441777, -26.00086416922701460, 0.6614173228346458266 ) ) ;
#1883 = PLANE ( 'NONE',  #937 ) ;
#1884 = VERTEX_POINT ( 'NONE', #2373 ) ;
#1885 = PLANE ( 'NONE',  #3204 ) ;
#1886 = CARTESIAN_POINT ( 'NONE',  ( -0.03001013151007255603, 0.3057604231376799819, 0.7775590551181102983 ) ) ;
#1887 = CARTESIAN_POINT ( 'NONE',  ( -0.1658369031635877899, -26.00086416922701460, 0.7952755905511811330 ) ) ;
#1888 = EDGE_LOOP ( 'NONE', ( #3035, #4161, #2941, #1276 ) ) ;
#1889 = EDGE_LOOP ( 'NONE', ( #2603, #3904, #6058, #2156 ) ) ;
#1890 = DIRECTION ( 'NONE',  ( 1.000000000000000000, 0.000000000000000000, 0.000000000000000000 ) ) ;
#1891 = PLANE ( 'NONE',  #5548 ) ;
#1892 = FACE_OUTER_BOUND ( 'NONE', #102, .T. ) ;
#1893 = CARTESIAN_POINT ( 'NONE',  ( -46.94045648118780178, -0.02892461624110074722, 0.5433070866141732624 ) ) ;
#1894 = EDGE_LOOP ( 'NONE', ( #5664, #785, #2820, #1786 ) ) ;
#1895 = LINE ( 'NONE', #4218, #3207 ) ;
#1896 = EDGE_LOOP ( 'NONE', ( #2439, #886, #1209, #1202 ) ) ;
#1897 = ORIENTED_EDGE ( 'NONE', *, *, #2283, .F. ) ;
#1898 = LINE ( 'NONE', #4860, #3467 ) ;
#1899 = ADVANCED_FACE ( 'NONE', ( #5803 ), #2401, .F. ) ;
#1900 = ADVANCED_FACE ( 'NONE', ( #4816 ), #2465, .T. ) ;
#1901 = DIRECTION ( 'NONE',  ( 0.000000000000000000, 0.000000000000000000, -1.000000000000000000 ) ) ;
#1902 = EDGE_LOOP ( 'NONE', ( #2580, #2998, #2763, #1961 ) ) ;
#1903 = LINE ( 'NONE', #1397, #2337 ) ;
#1904 = ORIENTED_EDGE ( 'NONE', *, *, #3254, .F. ) ;
#1905 = PLANE ( 'NONE',  #1624 ) ;
#1906 = ORIENTED_EDGE ( 'NONE', *, *, #1378, .T. ) ;
#1907 = EDGE_CURVE ( 'NONE', #170, #2334, #2493, .T. ) ;
#1908 = FACE_OUTER_BOUND ( 'NONE', #4228, .T. ) ;
#1909 = DIRECTION ( 'NONE',  ( 0.000000000000000000, -1.000000000000000000, 0.000000000000000000 ) ) ;
#1910 = EDGE_CURVE ( 'NONE', #1156, #1513, #110, .T. ) ;
#1911 = CARTESIAN_POINT ( 'NONE',  ( -0.3449707614320409177, -26.10134632421952716, 0.7952755905511811330 ) ) ;
#1912 = ORIENTED_EDGE ( 'NONE', *, *, #3145, .F. ) ;
#1913 = CLOSED_SHELL ( 'NONE', ( #1216, #1302, #3560, #3745, #499, #3222, #1256, #156, #1065, #3905, #2702, #4551, #5792, #3979, #766, #5830, #700, #2392, #1345, #1029, #118, #3795, #1253, #991, #1471, #5832, #2777, #4049, #1900, #1790, #10, #4746, #200, #796, #2472, #3154, #1671, #5418, #123, #913, #1338, #5191, #2441, #2658, #5903, #983, #2803, #5744, #1453, #5576, #5500, #3220, #4361, #1519, #1641, #4548, #2582, #5146, #5504, #1210, #2772, #3488, #4539, #967, #1102, #5674, #6057, #5422, #5731, #1765, #2694, #4811, #2200, #3255, #5376, #773, #4729, #204, #85, #2399, #3593, #2919, #770, #5527, #5722, #3112, #4507, #3729 ) ) ;
#1914 = EDGE_CURVE ( 'NONE', #5267, #2424, #141, .T. ) ;
#1915 = PLANE ( 'NONE',  #3398 ) ;
#1916 = AXIS2_PLACEMENT_3D ( 'NONE', #71, #2902, #2415 ) ;
#1917 = CARTESIAN_POINT ( 'NONE',  ( -0.1008762732423220537, -26.00086416922701460, 0.7952755905511811330 ) ) ;
#1918 = CARTESIAN_POINT ( 'NONE',  ( -0.1126872968643679029, -0.001365561114251630020, 0.5590551181102362266 ) ) ;
#1919 = ORIENTED_EDGE ( 'NONE', *, *, #2740, .F. ) ;
#1920 = DIRECTION ( 'NONE',  ( 0.000000000000000000, 0.000000000000000000, -1.000000000000000000 ) ) ;
#1921 = VECTOR ( 'NONE', #5472, 39.37007874015748143 ) ;
#1922 = DIRECTION ( 'NONE',  ( 0.000000000000000000, 0.000000000000000000, -1.000000000000000000 ) ) ;
#1923 = CARTESIAN_POINT ( 'NONE',  ( -0.2642621000124059094, -26.00086416922417243, 0.6614173228346458266 ) ) ;
#1924 = CARTESIAN_POINT ( 'NONE',  ( -46.94045648118299141, -0.02105060048433255934, 0.5590551181102362266 ) ) ;
#1925 = ORIENTED_EDGE ( 'NONE', *, *, #2242, .T. ) ;
#1926 = VECTOR ( 'NONE', #3746, 39.37007874015748143 ) ;
#1927 = ORIENTED_EDGE ( 'NONE', *, *, #6091, .F. ) ;
#1928 = VERTEX_POINT ( 'NONE', #5334 ) ;
#1929 = LINE ( 'NONE', #4270, #804 ) ;
#1930 = VECTOR ( 'NONE', #904, 39.37007874015748143 ) ;
#1931 = VECTOR ( 'NONE', #2937, 39.37007874015748143 ) ;
#1932 = ORIENTED_EDGE ( 'NONE', *, *, #1100, .T. ) ;
#1933 = ORIENTED_EDGE ( 'NONE', *, *, #5801, .T. ) ;
#1934 = FACE_OUTER_BOUND ( 'NONE', #2572, .T. ) ;
#1935 = EDGE_CURVE ( 'NONE', #1968, #28, #4300, .T. ) ;
#1936 = VECTOR ( 'NONE', #3692, 39.37007874015748143 ) ;
#1937 = VECTOR ( 'NONE', #2751, 39.37007874015748143 ) ;
#1938 = VERTEX_POINT ( 'NONE', #4723 ) ;
#1939 = LINE ( 'NONE', #1033, #5105 ) ;
#1940 = VECTOR ( 'NONE', #5993, 39.37007874015748143 ) ;
#1941 = AXIS2_PLACEMENT_3D ( 'NONE', #3671, #6047, #4566 ) ;
#1942 = CARTESIAN_POINT ( 'NONE',  ( 0.04085601022221181655, 0.08800451762590570659, 0.5433070866141732624 ) ) ;
#1943 = CARTESIAN_POINT ( 'NONE',  ( -0.3111124937147940472, 0.04788640738964614063, 0.6870078740157480324 ) ) ;
#1944 = ADVANCED_FACE ( 'NONE', ( #5766 ), #976, .T. ) ;
#1945 = CARTESIAN_POINT ( 'NONE',  ( -46.94045648118299141, -0.02105060048433255934, 0.7952755905511811330 ) ) ;
#1946 = EDGE_CURVE ( 'NONE', #5351, #5111, #52, .T. ) ;
#1947 = ORIENTED_EDGE ( 'NONE', *, *, #2664, .T. ) ;
#1948 = VECTOR ( 'NONE', #4636, 39.37007874015748143 ) ;
#1949 = EDGE_CURVE ( 'NONE', #4592, #4744, #5243, .T. ) ;
#1950 = VECTOR ( 'NONE', #787, 39.37007874015748143 ) ;
#1951 = LINE ( 'NONE', #1472, #4785 ) ;
#1952 = CARTESIAN_POINT ( 'NONE',  ( 0.08022608896878150042, -26.00086416921546828, 0.6771653543307086798 ) ) ;
#1953 = FACE_OUTER_BOUND ( 'NONE', #1894, .T. ) ;
#1954 = EDGE_CURVE ( 'NONE', #2388, #3478, #295, .T. ) ;
#1955 = EDGE_LOOP ( 'NONE', ( #4565, #4217, #6067, #453 ) ) ;
#1956 = DIRECTION ( 'NONE',  ( 0.000000000000000000, 0.000000000000000000, 1.000000000000000000 ) ) ;
#1957 = CARTESIAN_POINT ( 'NONE',  ( -0.3804038322974441777, -26.00086416922701460, 0.6614173228346458266 ) ) ;
#1958 = CARTESIAN_POINT ( 'NONE',  ( -0.3449707614313327064, 0.1876501869172421400, 0.5590551181102362266 ) ) ;
#1959 = DIRECTION ( 'NONE',  ( -0.2064491695655964743, 0.9784573268087246589, 0.000000000000000000 ) ) ;
#1960 = CARTESIAN_POINT ( 'NONE',  ( -0.3111124937147940472, 0.1699336514841340851, 0.3838582677165354173 ) ) ;
#1961 = ORIENTED_EDGE ( 'NONE', *, *, #3037, .F. ) ;
#1962 = EDGE_LOOP ( 'NONE', ( #1012, #3161, #1206, #477 ) ) ;
#1963 = ORIENTED_EDGE ( 'NONE', *, *, #4460, .T. ) ;
#1964 = CARTESIAN_POINT ( 'NONE',  ( -47.43742357988960379, 0.04001239164161551204, 0.5610236220472440971 ) ) ;
#1965 = DIRECTION ( 'NONE',  ( -1.000000000000000000, 0.000000000000000000, 0.000000000000000000 ) ) ;
#1966 = ORIENTED_EDGE ( 'NONE', *, *, #5911, .F. ) ;
#1967 = DIRECTION ( 'NONE',  ( 1.000000000000000000, 0.000000000000000000, 0.000000000000000000 ) ) ;
#1968 = VERTEX_POINT ( 'NONE', #2615 ) ;
#1969 = EDGE_LOOP ( 'NONE', ( #2581, #813, #2830, #3614 ) ) ;
#1970 = PLANE ( 'NONE',  #4124 ) ;
#1971 = LINE ( 'NONE', #4318, #2137 ) ;
#1972 = DIRECTION ( 'NONE',  ( 0.000000000000000000, 0.000000000000000000, -1.000000000000000000 ) ) ;
#1973 = LINE ( 'NONE', #4409, #1540 ) ;
#1974 = ORIENTED_EDGE ( 'NONE', *, *, #5823, .T. ) ;
#1975 = EDGE_CURVE ( 'NONE', #4267, #3469, #4497, .T. ) ;
#1976 = EDGE_CURVE ( 'NONE', #3631, #5666, #1587, .T. ) ;
#1977 = LINE ( 'NONE', #979, #738 ) ;
#1978 = DIRECTION ( 'NONE',  ( 0.000000000000000000, 0.000000000000000000, -1.000000000000000000 ) ) ;
#1979 = LINE ( 'NONE', #4756, #3100 ) ;
#1980 = ORIENTED_EDGE ( 'NONE', *, *, #5715, .T. ) ;
#1981 = LINE ( 'NONE', #3860, #4311 ) ;
#1982 = EDGE_CURVE ( 'NONE', #3686, #3464, #3102, .T. ) ;
#1983 = DIRECTION ( 'NONE',  ( 0.000000000000000000, 1.000000000000000000, 0.000000000000000000 ) ) ;
#1984 = CARTESIAN_POINT ( 'NONE',  ( -0.3213487141872058972, -0.001365561114251630020, 0.5590551181102362266 ) ) ;
#1985 = DIRECTION ( 'NONE',  ( 1.000000000000000000, 0.000000000000000000, 0.000000000000000000 ) ) ;
#1986 = LINE ( 'NONE', #6096, #3291 ) ;
#1987 = ORIENTED_EDGE ( 'NONE', *, *, #3932, .T. ) ;
#1988 = EDGE_CURVE ( 'NONE', #682, #4092, #3903, .T. ) ;
#1989 = ORIENTED_EDGE ( 'NONE', *, *, #768, .T. ) ;
#1990 = EDGE_LOOP ( 'NONE', ( #1203, #2184, #1336, #2945, #5202, #3226, #3841, #1652, #2322, #618 ) ) ;
#1991 = DIRECTION ( 'NONE',  ( 0.000000000000000000, 0.000000000000000000, -1.000000000000000000 ) ) ;
#1992 = CARTESIAN_POINT ( 'NONE',  ( 0.3243205771513404945, -0.1324679233161021874, 0.5590551181102362266 ) ) ;
#1993 = ORIENTED_EDGE ( 'NONE', *, *, #2095, .F. ) ;
#1994 = CARTESIAN_POINT ( 'NONE',  ( -0.1717424149746065165, -0.001365561114251630020, 0.5433070866141732624 ) ) ;
#1995 = VERTEX_POINT ( 'NONE', #1159 ) ;
#1996 = VECTOR ( 'NONE', #3303, 39.37007874015748143 ) ;
#1997 = DIRECTION ( 'NONE',  ( 1.000000000000000000, 0.000000000000000000, 0.000000000000000000 ) ) ;
#1998 = DIRECTION ( 'NONE',  ( 1.000000000000000000, 0.000000000000000000, 0.000000000000000000 ) ) ;
#1999 = DIRECTION ( 'NONE',  ( 0.000000000000000000, 0.000000000000000000, -1.000000000000000000 ) ) ;
#2000 = CARTESIAN_POINT ( 'NONE',  ( -46.94045648118299141, -0.02892461623236318793, 0.7952755905511811330 ) ) ;
#2001 = ORIENTED_EDGE ( 'NONE', *, *, #83, .F. ) ;
#2002 = LINE ( 'NONE', #4289, #2521 ) ;
#2003 = CARTESIAN_POINT ( 'NONE',  ( -0.2071754858407791333, -26.51425848898617943, 0.6102362204724409711 ) ) ;
#2004 = DIRECTION ( 'NONE',  ( 0.000000000000000000, 0.000000000000000000, -1.000000000000000000 ) ) ;
#2005 = ORIENTED_EDGE ( 'NONE', *, *, #1449, .T. ) ;
#2006 = EDGE_CURVE ( 'NONE', #2481, #4060, #760, .T. ) ;
#2007 = ORIENTED_EDGE ( 'NONE', *, *, #2370, .T. ) ;
#2008 = CARTESIAN_POINT ( 'NONE',  ( -0.3804038322974441777, -26.00086416922701460, 0.6614173228346458266 ) ) ;
#2009 = CARTESIAN_POINT ( 'NONE',  ( 0.04085601022221181655, 0.08800451762590570659, 0.7952755905511811330 ) ) ;
#2010 = AXIS2_PLACEMENT_3D ( 'NONE', #3960, #165, #686 ) ;
#2011 = LINE ( 'NONE', #1052, #2714 ) ;
#2012 = PLANE ( 'NONE',  #57 ) ;
#2013 = CARTESIAN_POINT ( 'NONE',  ( -0.3449707614313327064, 0.1719021554211809244, 0.7795275590551181688 ) ) ;
#2014 = ORIENTED_EDGE ( 'NONE', *, *, #5297, .T. ) ;
#2015 = EDGE_CURVE ( 'NONE', #4896, #3557, #5922, .T. ) ;
#2016 = ORIENTED_EDGE ( 'NONE', *, *, #2841, .T. ) ;
#2017 = VECTOR ( 'NONE', #714, 39.37007874015748143 ) ;
#2018 = ORIENTED_EDGE ( 'NONE', *, *, #4139, .F. ) ;
#2019 = DIRECTION ( 'NONE',  ( 1.000000000000000000, 0.000000000000000000, 0.000000000000000000 ) ) ;
#2020 = EDGE_CURVE ( 'NONE', #5544, #3029, #4868, .T. ) ;
#2021 = LINE ( 'NONE', #2366, #5361 ) ;
#2022 = ORIENTED_EDGE ( 'NONE', *, *, #2588, .F. ) ;
#2023 = DIRECTION ( 'NONE',  ( 0.000000000000000000, 0.000000000000000000, 1.000000000000000000 ) ) ;
#2024 = ADVANCED_FACE ( 'NONE', ( #5491 ), #4437, .F. ) ;
#2025 = ORIENTED_EDGE ( 'NONE', *, *, #4283, .F. ) ;
#2026 = VECTOR ( 'NONE', #2923, 39.37007874015748143 ) ;
#2027 = CIRCLE ( 'NONE', #4887, 0.009842519685033915972 ) ;
#2028 = LINE ( 'NONE', #3820, #376 ) ;
#2029 = DIRECTION ( 'NONE',  ( -1.000000000000000000, 0.000000000000000000, 0.000000000000000000 ) ) ;
#2030 = VECTOR ( 'NONE', #1678, 39.37007874015748143 ) ;
#2031 = CARTESIAN_POINT ( 'NONE',  ( -0.1205613126124072954, -26.00086416922701460, 0.6771653543307086798 ) ) ;
#2032 = AXIS2_PLACEMENT_3D ( 'NONE', #1882, #1406, #2310 ) ;
#2033 = CARTESIAN_POINT ( 'NONE',  ( -0.3111124937147940472, 0.04788640738964614063, 0.7047244094488188670 ) ) ;
#2034 = ORIENTED_EDGE ( 'NONE', *, *, #344, .T. ) ;
#2035 = AXIS2_PLACEMENT_3D ( 'NONE', #6027, #5039, #1295 ) ;
#2036 = VECTOR ( 'NONE', #4717, 39.37007874015748143 ) ;
#2037 = LINE ( 'NONE', #4415, #1138 ) ;
#2038 = VECTOR ( 'NONE', #3577, 39.37007874015748143 ) ;
#2039 = ORIENTED_EDGE ( 'NONE', *, *, #4379, .T. ) ;
#2040 = LINE ( 'NONE', #278, #167 ) ;
#2041 = CARTESIAN_POINT ( 'NONE',  ( -0.1323723362344881860, -26.10134632421826950, 0.7952755905511811330 ) ) ;
#2042 = VECTOR ( 'NONE', #4446, 39.37007874015748143 ) ;
#2043 = LINE ( 'NONE', #3838, #5573 ) ;
#2044 = LINE ( 'NONE', #4020, #1041 ) ;
#2045 = DIRECTION ( 'NONE',  ( 0.000000000000000000, 1.000000000000000000, 0.000000000000000000 ) ) ;
#2046 = ORIENTED_EDGE ( 'NONE', *, *, #2837, .T. ) ;
#2047 = ORIENTED_EDGE ( 'NONE', *, *, #532, .F. ) ;
#2048 = ORIENTED_EDGE ( 'NONE', *, *, #1186, .F. ) ;
#2049 = LINE ( 'NONE', #4393, #2088 ) ;
#2050 = EDGE_CURVE ( 'NONE', #1166, #4720, #2586, .T. ) ;
#2051 = EDGE_CURVE ( 'NONE', #6075, #557, #4065, .T. ) ;
#2052 = PRODUCT_DEFINITION_FORMATION_WITH_SPECIFIED_SOURCE ( 'ANY', '', #1768, .NOT_KNOWN. ) ;
#2053 = DIRECTION ( 'NONE',  ( 0.000000000000000000, 0.000000000000000000, -1.000000000000000000 ) ) ;
#2054 = ORIENTED_EDGE ( 'NONE', *, *, #1588, .F. ) ;
#2055 = CARTESIAN_POINT ( 'NONE',  ( 0.6884938054977971511, 0.04788640738964614063, 0.7047244094488188670 ) ) ;
#2056 = ORIENTED_EDGE ( 'NONE', *, *, #3173, .F. ) ;
#2057 = CARTESIAN_POINT ( 'NONE',  ( -0.04772666694311086116, -0.001365561114251630020, 0.6614173228346458266 ) ) ;
#2058 = ADVANCED_FACE ( 'NONE', ( #1715 ), #2525, .F. ) ;
#2059 = DIRECTION ( 'NONE',  ( 1.000000000000000000, 0.000000000000000000, 0.000000000000000000 ) ) ;
#2060 = DIRECTION ( 'NONE',  ( -0.7071067811866260655, -0.7071067811864689689, 0.000000000000000000 ) ) ;
#2061 = DIRECTION ( 'NONE',  ( 0.7071067811864689689, -0.7071067811866260655, 0.000000000000000000 ) ) ;
#2062 = ADVANCED_FACE ( 'NONE', ( #4408 ), #4960, .T. ) ;
#2063 = VERTEX_POINT ( 'NONE', #5828 ) ;
#2064 = CARTESIAN_POINT ( 'NONE',  ( -10.36307747837279791, 10.56008761252240369, 0.7283464566929134243 ) ) ;
#2065 = DIRECTION ( 'NONE',  ( 1.000000000000000000, 0.000000000000000000, 0.000000000000000000 ) ) ;
#2066 = ORIENTED_EDGE ( 'NONE', *, *, #2162, .F. ) ;
#2067 = CARTESIAN_POINT ( 'NONE',  ( -0.2091439897777913615, 0.1719021554211809244, 0.5433070866141732624 ) ) ;
#2068 = DIRECTION ( 'NONE',  ( 0.000000000000000000, 0.000000000000000000, 1.000000000000000000 ) ) ;
#2069 = PLANE ( 'NONE',  #1740 ) ;
#2070 = CARTESIAN_POINT ( 'NONE',  ( 0.2652654590411374080, -0.001365561114251630020, 0.7795275590551181688 ) ) ;
#2071 = ORIENTED_EDGE ( 'NONE', *, *, #4427, .T. ) ;
#2072 = FACE_OUTER_BOUND ( 'NONE', #4276, .T. ) ;
#2073 = ORIENTED_EDGE ( 'NONE', *, *, #2841, .F. ) ;
#2074 = ORIENTED_EDGE ( 'NONE', *, *, #4730, .T. ) ;
#2075 = LINE ( 'NONE', #3958, #1847 ) ;
#2076 = DIRECTION ( 'NONE',  ( 1.000000000000000000, 0.000000000000000000, 0.000000000000000000 ) ) ;
#2077 = EDGE_LOOP ( 'NONE', ( #6031, #3846, #567, #1806 ) ) ;
#2078 = DIRECTION ( 'NONE',  ( -1.000000000000000000, 0.000000000000000000, 0.000000000000000000 ) ) ;
#2079 = ORIENTED_EDGE ( 'NONE', *, *, #2242, .F. ) ;
#2080 = EDGE_CURVE ( 'NONE', #2334, #3252, #1124, .T. ) ;
#2081 = EDGE_CURVE ( 'NONE', #487, #993, #229, .T. ) ;
#2082 = ORIENTED_EDGE ( 'NONE', *, *, #4661, .F. ) ;
#2083 = CYLINDRICAL_SURFACE ( 'NONE', #3033, 0.009842519685033915972 ) ;
#2084 = DIRECTION ( 'NONE',  ( 0.000000000000000000, 0.000000000000000000, 1.000000000000000000 ) ) ;
#2085 = FACE_OUTER_BOUND ( 'NONE', #1077, .T. ) ;
#2086 = LINE ( 'NONE', #1097, #5789 ) ;
#2087 = ORIENTED_EDGE ( 'NONE', *, *, #5687, .F. ) ;
#2088 = VECTOR ( 'NONE', #4891, 39.37007874015748143 ) ;
#2089 = ADVANCED_FACE ( 'NONE', ( #2085 ), #3967, .F. ) ;
#2090 = ORIENTED_EDGE ( 'NONE', *, *, #4128, .F. ) ;
#2091 = EDGE_CURVE ( 'NONE', #2896, #1166, #3509, .T. ) ;
#2092 = CARTESIAN_POINT ( 'NONE',  ( -10.32370739963264050, 10.59945769126256110, 0.7775590551181102983 ) ) ;
#2093 = DIRECTION ( 'NONE',  ( 1.000000000000000000, 0.000000000000000000, 0.000000000000000000 ) ) ;
#2094 = PLANE ( 'NONE',  #3417 ) ;
#2095 = EDGE_CURVE ( 'NONE', #1112, #386, #1656, .T. ) ;
#2096 = VERTEX_POINT ( 'NONE', #2681 ) ;
#2097 = DIRECTION ( 'NONE',  ( 1.000000000000000000, 0.000000000000000000, 0.000000000000000000 ) ) ;
#2098 = CARTESIAN_POINT ( 'NONE',  ( -10.32370739963264050, 10.59945769126256110, 0.6102362204724409711 ) ) ;
#2099 = DIRECTION ( 'NONE',  ( 0.000000000000000000, 0.000000000000000000, 1.000000000000000000 ) ) ;
#2100 = LINE ( 'NONE', #3491, #630 ) ;
#2101 = ORIENTED_EDGE ( 'NONE', *, *, #469, .F. ) ;
#2102 = ORIENTED_EDGE ( 'NONE', *, *, #5413, .T. ) ;
#2103 = ORIENTED_EDGE ( 'NONE', *, *, #1095, .T. ) ;
#2104 = CARTESIAN_POINT ( 'NONE',  ( -0.1678054071006259973, 0.2860753837676381917, 0.7283464566929134243 ) ) ;
#2105 = CARTESIAN_POINT ( 'NONE',  ( -0.1993014700927137617, 0.07343758849204802541, 0.7952755905511811330 ) ) ;
#2106 = CARTESIAN_POINT ( 'NONE',  ( 0.08022608896878150042, -26.00086416921546828, 0.7952755905511811330 ) ) ;
#2107 = ORIENTED_EDGE ( 'NONE', *, *, #5221, .T. ) ;
#2108 = AXIS2_PLACEMENT_3D ( 'NONE', #2167, #3124, #1233 ) ;
#2109 = DIRECTION ( 'NONE',  ( 0.000000000000000000, 0.000000000000000000, -1.000000000000000000 ) ) ;
#2110 = VERTEX_POINT ( 'NONE', #2303 ) ;
#2111 = EDGE_LOOP ( 'NONE', ( #4209, #4921, #2942, #6036 ) ) ;
#2112 = CARTESIAN_POINT ( 'NONE',  ( 0.09361191573401889121, 0.04788640738964614063, 0.6870078740157480324 ) ) ;
#2113 = VECTOR ( 'NONE', #901, 39.37007874015748143 ) ;
#2114 = FACE_BOUND ( 'NONE', #4644, .T. ) ;
#2115 = DIRECTION ( 'NONE',  ( 1.000000000000000000, 0.000000000000000000, 0.000000000000000000 ) ) ;
#2116 = CARTESIAN_POINT ( 'NONE',  ( -0.3804038322974441777, -26.00086416922701460, 0.6771653543307086798 ) ) ;
#2117 = FACE_OUTER_BOUND ( 'NONE', #1522, .T. ) ;
#2118 = VERTEX_POINT ( 'NONE', #3257 ) ;
#2119 = CIRCLE ( 'NONE', #243, 0.009842519685033915972 ) ;
#2120 = VECTOR ( 'NONE', #3881, 39.37007874015748143 ) ;
#2121 = ORIENTED_EDGE ( 'NONE', *, *, #1683, .T. ) ;
#2122 = VECTOR ( 'NONE', #5645, 39.37007874015748143 ) ;
#2124 = EDGE_CURVE ( 'NONE', #5890, #5667, #4097, .T. ) ;
#2123 = VECTOR ( 'NONE', #3914, 39.37007874015748143 ) ;
#2125 = LINE ( 'NONE', #5003, #2530 ) ;
#2126 = EDGE_CURVE ( 'NONE', #3782, #5070, #4189, .T. ) ;
#2127 = SURFACE_STYLE_USAGE ( .BOTH. , #3610 ) ;
#2128 = LINE ( 'NONE', #4378, #4306 ) ;
#2129 = VECTOR ( 'NONE', #2742, 39.37007874015748143 ) ;
#2130 = AXIS2_PLACEMENT_3D ( 'NONE', #2463, #84, #3380 ) ;
#2131 = ADVANCED_FACE ( 'NONE', ( #4160 ), #5522, .T. ) ;
#2132 = ORIENTED_EDGE ( 'NONE', *, *, #692, .F. ) ;
#2133 = PLANE ( 'NONE',  #3025 ) ;
#2134 = EDGE_CURVE ( 'NONE', #2461, #5577, #789, .T. ) ;
#2135 = VECTOR ( 'NONE', #4444, 39.37007874015748143 ) ;
#2136 = DIRECTION ( 'NONE',  ( 0.000000000000000000, -1.000000000000000000, 0.000000000000000000 ) ) ;
#2137 = VECTOR ( 'NONE', #1405, 39.37007874015748143 ) ;
#2138 = CARTESIAN_POINT ( 'NONE',  ( -0.3095376905651948674, -26.10134632421826950, 0.7952755905511811330 ) ) ;
#2139 = CARTESIAN_POINT ( 'NONE',  ( 0.1491237267576722703, -0.001365561114251630020, 0.6771653543307086798 ) ) ;
#2140 = ORIENTED_EDGE ( 'NONE', *, *, #4440, .T. ) ;
#2141 = ORIENTED_EDGE ( 'NONE', *, *, #5268, .F. ) ;
#2142 = ORIENTED_EDGE ( 'NONE', *, *, #1100, .F. ) ;
#2143 = AXIS2_PLACEMENT_3D ( 'NONE', #1822, #1794, #1359 ) ;
#2144 = CARTESIAN_POINT ( 'NONE',  ( -0.3111124937147940472, 0.1699336514841340851, 0.5610236220472440971 ) ) ;
#2145 = CARTESIAN_POINT ( 'NONE',  ( -0.1126872968643679029, -0.001365561114251630020, 0.5590551181102362266 ) ) ;
#2146 = AXIS2_PLACEMENT_3D ( 'NONE', #3911, #4316, #82 ) ;
#2147 = VERTEX_POINT ( 'NONE', #3195 ) ;
#2148 = DIRECTION ( 'NONE',  ( 1.000000000000000000, 0.000000000000000000, 0.000000000000000000 ) ) ;
#2149 = ORIENTED_EDGE ( 'NONE', *, *, #3600, .F. ) ;
#2150 = EDGE_LOOP ( 'NONE', ( #4611, #191, #224, #3067 ) ) ;
#2151 = CARTESIAN_POINT ( 'NONE',  ( -10.61693583818035336, 10.22217431878437033, 0.5433070866141732624 ) ) ;
#2152 = LINE ( 'NONE', #5921, #5889 ) ;
#2153 = CARTESIAN_POINT ( 'NONE',  ( 0.1510922306946494154, -26.10134632421826950, 0.7795275590551181688 ) ) ;
#2154 = CARTESIAN_POINT ( 'NONE',  ( -0.2071754858407791333, -26.51425848898617943, 0.7283464566929134243 ) ) ;
#2155 = CARTESIAN_POINT ( 'NONE',  ( 0.1097536480174842732, -26.10134632421826950, 0.7952755905511811330 ) ) ;
#2156 = ORIENTED_EDGE ( 'NONE', *, *, #1835, .T. ) ;
#2157 = VERTEX_POINT ( 'NONE', #5583 ) ;
#2158 = FACE_OUTER_BOUND ( 'NONE', #5879, .T. ) ;
#2159 = FACE_OUTER_BOUND ( 'NONE', #5386, .T. ) ;
#2160 = DIRECTION ( 'NONE',  ( 1.000000000000000000, 0.000000000000000000, 0.000000000000000000 ) ) ;
#2161 = ADVANCED_FACE ( 'NONE', ( #885 ), #3165, .F. ) ;
#2162 = EDGE_CURVE ( 'NONE', #3886, #5299, #2211, .T. ) ;
#2163 = EDGE_LOOP ( 'NONE', ( #3535, #4952, #1779, #207 ) ) ;
#2164 = DIRECTION ( 'NONE',  ( 0.000000000000000000, -1.000000000000000000, 0.000000000000000000 ) ) ;
#2165 = CARTESIAN_POINT ( 'NONE',  ( 3.517520943451260429, -15.45498776379866257, 0.7952755905511811330 ) ) ;
#2166 = FACE_OUTER_BOUND ( 'NONE', #4025, .T. ) ;
#2167 = CARTESIAN_POINT ( 'NONE',  ( -46.76888308971299324, -26.00086416922701460, 0.5590551181102362266 ) ) ;
#2168 = VERTEX_POINT ( 'NONE', #5025 ) ;
#2169 = ORIENTED_EDGE ( 'NONE', *, *, #5454, .F. ) ;
#2170 = EDGE_CURVE ( 'NONE', #4616, #5055, #5117, .T. ) ;
#2171 = ORIENTED_EDGE ( 'NONE', *, *, #2134, .T. ) ;
#2172 = CARTESIAN_POINT ( 'NONE',  ( -0.3213487141872058972, 0.03800451762590591198, 0.7952755905511811330 ) ) ;
#2173 = FACE_BOUND ( 'NONE', #1962, .T. ) ;
#2174 = EDGE_CURVE ( 'NONE', #3564, #538, #2246, .T. ) ;
#2175 = ORIENTED_EDGE ( 'NONE', *, *, #2551, .F. ) ;
#2176 = DIRECTION ( 'NONE',  ( 0.000000000000000000, 1.000000000000000000, 0.000000000000000000 ) ) ;
#2177 = ORIENTED_EDGE ( 'NONE', *, *, #5655, .T. ) ;
#2178 = EDGE_LOOP ( 'NONE', ( #5769, #4056, #4736, #5729 ) ) ;
#2179 = CARTESIAN_POINT ( 'NONE',  ( -46.94045648118299141, 0.08800451762590570659, 0.7952755905511811330 ) ) ;
#2180 = CARTESIAN_POINT ( 'NONE',  ( 0.1510922306946844429, -26.00086416922701460, 0.7795275590551181688 ) ) ;
#2181 = CARTESIAN_POINT ( 'NONE',  ( -0.3213487141872058972, -0.001365561114251630020, 0.5590551181102362266 ) ) ;
#2182 = CARTESIAN_POINT ( 'NONE',  ( -0.1126872968643679029, 0.03800451762590591198, 0.5590551181102362266 ) ) ;
#2183 = CARTESIAN_POINT ( 'NONE',  ( -46.94045648118299141, 0.002571446759763685360, 0.7952755905511811330 ) ) ;
#2184 = ORIENTED_EDGE ( 'NONE', *, *, #2360, .T. ) ;
#2185 = ORIENTED_EDGE ( 'NONE', *, *, #1935, .F. ) ;
#2186 = CARTESIAN_POINT ( 'NONE',  ( 0.09203711258441102383, 0.03800451762590591198, 0.7952755905511811330 ) ) ;
#2187 = FACE_OUTER_BOUND ( 'NONE', #254, .T. ) ;
#2188 = AXIS2_PLACEMENT_3D ( 'NONE', #1862, #5133, #3272 ) ;
#2189 = DIRECTION ( 'NONE',  ( 0.000000000000000000, 0.000000000000000000, 1.000000000000000000 ) ) ;
#2190 = ORIENTED_EDGE ( 'NONE', *, *, #5041, .T. ) ;
#2191 = DIRECTION ( 'NONE',  ( 0.000000000000000000, 0.000000000000000000, -1.000000000000000000 ) ) ;
#2192 = DIRECTION ( 'NONE',  ( -1.000000000000000000, 0.000000000000000000, 0.000000000000000000 ) ) ;
#2193 = DIRECTION ( 'NONE',  ( 0.000000000000000000, -1.000000000000000000, 0.000000000000000000 ) ) ;
#2194 = DIRECTION ( 'NONE',  ( 0.000000000000000000, 0.000000000000000000, -1.000000000000000000 ) ) ;
#2195 = EDGE_CURVE ( 'NONE', #4557, #5442, #1875, .T. ) ;
#2196 = ORIENTED_EDGE ( 'NONE', *, *, #6099, .F. ) ;
#2197 = ORIENTED_EDGE ( 'NONE', *, *, #3891, .T. ) ;
#2198 = ORIENTED_EDGE ( 'NONE', *, *, #2391, .F. ) ;
#2199 = DIRECTION ( 'NONE',  ( 0.000000000000000000, 0.000000000000000000, 1.000000000000000000 ) ) ;
#2200 = ADVANCED_FACE ( 'NONE', ( #5550 ), #3732, .T. ) ;
#2201 = DIRECTION ( 'NONE',  ( 0.000000000000000000, 0.000000000000000000, -1.000000000000000000 ) ) ;
#2202 = EDGE_CURVE ( 'NONE', #4048, #3640, #5984, .T. ) ;
#2203 = ORIENTED_EDGE ( 'NONE', *, *, #4996, .T. ) ;
#2204 = CARTESIAN_POINT ( 'NONE',  ( -0.1205613126124072954, 0.07343758849204802541, 0.7952755905511811330 ) ) ;
#2205 = ORIENTED_EDGE ( 'NONE', *, *, #881, .T. ) ;
#2206 = ORIENTED_EDGE ( 'NONE', *, *, #4556, .F. ) ;
#2207 = EDGE_CURVE ( 'NONE', #161, #672, #2792, .T. ) ;
#2208 = DIRECTION ( 'NONE',  ( -0.000000000000000000, 1.000000000000000000, 0.000000000000000000 ) ) ;
#2209 = CARTESIAN_POINT ( 'NONE',  ( -0.3111124937147940472, 0.04788640738964614063, 0.6515748031496062520 ) ) ;
#2210 = EDGE_CURVE ( 'NONE', #2110, #4363, #6013, .T. ) ;
#2211 = LINE ( 'NONE', #3755, #3017 ) ;
#2212 = CARTESIAN_POINT ( 'NONE',  ( -0.01032509213999598455, -26.51425848898617943, 0.6102362204724409711 ) ) ;
#2213 = FACE_OUTER_BOUND ( 'NONE', #930, .T. ) ;
#2214 = EDGE_LOOP ( 'NONE', ( #1247, #88, #451, #6008 ) ) ;
#2215 = VERTEX_POINT ( 'NONE', #3665 ) ;
#2216 = VECTOR ( 'NONE', #1390, 39.37007874015748143 ) ;
#2217 = CARTESIAN_POINT ( 'NONE',  ( -46.94045648118299141, -0.02105060048433255934, 0.7952755905511811330 ) ) ;
#2218 = AXIS2_PLACEMENT_3D ( 'NONE', #2408, #433, #3856 ) ;
#2219 = LINE ( 'NONE', #1692, #5096 ) ;
#2220 = ORIENTED_EDGE ( 'NONE', *, *, #5036, .F. ) ;
#2221 = VECTOR ( 'NONE', #5482, 39.37007874015748143 ) ;
#2222 = DIRECTION ( 'NONE',  ( 0.000000000000000000, -1.000000000000000000, 0.000000000000000000 ) ) ;
#2223 = COLOUR_RGB ( '',0.7921568627450980005, 0.8196078431372548767, 0.9333333333333333481 ) ;
#2224 = DIRECTION ( 'NONE',  ( 0.000000000000000000, 0.000000000000000000, 1.000000000000000000 ) ) ;
#2225 = CARTESIAN_POINT ( 'NONE',  ( -0.08906524962031103776, 0.2860753837675988343, 0.7775590551181102983 ) ) ;
#2226 = LINE ( 'NONE', #4118, #2613 ) ;
#2227 = VECTOR ( 'NONE', #4857, 39.37007874015748143 ) ;
#2228 = AXIS2_PLACEMENT_3D ( 'NONE', #5712, #2950, #22 ) ;
#2229 = EDGE_LOOP ( 'NONE', ( #5505, #4765, #2171, #4268 ) ) ;
#2230 = ORIENTED_EDGE ( 'NONE', *, *, #4622, .T. ) ;
#2231 = FACE_OUTER_BOUND ( 'NONE', #3963, .T. ) ;
#2232 = VECTOR ( 'NONE', #1165, 39.37007874015748143 ) ;
#2233 = AXIS2_PLACEMENT_3D ( 'NONE', #910, #5084, #1348 ) ;
#2234 = LINE ( 'NONE', #2329, #5962 ) ;
#2235 = VERTEX_POINT ( 'NONE', #392 ) ;
#2236 = CARTESIAN_POINT ( 'NONE',  ( 0.1392812070726383855, -0.1450663485158281418, 0.6614173228346458266 ) ) ;
#2237 = VECTOR ( 'NONE', #2444, 39.37007874015748143 ) ;
#2238 = VERTEX_POINT ( 'NONE', #857 ) ;
#2239 = ORIENTED_EDGE ( 'NONE', *, *, #1788, .T. ) ;
#2240 = CARTESIAN_POINT ( 'NONE',  ( 0.1510922306946844429, -0.001365561114251630020, 0.7795275590551181688 ) ) ;
#2241 = EDGE_CURVE ( 'NONE', #2689, #1166, #6105, .T. ) ;
#2242 = EDGE_CURVE ( 'NONE', #5597, #834, #2743, .T. ) ;
#2243 = CARTESIAN_POINT ( 'NONE',  ( 0.2140843566789381591, -0.001365561114251630020, 0.6397637795275591399 ) ) ;
#2244 = VECTOR ( 'NONE', #4263, 39.37007874015748854 ) ;
#2245 = LINE ( 'NONE', #526, #1240 ) ;
#2246 = LINE ( 'NONE', #4591, #3118 ) ;
#2247 = ORIENTED_EDGE ( 'NONE', *, *, #2955, .F. ) ;
#2248 = DIRECTION ( 'NONE',  ( 0.000000000000000000, 0.000000000000000000, 1.000000000000000000 ) ) ;
#2249 = EDGE_LOOP ( 'NONE', ( #681, #2642, #6110, #2239 ) ) ;
#2250 = AXIS2_PLACEMENT_3D ( 'NONE', #817, #3965, #691 ) ;
#2251 = EDGE_CURVE ( 'NONE', #5070, #2238, #1811, .T. ) ;
#2252 = CARTESIAN_POINT ( 'NONE',  ( -10.36307747837279791, 10.56008761252240369, 0.6102362204724409711 ) ) ;
#2253 = LINE ( 'NONE', #5434, #5787 ) ;
#2254 = EDGE_CURVE ( 'NONE', #218, #3160, #2826, .T. ) ;
#2255 = VERTEX_POINT ( 'NONE', #5168 ) ;
#2256 = CARTESIAN_POINT ( 'NONE',  ( 0.2140843566789031316, -26.10134632421826950, 0.5433070866141732624 ) ) ;
#2257 = CARTESIAN_POINT ( 'NONE',  ( -0.3804038322974441777, 0.07343758849204802541, 0.6614173228346458266 ) ) ;
#2258 = CARTESIAN_POINT ( 'NONE',  ( -0.1717424149746413220, -0.02105060048433255934, 0.7952755905511811330 ) ) ;
#2259 = DIRECTION ( 'NONE',  ( 0.000000000000000000, 0.000000000000000000, -1.000000000000000000 ) ) ;
#2260 = VERTEX_POINT ( 'NONE', #483 ) ;
#2261 = EDGE_LOOP ( 'NONE', ( #5118, #5831, #5474, #3093 ) ) ;
#2262 = CARTESIAN_POINT ( 'NONE',  ( 0.2652654590411023805, -26.10134632421826950, 0.5590551181102362266 ) ) ;
#2263 = DIRECTION ( 'NONE',  ( 0.000000000000000000, 0.000000000000000000, 1.000000000000000000 ) ) ;
#2264 = DIRECTION ( 'NONE',  ( 0.000000000000000000, 0.000000000000000000, -1.000000000000000000 ) ) ;
#2265 = VERTEX_POINT ( 'NONE', #4249 ) ;
#2266 = SURFACE_STYLE_USAGE ( .BOTH. , #1306 ) ;
#2267 = ORIENTED_EDGE ( 'NONE', *, *, #882, .T. ) ;
#2268 = ORIENTED_EDGE ( 'NONE', *, *, #3824, .F. ) ;
#2269 = CARTESIAN_POINT ( 'NONE',  ( -46.76888308971299324, -26.00086416922701460, 0.5590551181102362266 ) ) ;
#2270 = CARTESIAN_POINT ( 'NONE',  ( -46.94045648118299141, 0.002571446759763685360, 0.5590551181102362266 ) ) ;
#2271 = DIRECTION ( 'NONE',  ( 1.000000000000000000, 0.000000000000000000, 0.000000000000000000 ) ) ;
#2272 = CARTESIAN_POINT ( 'NONE',  ( -0.1126872968644029582, -26.10134632421826950, 0.5433070866141732624 ) ) ;
#2273 = ORIENTED_EDGE ( 'NONE', *, *, #1025, .F. ) ;
#2274 = EDGE_CURVE ( 'NONE', #393, #1434, #5643, .T. ) ;
#2275 = APPLICATION_PROTOCOL_DEFINITION ( 'draft international standard', 'automotive_design', 1998, #3885 ) ;
#2276 = DIRECTION ( 'NONE',  ( 0.000000000000000000, 0.000000000000000000, 1.000000000000000000 ) ) ;
#2277 = EDGE_CURVE ( 'NONE', #1237, #5621, #1903, .T. ) ;
#2278 = ORIENTED_EDGE ( 'NONE', *, *, #3149, .T. ) ;
#2279 = EDGE_LOOP ( 'NONE', ( #5048, #4519, #4594, #585 ) ) ;
#2280 = LINE ( 'NONE', #1854, #4308 ) ;
#2281 = CARTESIAN_POINT ( 'NONE',  ( 0.3243205771513404945, 0.1719021554211809244, 0.5590551181102362266 ) ) ;
#2282 = CARTESIAN_POINT ( 'NONE',  ( -0.1126872968644029582, -26.10134632421826950, 0.7795275590551181688 ) ) ;
#2283 = EDGE_CURVE ( 'NONE', #4138, #150, #2659, .T. ) ;
#2284 = VERTEX_POINT ( 'NONE', #4412 ) ;
#2285 = DIRECTION ( 'NONE',  ( -1.000000000000000000, 0.000000000000000000, 0.000000000000000000 ) ) ;
#2286 = EDGE_CURVE ( 'NONE', #819, #5240, #179, .T. ) ;
#2287 = DIRECTION ( 'NONE',  ( 1.000000000000000000, 0.000000000000000000, 0.000000000000000000 ) ) ;
#2288 = CARTESIAN_POINT ( 'NONE',  ( -0.04969517088014914485, 0.2860753837675988343, 0.7283464566929134243 ) ) ;
#2289 = CARTESIAN_POINT ( 'NONE',  ( 0.01723396297811121899, 0.08800451762590570659, 0.7795275590551181688 ) ) ;
#2290 = EDGE_CURVE ( 'NONE', #5373, #4060, #1163, .T. ) ;
#2291 = VECTOR ( 'NONE', #1991, 39.37007874015748143 ) ;
#2292 = ORIENTED_EDGE ( 'NONE', *, *, #4621, .F. ) ;
#2293 = CARTESIAN_POINT ( 'NONE',  ( -0.1323723362344881860, 0.002571446759763685360, 0.7795275590551181688 ) ) ;
#2294 = CARTESIAN_POINT ( 'NONE',  ( -0.06741170631318739448, -0.1450663485158281418, 0.7952755905511811330 ) ) ;
#2295 = FACE_OUTER_BOUND ( 'NONE', #2379, .T. ) ;
#2296 = ORIENTED_EDGE ( 'NONE', *, *, #3373, .F. ) ;
#2297 = LENGTH_MEASURE_WITH_UNIT ( LENGTH_MEASURE( 0.02539999999999999897 ), #877 );
#2298 = ORIENTED_EDGE ( 'NONE', *, *, #3406, .F. ) ;
#2299 = ORIENTED_EDGE ( 'NONE', *, *, #3228, .T. ) ;
#2300 = CARTESIAN_POINT ( 'NONE',  ( 0.6884938054977971511, 0.04001239164161551204, 0.6338582677165355284 ) ) ;
#2301 = CARTESIAN_POINT ( 'NONE',  ( -0.1323723362344881860, -0.02105060048433255934, 0.7952755905511811330 ) ) ;
#2302 = CARTESIAN_POINT ( 'NONE',  ( 0.1510922306946844429, -0.001365561114251630020, 0.7795275590551181688 ) ) ;
#2303 = CARTESIAN_POINT ( 'NONE',  ( 0.1510922306946844429, 0.03800451762590591198, 0.5433070866141732624 ) ) ;
#2304 = VERTEX_POINT ( 'NONE', #5432 ) ;
#2305 = DIRECTION ( 'NONE',  ( 0.000000000000000000, 0.000000000000000000, 1.000000000000000000 ) ) ;
#2306 = ORIENTED_EDGE ( 'NONE', *, *, #4730, .F. ) ;
#2307 = EDGE_LOOP ( 'NONE', ( #783, #6043, #2087, #2611 ) ) ;
#2308 = VECTOR ( 'NONE', #5848, 39.37007874015748143 ) ;
#2309 = LINE ( 'NONE', #794, #5591 ) ;
#2310 = DIRECTION ( 'NONE',  ( 1.000000000000000000, 0.000000000000000000, 0.000000000000000000 ) ) ;
#2311 = LINE ( 'NONE', #1945, #5971 ) ;
#2312 = VECTOR ( 'NONE', #2571, 39.37007874015748143 ) ;
#2313 = ADVANCED_FACE ( 'NONE', ( #2158 ), #5956, .F. ) ;
#2314 = EDGE_CURVE ( 'NONE', #662, #4092, #3946, .T. ) ;
#2315 = VECTOR ( 'NONE', #3805, 39.37007874015748143 ) ;
#2316 = DIRECTION ( 'NONE',  ( -1.000000000000000000, -1.552759475000175028E-13, 0.000000000000000000 ) ) ;
#2317 = DIRECTION ( 'NONE',  ( 0.000000000000000000, 0.000000000000000000, -1.000000000000000000 ) ) ;
#2318 = DIRECTION ( 'NONE',  ( 0.000000000000000000, 0.000000000000000000, -1.000000000000000000 ) ) ;
#2319 = EDGE_CURVE ( 'NONE', #5707, #1208, #1625, .T. ) ;
#2320 = VECTOR ( 'NONE', #3738, 39.37007874015748143 ) ;
#2321 = VECTOR ( 'NONE', #1294, 39.37007874015748143 ) ;
#2322 = ORIENTED_EDGE ( 'NONE', *, *, #3568, .T. ) ;
#2323 = DIRECTION ( 'NONE',  ( -0.7071067811864688579, -0.7071067811866259545, -4.444328744010334510E-17 ) ) ;
#2324 = EDGE_CURVE ( 'NONE', #4060, #1470, #1192, .T. ) ;
#2325 = CARTESIAN_POINT ( 'NONE',  ( 0.1510922306946494154, -0.02105060048433255934, 0.7952755905511811330 ) ) ;
#2326 = VECTOR ( 'NONE', #4489, 39.37007874015748854 ) ;
#2327 = DIRECTION ( 'NONE',  ( 0.000000000000000000, 0.000000000000000000, 1.000000000000000000 ) ) ;
#2328 = AXIS2_PLACEMENT_3D ( 'NONE', #4035, #203, #5427 ) ;
#2329 = CARTESIAN_POINT ( 'NONE',  ( -0.1717424149746413220, 0.03800451762590591198, 0.7952755905511811330 ) ) ;
#2330 = EDGE_LOOP ( 'NONE', ( #5910, #697, #3992, #3956 ) ) ;
#2331 = LINE ( 'NONE', #1337, #5875 ) ;
#2332 = EDGE_CURVE ( 'NONE', #1500, #1743, #5339, .T. ) ;
#2333 = ORIENTED_EDGE ( 'NONE', *, *, #3032, .F. ) ;
#2334 = VERTEX_POINT ( 'NONE', #5405 ) ;
#2335 = AXIS2_PLACEMENT_3D ( 'NONE', #5471, #1324, #5012 ) ;
#2336 = FACE_OUTER_BOUND ( 'NONE', #4144, .T. ) ;
#2337 = VECTOR ( 'NONE', #3280, 39.37007874015748143 ) ;
#2338 = CARTESIAN_POINT ( 'NONE',  ( 0.2652654590411374080, 0.03800451762590591198, 0.5590551181102362266 ) ) ;
#2339 = VECTOR ( 'NONE', #1627, 39.37007874015748143 ) ;
#2340 = DIRECTION ( 'NONE',  ( 0.000000000000000000, 0.000000000000000000, -1.000000000000000000 ) ) ;
#2341 = VERTEX_POINT ( 'NONE', #767 ) ;
#2342 = VECTOR ( 'NONE', #5987, 39.37007874015748143 ) ;
#2343 = FACE_OUTER_BOUND ( 'NONE', #3622, .T. ) ;
#2344 = ORIENTED_EDGE ( 'NONE', *, *, #4086, .T. ) ;
#2345 = VECTOR ( 'NONE', #1632, 39.37007874015748143 ) ;
#2346 = CARTESIAN_POINT ( 'NONE',  ( 0.09203711258441102383, 0.03800451762590591198, 0.5590551181102362266 ) ) ;
#2347 = CARTESIAN_POINT ( 'NONE',  ( -0.1717424149746065165, -26.00086416922701460, 0.7952755905511811330 ) ) ;
#2348 = LINE ( 'NONE', #1356, #145 ) ;
#2349 = AXIS2_PLACEMENT_3D ( 'NONE', #5453, #5023, #5488 ) ;
#2350 = LINE ( 'NONE', #2257, #4688 ) ;
#2351 = PLANE ( 'NONE',  #261 ) ;
#2352 = LINE ( 'NONE', #3832, #1823 ) ;
#2353 = EDGE_CURVE ( 'NONE', #3478, #3585, #3113, .T. ) ;
#2354 = EDGE_CURVE ( 'NONE', #2517, #3042, #2125, .T. ) ;
#2355 = VERTEX_POINT ( 'NONE', #2531 ) ;
#2356 = LINE ( 'NONE', #1049, #2643 ) ;
#2357 = CARTESIAN_POINT ( 'NONE',  ( 0.2888875062852377940, 0.03800451762590591198, 0.7952755905511811330 ) ) ;
#2358 = CARTESIAN_POINT ( 'NONE',  ( -0.06741170631161397253, -26.00086416922417243, 0.6771653543307086798 ) ) ;
#2359 = ORIENTED_EDGE ( 'NONE', *, *, #1758, .T. ) ;
#2360 = EDGE_CURVE ( 'NONE', #1173, #5240, #4112, .T. ) ;
#2361 = ORIENTED_EDGE ( 'NONE', *, *, #4573, .T. ) ;
#2362 = EDGE_LOOP ( 'NONE', ( #2247, #3995, #3777, #2758 ) ) ;
#2363 = DIRECTION ( 'NONE',  ( 0.000000000000000000, -1.000000000000000000, 0.000000000000000000 ) ) ;
#2364 = DIRECTION ( 'NONE',  ( -1.000000000000000000, 0.000000000000000000, 0.000000000000000000 ) ) ;
#2365 = EDGE_CURVE ( 'NONE', #6023, #1083, #5369, .T. ) ;
#2366 = CARTESIAN_POINT ( 'NONE',  ( 0.2888875062852377940, -26.00086416922701460, 0.7795275590551181688 ) ) ;
#2367 = CARTESIAN_POINT ( 'NONE',  ( -0.3804038322974441777, 0.03800451762590591198, 0.6614173228346458266 ) ) ;
#2368 = ORIENTED_EDGE ( 'NONE', *, *, #5077, .F. ) ;
#2369 = PLANE ( 'NONE',  #2623 ) ;
#2370 = EDGE_CURVE ( 'NONE', #5192, #3068, #237, .T. ) ;
#2371 = ORIENTED_EDGE ( 'NONE', *, *, #4095, .T. ) ;
#2372 = LINE ( 'NONE', #3823, #1535 ) ;
#2373 = CARTESIAN_POINT ( 'NONE',  ( 0.2652654590411374080, 0.03800451762590591198, 0.7952755905511811330 ) ) ;
#2374 = DIRECTION ( 'NONE',  ( 1.000000000000000000, 0.000000000000000000, 0.000000000000000000 ) ) ;
#2375 = ORIENTED_EDGE ( 'NONE', *, *, #4540, .F. ) ;
#2376 = FACE_OUTER_BOUND ( 'NONE', #3015, .T. ) ;
#2377 = DIRECTION ( 'NONE',  ( -6.083413833562249173E-14, -1.000000000000000000, 0.000000000000000000 ) ) ;
#2378 = CARTESIAN_POINT ( 'NONE',  ( -47.43742357988960379, 0.04001239164161551204, 0.7775590551181102983 ) ) ;
#2379 = EDGE_LOOP ( 'NONE', ( #403, #4946, #5074, #3234 ) ) ;
#2380 = LINE ( 'NONE', #5746, #2244 ) ;
#2381 = DIRECTION ( 'NONE',  ( -0.000000000000000000, 1.000000000000000000, 0.000000000000000000 ) ) ;
#2382 = EDGE_CURVE ( 'NONE', #4999, #834, #701, .T. ) ;
#2383 = CARTESIAN_POINT ( 'NONE',  ( -46.76888308971299324, -26.00086416922701460, 0.7795275590551181688 ) ) ;
#2384 = DIRECTION ( 'NONE',  ( 0.000000000000000000, 0.000000000000000000, -1.000000000000000000 ) ) ;
#2385 = ORIENTED_EDGE ( 'NONE', *, *, #659, .T. ) ;
#2386 = VECTOR ( 'NONE', #6010, 39.37007874015748143 ) ;
#2387 = PLANE ( 'NONE',  #1842 ) ;
#2388 = VERTEX_POINT ( 'NONE', #2186 ) ;
#2389 = ORIENTED_EDGE ( 'NONE', *, *, #2551, .T. ) ;
#2390 = DIRECTION ( 'NONE',  ( -1.000000000000000000, 0.000000000000000000, 0.000000000000000000 ) ) ;
#2391 = EDGE_CURVE ( 'NONE', #5291, #3260, #4071, .T. ) ;
#2392 = ADVANCED_FACE ( 'NONE', ( #3546 ), #2625, .T. ) ;
#2393 = CARTESIAN_POINT ( 'NONE',  ( 0.1451867188836220568, -26.10134632421826950, 0.7952755905511811330 ) ) ;
#2394 = VERTEX_POINT ( 'NONE', #673 ) ;
#2395 = CARTESIAN_POINT ( 'NONE',  ( -0.2977266669431488100, -0.09703485245283602345, 0.7952755905511811330 ) ) ;
#2396 = ADVANCED_FACE ( 'NONE', ( #4442 ), #209, .F. ) ;
#2397 = EDGE_LOOP ( 'NONE', ( #5785, #1246, #2140, #4731 ) ) ;
#2398 = CARTESIAN_POINT ( 'NONE',  ( -0.1658369031635877899, -0.1450663485158281418, 0.7952755905511811330 ) ) ;
#2399 = ADVANCED_FACE ( 'NONE', ( #4655 ), #426, .T. ) ;
#2400 = CARTESIAN_POINT ( 'NONE',  ( -0.3804038322974441777, 0.03800451762590591198, 0.6614173228346458266 ) ) ;
#2401 = PLANE ( 'NONE',  #1236 ) ;
#2402 = LINE ( 'NONE', #1407, #2807 ) ;
#2403 = VERTEX_POINT ( 'NONE', #5124 ) ;
#2404 = VECTOR ( 'NONE', #3316, 39.37007874015748143 ) ;
#2405 =( CONVERSION_BASED_UNIT ( 'INCH', #1446 ) LENGTH_UNIT ( ) NAMED_UNIT ( #4685 ) );
#2406 = AXIS2_PLACEMENT_3D ( 'NONE', #842, #411, #1367 ) ;
#2407 = LINE ( 'NONE', #1886, #4503 ) ;
#2408 = CARTESIAN_POINT ( 'NONE',  ( -0.3095376905651948674, -26.10134632421826950, 0.7952755905511811330 ) ) ;
#2409 = ORIENTED_EDGE ( 'NONE', *, *, #2210, .T. ) ;
#2410 = DIRECTION ( 'NONE',  ( 0.000000000000000000, -1.000000000000000000, 0.000000000000000000 ) ) ;
#2411 = AXIS2_PLACEMENT_3D ( 'NONE', #3741, #4261, #6117 ) ;
#2412 = CARTESIAN_POINT ( 'NONE',  ( 0.2652654590411023805, -0.02892461623236318793, 0.7952755905511811330 ) ) ;
#2413 = PLANE ( 'NONE',  #5870 ) ;
#2414 = DIRECTION ( 'NONE',  ( 0.000000000000000000, 0.000000000000000000, -1.000000000000000000 ) ) ;
#2415 = DIRECTION ( 'NONE',  ( 0.000000000000000000, 0.000000000000000000, 1.000000000000000000 ) ) ;
#2416 = ORIENTED_EDGE ( 'NONE', *, *, #1910, .F. ) ;
#2417 = AXIS2_PLACEMENT_3D ( 'NONE', #1139, #2569, #4447 ) ;
#2418 = ORIENTED_EDGE ( 'NONE', *, *, #3444, .F. ) ;
#2419 = ORIENTED_EDGE ( 'NONE', *, *, #917, .F. ) ;
#2420 = CARTESIAN_POINT ( 'NONE',  ( -46.94045648118299141, 0.1549336514841702650, 0.5590551181102362266 ) ) ;
#2421 = VECTOR ( 'NONE', #912, 39.37007874015748143 ) ;
#2422 = VECTOR ( 'NONE', #2978, 39.37007874015748854 ) ;
#2423 = ORIENTED_EDGE ( 'NONE', *, *, #1487, .T. ) ;
#2424 = VERTEX_POINT ( 'NONE', #5059 ) ;
#2425 = CARTESIAN_POINT ( 'NONE',  ( -46.76888308971299324, -26.00086416922701460, 0.7952755905511811330 ) ) ;
#2426 = VECTOR ( 'NONE', #1770, 39.37007874015748143 ) ;
#2427 = ORIENTED_EDGE ( 'NONE', *, *, #4324, .F. ) ;
#2429 = EDGE_CURVE ( 'NONE', #5250, #1201, #1260, .T. ) ;
#2428 = VECTOR ( 'NONE', #3263, 39.37007874015748143 ) ;
#2430 = EDGE_CURVE ( 'NONE', #3686, #3160, #4108, .T. ) ;
#2431 = ORIENTED_EDGE ( 'NONE', *, *, #4054, .T. ) ;
#2432 = DIRECTION ( 'NONE',  ( -1.000000000000000000, 0.000000000000000000, 0.000000000000000000 ) ) ;
#2433 = VECTOR ( 'NONE', #3988, 39.37007874015748143 ) ;
#2434 = VECTOR ( 'NONE', #916, 39.37007874015748143 ) ;
#2435 = LINE ( 'NONE', #5242, #257 ) ;
#2436 = LINE ( 'NONE', #1069, #6078 ) ;
#2437 = DIRECTION ( 'NONE',  ( 1.000000000000000000, 0.000000000000000000, 0.000000000000000000 ) ) ;
#2438 = EDGE_CURVE ( 'NONE', #911, #4999, #2309, .T. ) ;
#2439 = ORIENTED_EDGE ( 'NONE', *, *, #4848, .F. ) ;
#2440 = AXIS2_PLACEMENT_3D ( 'NONE', #3523, #4914, #2097 ) ;
#2441 = ADVANCED_FACE ( 'NONE', ( #5555 ), #5592, .T. ) ;
#2442 = VECTOR ( 'NONE', #3163, 39.37007874015748143 ) ;
#2443 = LINE ( 'NONE', #1501, #3107 ) ;
#2444 = DIRECTION ( 'NONE',  ( 1.000000000000000000, 0.000000000000000000, 0.000000000000000000 ) ) ;
#2445 = DIRECTION ( 'NONE',  ( 0.000000000000000000, 0.000000000000000000, 1.000000000000000000 ) ) ;
#2446 = EDGE_LOOP ( 'NONE', ( #129, #5203, #1219, #3284 ) ) ;
#2447 = CARTESIAN_POINT ( 'NONE',  ( 0.3243205771513404945, -26.10134632421826950, 0.7952755905511811330 ) ) ;
#2448 = DIRECTION ( 'NONE',  ( 1.000000000000000000, 0.000000000000000000, 0.000000000000000000 ) ) ;
#2449 = DIRECTION ( 'NONE',  ( 0.000000000000000000, 0.000000000000000000, -1.000000000000000000 ) ) ;
#2450 = FACE_OUTER_BOUND ( 'NONE', #4481, .T. ) ;
#2451 = DIRECTION ( 'NONE',  ( 0.000000000000000000, 0.000000000000000000, -1.000000000000000000 ) ) ;
#2452 = EDGE_LOOP ( 'NONE', ( #5822, #47, #1182, #2973 ) ) ;
#2453 = ORIENTED_EDGE ( 'NONE', *, *, #623, .T. ) ;
#2454 = ORIENTED_EDGE ( 'NONE', *, *, #2290, .T. ) ;
#2455 = CARTESIAN_POINT ( 'NONE',  ( -0.05756918662815354443, -0.1450663485158281418, 0.6614173228346458266 ) ) ;
#2456 = PLANE ( 'NONE',  #4018 ) ;
#2457 = LINE ( 'NONE', #3815, #2404 ) ;
#2458 = ORIENTED_EDGE ( 'NONE', *, *, #5220, .F. ) ;
#2459 = LINE ( 'NONE', #5734, #2814 ) ;
#2460 = ORIENTED_EDGE ( 'NONE', *, *, #3327, .T. ) ;
#2461 = VERTEX_POINT ( 'NONE', #6111 ) ;
#2462 = CARTESIAN_POINT ( 'NONE',  ( 0.2888875062852377940, 0.03800451762590591198, 0.6988188976377953665 ) ) ;
#2463 = CARTESIAN_POINT ( 'NONE',  ( -46.76888308971299324, 0.07343758849204802541, 0.7952755905511811330 ) ) ;
#2464 = EDGE_CURVE ( 'NONE', #1968, #170, #2280, .T. ) ;
#2465 = PLANE ( 'NONE',  #4893 ) ;
#2466 = DIRECTION ( 'NONE',  ( 0.000000000000000000, 0.000000000000000000, -1.000000000000000000 ) ) ;
#2467 = VERTEX_POINT ( 'NONE', #2346 ) ;
#2468 = ADVANCED_FACE ( 'NONE', ( #331 ), #459, .F. ) ;
#2469 = CARTESIAN_POINT ( 'NONE',  ( -0.1461518637935025622, -0.1450663485158281418, 0.6771653543307086798 ) ) ;
#2470 = CARTESIAN_POINT ( 'NONE',  ( 0.09361191573401889121, 0.04788640738964614063, 0.6338582677165355284 ) ) ;
#2471 = CARTESIAN_POINT ( 'NONE',  ( 0.2140843566789381591, -26.00086416922701460, 0.5433070866141732624 ) ) ;
#2472 = ADVANCED_FACE ( 'NONE', ( #3736 ), #891, .T. ) ;
#2473 = ORIENTED_EDGE ( 'NONE', *, *, #478, .F. ) ;
#2474 = CARTESIAN_POINT ( 'NONE',  ( -0.3111124937147940472, 0.04788640738964614063, 0.7047244094488188670 ) ) ;
#2475 = CARTESIAN_POINT ( 'NONE',  ( -0.3111124937147940472, 0.07938247038177302650, 0.6870078740157480324 ) ) ;
#2476 = EDGE_CURVE ( 'NONE', #5299, #2849, #4140, .T. ) ;
#2477 = DIRECTION ( 'NONE',  ( 0.7071067811865474617, -0.7071067811865474617, 0.000000000000000000 ) ) ;
#2478 = CARTESIAN_POINT ( 'NONE',  ( 0.1510922306946844429, 0.03800451762590591198, 0.7795275590551181688 ) ) ;
#2479 = PLANE ( 'NONE',  #3980 ) ;
#2480 = ORIENTED_EDGE ( 'NONE', *, *, #2874, .F. ) ;
#2481 = VERTEX_POINT ( 'NONE', #5624 ) ;
#2482 = ORIENTED_EDGE ( 'NONE', *, *, #1511, .F. ) ;
#2483 = CARTESIAN_POINT ( 'NONE',  ( -0.2189865094627988229, 0.07343758849204802541, 0.7952755905511811330 ) ) ;
#2484 = CARTESIAN_POINT ( 'NONE',  ( -0.3804038322974441777, 0.03800451762590591198, 0.6771653543307086798 ) ) ;
#2485 = FACE_BOUND ( 'NONE', #806, .T. ) ;
#2486 = ORIENTED_EDGE ( 'NONE', *, *, #2664, .F. ) ;
#2487 = DIRECTION ( 'NONE',  ( 0.000000000000000000, 0.000000000000000000, 1.000000000000000000 ) ) ;
#2488 = VERTEX_POINT ( 'NONE', #3144 ) ;
#2489 = ORIENTED_EDGE ( 'NONE', *, *, #2290, .F. ) ;
#2490 = AXIS2_PLACEMENT_3D ( 'NONE', #2455, #2943, #2019 ) ;
#2491 = LINE ( 'NONE', #543, #3627 ) ;
#2492 = CARTESIAN_POINT ( 'NONE',  ( -37.22246646924732261, -36.72921559963074856, 0.6102362204724409711 ) ) ;
#2493 = LINE ( 'NONE', #4373, #252 ) ;
#2494 = DIRECTION ( 'NONE',  ( -1.000000000000000000, 0.000000000000000000, 0.000000000000000000 ) ) ;
#2495 = EDGE_LOOP ( 'NONE', ( #1639, #3503, #259, #2875 ) ) ;
#2496 = DIRECTION ( 'NONE',  ( -0.7071067811866259545, -0.7071067811864688579, 0.000000000000000000 ) ) ;
#2497 = CARTESIAN_POINT ( 'NONE',  ( -0.3242300936528251798, -0.1249909137387787417, 0.5590551181102362266 ) ) ;
#2498 = EDGE_CURVE ( 'NONE', #4616, #672, #864, .T. ) ;
#2499 = ADVANCED_FACE ( 'NONE', ( #4684 ), #4229, .F. ) ;
#2500 = ORIENTED_EDGE ( 'NONE', *, *, #5566, .F. ) ;
#2501 = DIRECTION ( 'NONE',  ( 1.000000000000000000, 0.000000000000000000, 0.000000000000000000 ) ) ;
#2502 = LINE ( 'NONE', #1479, #4360 ) ;
#2503 = DIRECTION ( 'NONE',  ( 0.000000000000000000, 0.000000000000000000, 1.000000000000000000 ) ) ;
#2504 = EDGE_CURVE ( 'NONE', #6030, #5577, #4281, .T. ) ;
#2505 = CARTESIAN_POINT ( 'NONE',  ( -46.94045648118299141, 0.08800451762590570659, 0.5590551181102362266 ) ) ;
#2506 = DIRECTION ( 'NONE',  ( 0.000000000000000000, -1.000000000000000000, 0.000000000000000000 ) ) ;
#2507 = ORIENTED_EDGE ( 'NONE', *, *, #2874, .T. ) ;
#2508 = ORIENTED_EDGE ( 'NONE', *, *, #3976, .T. ) ;
#2509 = VECTOR ( 'NONE', #216, 39.37007874015748143 ) ;
#2510 = EDGE_CURVE ( 'NONE', #4986, #5415, #2888, .T. ) ;
#2511 = EDGE_LOOP ( 'NONE', ( #3921, #827, #4180, #5483 ) ) ;
#2512 = CARTESIAN_POINT ( 'NONE',  ( -0.1717424149746413220, 0.03800451762590591198, 0.5590551181102362266 ) ) ;
#2513 =( NAMED_UNIT ( * ) PLANE_ANGLE_UNIT ( ) SI_UNIT ( $, .RADIAN. ) );
#2514 = AXIS2_PLACEMENT_3D ( 'NONE', #2383, #2327, #4265 ) ;
#2515 = LINE ( 'NONE', #4398, #236 ) ;
#2516 = EDGE_CURVE ( 'NONE', #2787, #5215, #5711, .T. ) ;
#2517 = VERTEX_POINT ( 'NONE', #3850 ) ;
#2518 = CARTESIAN_POINT ( 'NONE',  ( -46.94045648118299141, -0.02105060048433255934, 0.5433070866141732624 ) ) ;
#2519 = ORIENTED_EDGE ( 'NONE', *, *, #1476, .T. ) ;
#2520 = VECTOR ( 'NONE', #5426, 39.37007874015748143 ) ;
#2521 = VECTOR ( 'NONE', #60, 39.37007874015748143 ) ;
#2522 = FACE_OUTER_BOUND ( 'NONE', #4359, .T. ) ;
#2523 = CARTESIAN_POINT ( 'NONE',  ( -0.3213487141872058972, -0.001365561114251630020, 0.7795275590551181688 ) ) ;
#2524 = AXIS2_PLACEMENT_3D ( 'NONE', #3783, #1399, #5708 ) ;
#2525 = PLANE ( 'NONE',  #1834 ) ;
#2526 = VECTOR ( 'NONE', #5679, 39.37007874015748143 ) ;
#2527 = DIRECTION ( 'NONE',  ( 1.000000000000000000, 0.000000000000000000, 0.000000000000000000 ) ) ;
#2528 = EDGE_LOOP ( 'NONE', ( #5485, #5727, #362, #1718 ) ) ;
#2529 = VECTOR ( 'NONE', #3650, 39.37007874015748143 ) ;
#2530 = VECTOR ( 'NONE', #4967, 39.37007874015748143 ) ;
#2531 = CARTESIAN_POINT ( 'NONE',  ( 0.1451867188836220568, 0.1549336514841702650, 0.7795275590551181688 ) ) ;
#2532 = CARTESIAN_POINT ( 'NONE',  ( 0.1510922306946494154, -0.02105060048433255934, 0.5590551181102362266 ) ) ;
#2533 = DIRECTION ( 'NONE',  ( 0.000000000000000000, -1.000000000000000000, 0.000000000000000000 ) ) ;
#2534 = AXIS2_PLACEMENT_3D ( 'NONE', #1194, #3115, #733 ) ;
#2535 = ORIENTED_EDGE ( 'NONE', *, *, #4919, .F. ) ;
#2536 = CARTESIAN_POINT ( 'NONE',  ( 0.2856953692486562946, -0.1378837100494476609, 0.7795275590551181688 ) ) ;
#2537 = CARTESIAN_POINT ( 'NONE',  ( -0.3213487141872058972, 0.03800451762590591198, 0.5590551181102362266 ) ) ;
#2538 = VECTOR ( 'NONE', #3802, 39.37007874015748143 ) ;
#2539 = PLANE ( 'NONE',  #1230 ) ;
#2540 = ADVANCED_FACE ( 'NONE', ( #50 ), #574, .T. ) ;
#2541 = DIRECTION ( 'NONE',  ( 0.000000000000000000, 1.000000000000000000, 0.000000000000000000 ) ) ;
#2542 = CARTESIAN_POINT ( 'NONE',  ( -0.3063455535286570552, -0.1378837100495261814, 0.7795275590551181688 ) ) ;
#2543 = EDGE_CURVE ( 'NONE', #5329, #2787, #488, .T. ) ;
#2544 = ORIENTED_EDGE ( 'NONE', *, *, #4165, .T. ) ;
#2545 = DIRECTION ( 'NONE',  ( 0.000000000000000000, 1.000000000000000000, 0.000000000000000000 ) ) ;
#2546 = VECTOR ( 'NONE', #3539, 39.37007874015748143 ) ;
#2547 = EDGE_LOOP ( 'NONE', ( #1195, #1298, #821, #4399 ) ) ;
#2548 = VERTEX_POINT ( 'NONE', #5271 ) ;
#2549 = CARTESIAN_POINT ( 'NONE',  ( -46.94045648118299141, -0.02105060048433255934, 0.5433070866141732624 ) ) ;
#2550 = CARTESIAN_POINT ( 'NONE',  ( -0.2189865094627988229, -26.00086416922701460, 0.7952755905511811330 ) ) ;
#2551 = EDGE_CURVE ( 'NONE', #5753, #206, #2860, .T. ) ;
#2552 = ORIENTED_EDGE ( 'NONE', *, *, #3945, .F. ) ;
#2553 = DIRECTION ( 'NONE',  ( 0.000000000000000000, -1.000000000000000000, 0.000000000000000000 ) ) ;
#2554 = VERTEX_POINT ( 'NONE', #1942 ) ;
#2555 = ORIENTED_EDGE ( 'NONE', *, *, #1880, .F. ) ;
#2556 = EDGE_CURVE ( 'NONE', #4711, #1066, #2435, .T. ) ;
#2557 = DIRECTION ( 'NONE',  ( 0.000000000000000000, 0.000000000000000000, -1.000000000000000000 ) ) ;
#2558 = DIRECTION ( 'NONE',  ( 0.000000000000000000, 0.000000000000000000, 1.000000000000000000 ) ) ;
#2559 = ADVANCED_FACE ( 'NONE', ( #1908 ), #1467, .T. ) ;
#2560 = DIRECTION ( 'NONE',  ( -0.2064491695654584458, -0.9784573268087537468, 0.000000000000000000 ) ) ;
#2561 = CARTESIAN_POINT ( 'NONE',  ( -0.2977266669431137824, -26.00086416922701460, 0.6614173228346458266 ) ) ;
#2562 = EDGE_LOOP ( 'NONE', ( #74, #495, #5402, #334 ) ) ;
#2563 = EDGE_LOOP ( 'NONE', ( #1450, #2416, #2423, #3972 ) ) ;
#2564 = DIRECTION ( 'NONE',  ( 0.000000000000000000, 0.000000000000000000, -1.000000000000000000 ) ) ;
#2565 = CARTESIAN_POINT ( 'NONE',  ( 0.2652654590411374080, -0.001365561114251630020, 0.5590551181102362266 ) ) ;
#2566 = DIRECTION ( 'NONE',  ( 0.000000000000000000, -1.000000000000000000, -6.285229985423299338E-17 ) ) ;
#2567 = ORIENTED_EDGE ( 'NONE', *, *, #1373, .T. ) ;
#2568 = CARTESIAN_POINT ( 'NONE',  ( -46.94045648118299141, 0.03800451762590591198, 0.7952755905511811330 ) ) ;
#2569 = DIRECTION ( 'NONE',  ( 1.000000000000000000, 0.000000000000000000, 0.000000000000000000 ) ) ;
#2570 = CARTESIAN_POINT ( 'NONE',  ( -46.94045648118780178, -0.02892461624110074722, 0.7952755905511811330 ) ) ;
#2571 = DIRECTION ( 'NONE',  ( 0.000000000000000000, 0.000000000000000000, -1.000000000000000000 ) ) ;
#2572 = EDGE_LOOP ( 'NONE', ( #5567, #4367, #3436, #3688 ) ) ;
#2573 = VERTEX_POINT ( 'NONE', #2949 ) ;
#2574 = VERTEX_POINT ( 'NONE', #1881 ) ;
#2575 = DIRECTION ( 'NONE',  ( 0.000000000000000000, 1.000000000000000000, 0.000000000000000000 ) ) ;
#2576 = EDGE_CURVE ( 'NONE', #2818, #1145, #4749, .T. ) ;
#2577 = FACE_OUTER_BOUND ( 'NONE', #4610, .T. ) ;
#2578 = ORIENTED_EDGE ( 'NONE', *, *, #5368, .T. ) ;
#2579 = CARTESIAN_POINT ( 'NONE',  ( 0.1510922306946494154, 0.03800451762590591198, 0.7952755905511811330 ) ) ;
#2580 = ORIENTED_EDGE ( 'NONE', *, *, #5496, .F. ) ;
#2581 = ORIENTED_EDGE ( 'NONE', *, *, #2852, .T. ) ;
#2582 = ADVANCED_FACE ( 'NONE', ( #602 ), #4840, .T. ) ;
#2583 = EDGE_CURVE ( 'NONE', #5359, #3758, #2372, .T. ) ;
#2584 = LINE ( 'NONE', #5853, #1950 ) ;
#2585 = PLANE ( 'NONE',  #736 ) ;
#2586 = LINE ( 'NONE', #2181, #3404 ) ;
#2587 = FACE_OUTER_BOUND ( 'NONE', #5008, .T. ) ;
#2588 = EDGE_CURVE ( 'NONE', #4604, #1778, #1971, .T. ) ;
#2589 = DIRECTION ( 'NONE',  ( 0.000000000000000000, -1.000000000000000000, -5.421010862427369920E-15 ) ) ;
#2590 = VERTEX_POINT ( 'NONE', #3351 ) ;
#2591 = VECTOR ( 'NONE', #1014, 39.37007874015748143 ) ;
#2592 = ORIENTED_EDGE ( 'NONE', *, *, #1226, .F. ) ;
#2593 = EDGE_CURVE ( 'NONE', #4711, #5936, #5307, .T. ) ;
#2594 = CARTESIAN_POINT ( 'NONE',  ( -0.1126872968644029582, 0.002571446759763685360, 0.7952755905511811330 ) ) ;
#2595 = DIRECTION ( 'NONE',  ( 0.000000000000000000, 1.000000000000000000, 0.000000000000000000 ) ) ;
#2596 = DIRECTION ( 'NONE',  ( 0.000000000000000000, 0.000000000000000000, -1.000000000000000000 ) ) ;
#2597 = ORIENTED_EDGE ( 'NONE', *, *, #3594, .F. ) ;
#2598 = CARTESIAN_POINT ( 'NONE',  ( -0.1717424149746065165, -26.00086416922701460, 0.7795275590551181688 ) ) ;
#2599 = PLANE ( 'NONE',  #5277 ) ;
#2600 = CARTESIAN_POINT ( 'NONE',  ( 0.2888875062892153900, -26.10134632421094381, 0.5433070866141732624 ) ) ;
#2601 = CARTESIAN_POINT ( 'NONE',  ( 0.1884938054977992050, -0.4816411516654354741, 0.6023622047244094890 ) ) ;
#2602 = ORIENTED_EDGE ( 'NONE', *, *, #1935, .T. ) ;
#2603 = ORIENTED_EDGE ( 'NONE', *, *, #3792, .F. ) ;
#2604 = VERTEX_POINT ( 'NONE', #3322 ) ;
#2605 = DIRECTION ( 'NONE',  ( 0.000000000000000000, 0.000000000000000000, -1.000000000000000000 ) ) ;
#2606 = FACE_OUTER_BOUND ( 'NONE', #1889, .T. ) ;
#2607 = ORIENTED_EDGE ( 'NONE', *, *, #548, .T. ) ;
#2608 = VECTOR ( 'NONE', #4148, 39.37007874015748854 ) ;
#2609 = DIRECTION ( 'NONE',  ( 1.000000000000000000, 0.000000000000000000, 0.000000000000000000 ) ) ;
#2610 = ORIENTED_EDGE ( 'NONE', *, *, #6091, .T. ) ;
#2611 = ORIENTED_EDGE ( 'NONE', *, *, #5623, .T. ) ;
#2612 = LINE ( 'NONE', #2151, #1056 ) ;
#2613 = VECTOR ( 'NONE', #1771, 39.37007874015748143 ) ;
#2614 = DIRECTION ( 'NONE',  ( 0.000000000000000000, 0.000000000000000000, -1.000000000000000000 ) ) ;
#2615 = CARTESIAN_POINT ( 'NONE',  ( 0.2856953692486562946, -0.1378837100494476609, 0.5590551181102362266 ) ) ;
#2616 = CARTESIAN_POINT ( 'NONE',  ( -0.3449707614313327064, 0.1719021554211809244, 0.5590551181102362266 ) ) ;
#2617 = EDGE_CURVE ( 'NONE', #5925, #5852, #5212, .T. ) ;
#2618 = CARTESIAN_POINT ( 'NONE',  ( -0.3449707614313327064, -26.10134632421826950, 0.5590551181102362266 ) ) ;
#2619 = EDGE_CURVE ( 'NONE', #3703, #6002, #4779, .T. ) ;
#2620 = EDGE_LOOP ( 'NONE', ( #933, #242, #511, #1459 ) ) ;
#2621 = VECTOR ( 'NONE', #4817, 39.37007874015748143 ) ;
#2622 = ORIENTED_EDGE ( 'NONE', *, *, #4435, .F. ) ;
#2623 = AXIS2_PLACEMENT_3D ( 'NONE', #3197, #5086, #860 ) ;
#2624 = PRESENTATION_LAYER_ASSIGNMENT (  '', '', ( #4396 ) ) ;
#2625 = PLANE ( 'NONE',  #5883 ) ;
#2626 = FILL_AREA_STYLE_COLOUR ( '', #3997 ) ;
#2627 = CARTESIAN_POINT ( 'NONE',  ( -0.3242300936528251798, -0.1249909137387787417, 0.5433070866141732624 ) ) ;
#2628 = EDGE_CURVE ( 'NONE', #3961, #1613, #4815, .T. ) ;
#2629 = AXIS2_PLACEMENT_3D ( 'NONE', #1110, #1601, #3490 ) ;
#2630 = VECTOR ( 'NONE', #4133, 39.37007874015748143 ) ;
#2631 = VERTEX_POINT ( 'NONE', #5333 ) ;
#2632 = LINE ( 'NONE', #4513, #2345 ) ;
#2633 = EDGE_CURVE ( 'NONE', #1664, #5728, #2652, .T. ) ;
#2634 = CIRCLE ( 'NONE', #952, 0.02204724409448401146 ) ;
#2635 = CARTESIAN_POINT ( 'NONE',  ( -46.94045648118299141, 0.1549336514841702650, 0.5590551181102362266 ) ) ;
#2636 = AXIS2_PLACEMENT_3D ( 'NONE', #3071, #2558, #175 ) ;
#2637 = DIRECTION ( 'NONE',  ( 0.000000000000000000, 1.000000000000000000, 0.000000000000000000 ) ) ;
#2638 = FACE_OUTER_BOUND ( 'NONE', #4936, .T. ) ;
#2639 = EDGE_CURVE ( 'NONE', #4964, #1995, #1123, .T. ) ;
#2640 = VERTEX_POINT ( 'NONE', #4436 ) ;
#2641 = ORIENTED_EDGE ( 'NONE', *, *, #4172, .T. ) ;
#2642 = ORIENTED_EDGE ( 'NONE', *, *, #1949, .F. ) ;
#2643 = VECTOR ( 'NONE', #2935, 39.37007874015748143 ) ;
#2644 = LINE ( 'NONE', #5939, #5839 ) ;
#2645 = CARTESIAN_POINT ( 'NONE',  ( 0.1491237267576722703, -0.1450663485158281418, 0.6614173228346458266 ) ) ;
#2646 = VECTOR ( 'NONE', #3473, 39.37007874015748143 ) ;
#2647 = ORIENTED_EDGE ( 'NONE', *, *, #5615, .F. ) ;
#2648 = DIRECTION ( 'NONE',  ( -0.000000000000000000, 1.000000000000000000, 0.000000000000000000 ) ) ;
#2649 = ORIENTED_EDGE ( 'NONE', *, *, #172, .F. ) ;
#2650 = ORIENTED_EDGE ( 'NONE', *, *, #2510, .T. ) ;
#2651 = LINE ( 'NONE', #4529, #4317 ) ;
#2652 = LINE ( 'NONE', #1094, #4784 ) ;
#2653 = CARTESIAN_POINT ( 'NONE',  ( -7.538613755058740651, -34.41492064910763560, 0.5433070866141732624 ) ) ;
#2654 = CARTESIAN_POINT ( 'NONE',  ( -0.3111124937147940472, 0.04001239164161551204, 0.3838582677165354173 ) ) ;
#2655 = CARTESIAN_POINT ( 'NONE',  ( 0.2888875062852027664, -0.02892461623236318793, 0.7952755905511811330 ) ) ;
#2656 = ORIENTED_EDGE ( 'NONE', *, *, #3000, .T. ) ;
#2657 = ORIENTED_EDGE ( 'NONE', *, *, #4390, .T. ) ;
#2658 = ADVANCED_FACE ( 'NONE', ( #2977 ), #2585, .T. ) ;
#2659 = LINE ( 'NONE', #3050, #5396 ) ;
#2660 =( NAMED_UNIT ( * ) PLANE_ANGLE_UNIT ( ) SI_UNIT ( $, .RADIAN. ) );
#2661 = CARTESIAN_POINT ( 'NONE',  ( 0.08022608896878150042, -26.00086416921546828, 0.6614173228346458266 ) ) ;
#2662 = VERTEX_POINT ( 'NONE', #1684 ) ;
#2663 = CARTESIAN_POINT ( 'NONE',  ( -46.94045648118299141, 0.03800451762590591198, 0.7952755905511811330 ) ) ;
#2664 = EDGE_CURVE ( 'NONE', #2604, #2670, #4463, .T. ) ;
#2665 = LINE ( 'NONE', #4543, #2722 ) ;
#2666 = CARTESIAN_POINT ( 'NONE',  ( -46.94045648118299141, 0.03800451762590591198, 0.7952755905511811330 ) ) ;
#2667 = LINE ( 'NONE', #1325, #5569 ) ;
#2668 = ORIENTED_EDGE ( 'NONE', *, *, #4271, .T. ) ;
#2669 = EDGE_CURVE ( 'NONE', #3994, #2573, #2152, .T. ) ;
#2670 = VERTEX_POINT ( 'NONE', #5802 ) ;
#2671 = ORIENTED_EDGE ( 'NONE', *, *, #4633, .F. ) ;
#2672 = PLANE ( 'NONE',  #2735 ) ;
#2673 = CARTESIAN_POINT ( 'NONE',  ( 0.2652654590411374080, -26.00086416922701460, 0.7795275590551181688 ) ) ;
#2674 = APPLICATION_CONTEXT ( 'automotive_design' ) ;
#2675 = VERTEX_POINT ( 'NONE', #4903 ) ;
#2676 = LINE ( 'NONE', #290, #3607 ) ;
#2677 = ORIENTED_EDGE ( 'NONE', *, *, #3358, .T. ) ;
#2678 = ORIENTED_EDGE ( 'NONE', *, *, #3648, .F. ) ;
#2679 = CYLINDRICAL_SURFACE ( 'NONE', #2250, 0.03149606299212252131 ) ;
#2680 = DIRECTION ( 'NONE',  ( 0.000000000000000000, 0.000000000000000000, -1.000000000000000000 ) ) ;
#2681 = CARTESIAN_POINT ( 'NONE',  ( -0.2071754858407791333, 0.2860753837675988343, 0.7283464566929134243 ) ) ;
#2682 = DIRECTION ( 'NONE',  ( 0.000000000000000000, 0.000000000000000000, 1.000000000000000000 ) ) ;
#2683 = DIRECTION ( 'NONE',  ( 0.000000000000000000, -1.000000000000000000, 0.000000000000000000 ) ) ;
#2684 = ORIENTED_EDGE ( 'NONE', *, *, #233, .F. ) ;
#2685 = EDGE_LOOP ( 'NONE', ( #1614, #3375, #4646, #968 ) ) ;
#2686 = DIRECTION ( 'NONE',  ( 0.000000000000000000, 0.000000000000000000, -1.000000000000000000 ) ) ;
#2687 = VECTOR ( 'NONE', #4245, 39.37007874015748143 ) ;
#2688 = FACE_OUTER_BOUND ( 'NONE', #3236, .T. ) ;
#2689 = VERTEX_POINT ( 'NONE', #2523 ) ;
#2690 = DIRECTION ( 'NONE',  ( 1.000000000000000000, 0.000000000000000000, 0.000000000000000000 ) ) ;
#2691 = FACE_OUTER_BOUND ( 'NONE', #101, .T. ) ;
#2692 = CARTESIAN_POINT ( 'NONE',  ( -0.3449707614313327064, -0.1324679233190568794, 0.5590551181102362266 ) ) ;
#2693 = DIRECTION ( 'NONE',  ( 0.000000000000000000, 1.000000000000000000, 0.000000000000000000 ) ) ;
#2694 = ADVANCED_FACE ( 'NONE', ( #4959 ), #5893, .T. ) ;
#2695 = ADVANCED_FACE ( 'NONE', ( #1655 ), #3999, .F. ) ;
#2696 = ORIENTED_EDGE ( 'NONE', *, *, #1599, .F. ) ;
#2697 = VERTEX_POINT ( 'NONE', #4495 ) ;
#2698 = CARTESIAN_POINT ( 'NONE',  ( -46.94045648118299141, 0.08800451762590570659, 0.7952755905511811330 ) ) ;
#2699 = DIRECTION ( 'NONE',  ( -1.000000000000000000, 0.000000000000000000, 0.000000000000000000 ) ) ;
#2700 = VERTEX_POINT ( 'NONE', #4407 ) ;
#2701 = CARTESIAN_POINT ( 'NONE',  ( -0.1678054071006259973, 0.2860753837676381917, 0.6102362204724409711 ) ) ;
#2702 = ADVANCED_FACE ( 'NONE', ( #3567, #2114, #3101, #668 ), #5854, .T. ) ;
#2703 = EDGE_LOOP ( 'NONE', ( #4416, #4886, #3240, #3346 ) ) ;
#2704 = ORIENTED_EDGE ( 'NONE', *, *, #4143, .F. ) ;
#2705 = CARTESIAN_POINT ( 'NONE',  ( -0.06938021025023445587, 0.3057604231376799819, 0.7775590551181102983 ) ) ;
#2706 = DIRECTION ( 'NONE',  ( 0.000000000000000000, 0.000000000000000000, -1.000000000000000000 ) ) ;
#2707 = EDGE_CURVE ( 'NONE', #3726, #5329, #3045, .T. ) ;
#2708 = VECTOR ( 'NONE', #660, 39.37007874015748143 ) ;
#2709 = CARTESIAN_POINT ( 'NONE',  ( -10.38276251774287573, 10.54040257315232587, 0.7775590551181102983 ) ) ;
#2710 = ORIENTED_EDGE ( 'NONE', *, *, #3678, .F. ) ;
#2711 = LINE ( 'NONE', #1189, #3202 ) ;
#2712 = ORIENTED_EDGE ( 'NONE', *, *, #1623, .T. ) ;
#2713 = ORIENTED_EDGE ( 'NONE', *, *, #4401, .F. ) ;
#2714 = VECTOR ( 'NONE', #3862, 39.37007874015748143 ) ;
#2715 = CARTESIAN_POINT ( 'NONE',  ( -37.14372631176701134, -36.80795575711105982, 0.7775590551181102983 ) ) ;
#2716 = DIRECTION ( 'NONE',  ( 1.000000000000000000, 0.000000000000000000, 0.000000000000000000 ) ) ;
#2717 = VECTOR ( 'NONE', #4704, 39.37007874015748143 ) ;
#2718 = DIRECTION ( 'NONE',  ( 0.000000000000000000, 0.000000000000000000, 1.000000000000000000 ) ) ;
#2719 = ORIENTED_EDGE ( 'NONE', *, *, #5367, .F. ) ;
#2720 = AXIS2_PLACEMENT_3D ( 'NONE', #6107, #3282, #1351 ) ;
#2721 = LINE ( 'NONE', #5099, #2835 ) ;
#2722 = VECTOR ( 'NONE', #405, 39.37007874015748143 ) ;
#2723 = DIRECTION ( 'NONE',  ( 1.000000000000000000, 0.000000000000000000, 0.000000000000000000 ) ) ;
#2724 = FACE_OUTER_BOUND ( 'NONE', #4739, .T. ) ;
#2725 = CARTESIAN_POINT ( 'NONE',  ( 0.2888875062892153900, -26.10134632421094381, 0.7795275590551181688 ) ) ;
#2726 = ORIENTED_EDGE ( 'NONE', *, *, #3145, .T. ) ;
#2727 = ORIENTED_EDGE ( 'NONE', *, *, #4505, .F. ) ;
#2728 = LINE ( 'NONE', #3390, #5201 ) ;
#2729 = VECTOR ( 'NONE', #1075, 39.37007874015748143 ) ;
#2731 = EDGE_CURVE ( 'NONE', #5359, #3886, #202, .T. ) ;
#2730 = VECTOR ( 'NONE', #638, 39.37007874015748143 ) ;
#2732 = EDGE_CURVE ( 'NONE', #2744, #3225, #759, .T. ) ;
#2733 = LINE ( 'NONE', #5607, #4089 ) ;
#2734 = VERTEX_POINT ( 'NONE', #3913 ) ;
#2735 = AXIS2_PLACEMENT_3D ( 'NONE', #837, #3743, #382 ) ;
#2736 = ORIENTED_EDGE ( 'NONE', *, *, #6017, .T. ) ;
#2737 = ORIENTED_EDGE ( 'NONE', *, *, #1679, .F. ) ;
#2738 = CARTESIAN_POINT ( 'NONE',  ( -46.76888308971299324, 0.03800451762590591198, 0.7952755905511811330 ) ) ;
#2739 = FACE_OUTER_BOUND ( 'NONE', #5397, .T. ) ;
#2740 = EDGE_CURVE ( 'NONE', #3043, #1928, #3447, .T. ) ;
#2741 = VECTOR ( 'NONE', #1901, 39.37007874015748143 ) ;
#2742 = DIRECTION ( 'NONE',  ( 0.000000000000000000, 0.000000000000000000, -1.000000000000000000 ) ) ;
#2743 = LINE ( 'NONE', #2272, #3214 ) ;
#2744 = VERTEX_POINT ( 'NONE', #1616 ) ;
#2745 = DIRECTION ( 'NONE',  ( 0.000000000000000000, 0.000000000000000000, 1.000000000000000000 ) ) ;
#2746 = FACE_OUTER_BOUND ( 'NONE', #5672, .T. ) ;
#2747 = ORIENTED_EDGE ( 'NONE', *, *, #2516, .T. ) ;
#2748 = EDGE_CURVE ( 'NONE', #4790, #538, #3507, .T. ) ;
#2749 = ORIENTED_EDGE ( 'NONE', *, *, #1982, .F. ) ;
#2750 = EDGE_CURVE ( 'NONE', #4673, #5793, #4931, .T. ) ;
#2751 = DIRECTION ( 'NONE',  ( 0.000000000000000000, 0.000000000000000000, -1.000000000000000000 ) ) ;
#2752 = DIRECTION ( 'NONE',  ( 2.467162276945064886E-13, -1.000000000000000000, 0.000000000000000000 ) ) ;
#2753 = ORIENTED_EDGE ( 'NONE', *, *, #4932, .T. ) ;
#2754 = DIRECTION ( 'NONE',  ( 0.000000000000000000, 0.000000000000000000, -1.000000000000000000 ) ) ;
#2755 = LINE ( 'NONE', #3210, #53 ) ;
#2756 = CARTESIAN_POINT ( 'NONE',  ( 0.2140843566789031316, -26.10134632421826950, 0.7952755905511811330 ) ) ;
#2757 = CARTESIAN_POINT ( 'NONE',  ( 0.1294386873875956745, -26.00086416922701460, 0.6614173228346458266 ) ) ;
#2758 = ORIENTED_EDGE ( 'NONE', *, *, #4693, .F. ) ;
#2759 = DIRECTION ( 'NONE',  ( 0.000000000000000000, 0.000000000000000000, -1.000000000000000000 ) ) ;
#2760 = CARTESIAN_POINT ( 'NONE',  ( -0.2071754858407791333, 0.2860753837675988343, 0.6102362204724409711 ) ) ;
#2761 = EDGE_LOOP ( 'NONE', ( #1773, #367, #2773, #3555 ) ) ;
#2762 = ORIENTED_EDGE ( 'NONE', *, *, #4379, .F. ) ;
#2763 = ORIENTED_EDGE ( 'NONE', *, *, #366, .T. ) ;
#2764 = PLANE ( 'NONE',  #3573 ) ;
#2765 = DIRECTION ( 'NONE',  ( 0.000000000000000000, -1.000000000000000000, 0.000000000000000000 ) ) ;
#2766 = DIRECTION ( 'NONE',  ( 0.000000000000000000, 0.000000000000000000, 1.000000000000000000 ) ) ;
#2767 = DIRECTION ( 'NONE',  ( -0.7071067811866260655, -0.7071067811864689689, 0.000000000000000000 ) ) ;
#2768 = ORIENTED_EDGE ( 'NONE', *, *, #3534, .T. ) ;
#2769 = LINE ( 'NONE', #2395, #2122 ) ;
#2770 = ORIENTED_EDGE ( 'NONE', *, *, #3450, .T. ) ;
#2771 = EDGE_CURVE ( 'NONE', #5967, #3961, #1185, .T. ) ;
#2772 = ADVANCED_FACE ( 'NONE', ( #4256 ), #1883, .T. ) ;
#2773 = ORIENTED_EDGE ( 'NONE', *, *, #923, .F. ) ;
#2774 = EDGE_CURVE ( 'NONE', #5754, #5015, #2348, .T. ) ;
#2775 = DIRECTION ( 'NONE',  ( -1.000000000000000000, 0.000000000000000000, 0.000000000000000000 ) ) ;
#2776 = DIRECTION ( 'NONE',  ( 0.000000000000000000, -1.000000000000000000, 0.000000000000000000 ) ) ;
#2777 = ADVANCED_FACE ( 'NONE', ( #5126 ), #5244, .T. ) ;
#2778 = ORIENTED_EDGE ( 'NONE', *, *, #4017, .T. ) ;
#2779 = CARTESIAN_POINT ( 'NONE',  ( -0.1323723362344881860, 0.002571446759763685360, 0.7952755905511811330 ) ) ;
#2780 = DIRECTION ( 'NONE',  ( -0.7071067811866259545, -0.7071067811864688579, -4.444328744009344120E-17 ) ) ;
#2781 = DIRECTION ( 'NONE',  ( 1.000000000000000000, 0.000000000000000000, 0.000000000000000000 ) ) ;
#2782 = AXIS2_PLACEMENT_3D ( 'NONE', #1957, #67, #588 ) ;
#2783 = ORIENTED_EDGE ( 'NONE', *, *, #2124, .T. ) ;
#2784 = CARTESIAN_POINT ( 'NONE',  ( 0.1117221519544875918, -0.02105060048433255934, 0.7952755905511811330 ) ) ;
#2785 = DIRECTION ( 'NONE',  ( 0.000000000000000000, 0.000000000000000000, -1.000000000000000000 ) ) ;
#2786 = CARTESIAN_POINT ( 'NONE',  ( 0.1117221519544875918, -0.02105060048433255934, 0.5590551181102362266 ) ) ;
#2787 = VERTEX_POINT ( 'NONE', #5682 ) ;
#2788 = VERTEX_POINT ( 'NONE', #4689 ) ;
#2789 = ORIENTED_EDGE ( 'NONE', *, *, #4322, .T. ) ;
#2790 = DIRECTION ( 'NONE',  ( 0.000000000000000000, 0.000000000000000000, 1.000000000000000000 ) ) ;
#2791 = LINE ( 'NONE', #1873, #565 ) ;
#2792 = LINE ( 'NONE', #4679, #5093 ) ;
#2793 = ORIENTED_EDGE ( 'NONE', *, *, #779, .T. ) ;
#2794 = CARTESIAN_POINT ( 'NONE',  ( 0.1097536480174842732, -26.10134632421826950, 0.5433070866141732624 ) ) ;
#2795 = VERTEX_POINT ( 'NONE', #6049 ) ;
#2796 = VECTOR ( 'NONE', #4862, 39.37007874015748143 ) ;
#2797 = EDGE_CURVE ( 'NONE', #2856, #2631, #1818, .T. ) ;
#2798 = DIRECTION ( 'NONE',  ( 1.000000000000000000, 0.000000000000000000, 0.000000000000000000 ) ) ;
#2799 = EDGE_CURVE ( 'NONE', #6018, #2215, #4724, .T. ) ;
#2800 = DIRECTION ( 'NONE',  ( 0.000000000000000000, -1.000000000000000000, 0.000000000000000000 ) ) ;
#2801 = CARTESIAN_POINT ( 'NONE',  ( -0.2859156433211031412, -0.02892461623236318793, 0.7952755905511811330 ) ) ;
#2802 = VECTOR ( 'NONE', #4385, 39.37007874015748143 ) ;
#2803 = ADVANCED_FACE ( 'NONE', ( #2862 ), #461, .T. ) ;
#2804 = CARTESIAN_POINT ( 'NONE',  ( -0.1717424149746065165, -0.001365561114251630020, 0.5590551181102362266 ) ) ;
#2805 = DIRECTION ( 'NONE',  ( 1.000000000000000000, 0.000000000000000000, 0.000000000000000000 ) ) ;
#2806 = CARTESIAN_POINT ( 'NONE',  ( -46.94045648118299141, 0.002571446759763685360, 0.7952755905511811330 ) ) ;
#2807 = VECTOR ( 'NONE', #3239, 39.37007874015748143 ) ;
#2808 = VECTOR ( 'NONE', #2931, 39.37007874015748143 ) ;
#2809 = ADVANCED_FACE ( 'NONE', ( #23 ), #2834, .T. ) ;
#2810 = ORIENTED_EDGE ( 'NONE', *, *, #809, .T. ) ;
#2811 = CARTESIAN_POINT ( 'NONE',  ( 0.2888875062852377940, -0.001365561114251630020, 0.7795275590551181688 ) ) ;
#2812 = DIRECTION ( 'NONE',  ( 0.000000000000000000, -1.000000000000000000, 0.000000000000000000 ) ) ;
#2813 = EDGE_CURVE ( 'NONE', #1161, #2388, #3826, .T. ) ;
#2814 = VECTOR ( 'NONE', #2078, 39.37007874015748143 ) ;
#2815 = DIRECTION ( 'NONE',  ( 0.000000000000000000, 0.000000000000000000, 1.000000000000000000 ) ) ;
#2816 = CIRCLE ( 'NONE', #2228, 0.01574803149606296415 ) ;
#2817 = CARTESIAN_POINT ( 'NONE',  ( -0.3095376905651948674, -0.08522382883079014648, 0.7952755905511811330 ) ) ;
#2818 = VERTEX_POINT ( 'NONE', #4658 ) ;
#2819 = ORIENTED_EDGE ( 'NONE', *, *, #11, .T. ) ;
#2820 = ORIENTED_EDGE ( 'NONE', *, *, #1437, .T. ) ;
#2821 = PRESENTATION_LAYER_ASSIGNMENT (  '', '', ( #5286 ) ) ;
#2822 = DIRECTION ( 'NONE',  ( 0.000000000000000000, -1.000000000000000000, 4.336808689942495786E-15 ) ) ;
#2823 = CARTESIAN_POINT ( 'NONE',  ( 0.01723396297811121899, -26.10134632421826950, 0.5590551181102362266 ) ) ;
#2824 = CARTESIAN_POINT ( 'NONE',  ( 0.02904498660016590489, 0.1270202656573653499, 0.7775590551181102983 ) ) ;
#2825 = VECTOR ( 'NONE', #4233, 39.37007874015748143 ) ;
#2826 = LINE ( 'NONE', #940, #2036 ) ;
#2827 = EDGE_LOOP ( 'NONE', ( #2622, #4387, #4522, #5736 ) ) ;
#2828 = DIRECTION ( 'NONE',  ( 0.000000000000000000, -1.000000000000000000, 0.000000000000000000 ) ) ;
#2829 = ORIENTED_EDGE ( 'NONE', *, *, #2314, .T. ) ;
#2830 = ORIENTED_EDGE ( 'NONE', *, *, #4929, .T. ) ;
#2831 = VECTOR ( 'NONE', #4330, 39.37007874015748143 ) ;
#2832 = DIRECTION ( 'NONE',  ( 0.000000000000000000, 0.000000000000000000, 1.000000000000000000 ) ) ;
#2833 = FACE_OUTER_BOUND ( 'NONE', #470, .T. ) ;
#2834 = PLANE ( 'NONE',  #4486 ) ;
#2835 = VECTOR ( 'NONE', #5997, 39.37007874015748143 ) ;
#2836 = VERTEX_POINT ( 'NONE', #977 ) ;
#2837 = EDGE_CURVE ( 'NONE', #4534, #5666, #4751, .T. ) ;
#2838 = DIRECTION ( 'NONE',  ( -1.000000000000000000, 0.000000000000000000, 0.000000000000000000 ) ) ;
#2839 = FACE_OUTER_BOUND ( 'NONE', #1155, .T. ) ;
#2840 = CARTESIAN_POINT ( 'NONE',  ( 0.1786512858127917436, 0.07343758849204802541, 0.7952755905511811330 ) ) ;
#2841 = EDGE_CURVE ( 'NONE', #3225, #1884, #2402, .T. ) ;
#2842 = EDGE_CURVE ( 'NONE', #1852, #1707, #54, .T. ) ;
#2843 = VERTEX_POINT ( 'NONE', #429 ) ;
#2844 = CARTESIAN_POINT ( 'NONE',  ( 0.2377064039229948855, 0.08800451762590570659, 0.7795275590551181688 ) ) ;
#2845 = CARTESIAN_POINT ( 'NONE',  ( -0.1717424149746413220, -0.02105060048433255934, 0.7795275590551181688 ) ) ;
#2846 = LINE ( 'NONE', #3137, #1322 ) ;
#2847 = EDGE_CURVE ( 'NONE', #6037, #6023, #2311, .T. ) ;
#2848 = CARTESIAN_POINT ( 'NONE',  ( 0.2140843566789031316, 0.1549336514841702650, 0.7952755905511811330 ) ) ;
#2849 = VERTEX_POINT ( 'NONE', #4198 ) ;
#2850 = CARTESIAN_POINT ( 'NONE',  ( 0.1510922306946494154, 0.03800451762590591198, 0.7795275590551181688 ) ) ;
#2851 = ORIENTED_EDGE ( 'NONE', *, *, #172, .T. ) ;
#2852 = EDGE_CURVE ( 'NONE', #4865, #6002, #5713, .T. ) ;
#2853 = VERTEX_POINT ( 'NONE', #1469 ) ;
#2854 = CARTESIAN_POINT ( 'NONE',  ( 0.6884938054977971511, 0.04788640738964614063, 0.6338582677165355284 ) ) ;
#2855 = CARTESIAN_POINT ( 'NONE',  ( 0.01723396297811121899, -26.10134632421826950, 0.5433070866141732624 ) ) ;
#2856 = VERTEX_POINT ( 'NONE', #2801 ) ;
#2857 = CARTESIAN_POINT ( 'NONE',  ( -0.1126872968643679029, 0.03800451762590591198, 0.5433070866141732624 ) ) ;
#2858 = ORIENTED_EDGE ( 'NONE', *, *, #4769, .F. ) ;
#2859 = DIRECTION ( 'NONE',  ( -1.000000000000000000, 0.000000000000000000, 0.000000000000000000 ) ) ;
#2860 = LINE ( 'NONE', #2492, #2917 ) ;
#2861 = CARTESIAN_POINT ( 'NONE',  ( -46.76888308971299324, -26.00086416922701460, 0.5590551181102362266 ) ) ;
#2862 = FACE_OUTER_BOUND ( 'NONE', #1990, .T. ) ;
#2863 = EDGE_LOOP ( 'NONE', ( #4129, #4250, #3141, #3655 ) ) ;
#2864 = CARTESIAN_POINT ( 'NONE',  ( 0.09991112833247657588, 0.07343758849204802541, 0.6771653543307086798 ) ) ;
#2865 = CARTESIAN_POINT ( 'NONE',  ( -7.538613755058740651, -34.41492064910763560, 0.7795275590551181688 ) ) ;
#2866 = FACE_OUTER_BOUND ( 'NONE', #4074, .T. ) ;
#2867 = ORIENTED_EDGE ( 'NONE', *, *, #5335, .F. ) ;
#2868 = CARTESIAN_POINT ( 'NONE',  ( 0.2377064039229948855, 0.08800451762590570659, 0.5433070866141732624 ) ) ;
#2869 = CARTESIAN_POINT ( 'NONE',  ( 0.2888875062852027664, -0.02892461623236318793, 0.5433070866141732624 ) ) ;
#2870 = CARTESIAN_POINT ( 'NONE',  ( -0.2071754858407791333, 0.2860753837675988343, 0.7775590551181102983 ) ) ;
#2871 = EDGE_CURVE ( 'NONE', #2675, #2662, #1856, .T. ) ;
#2872 = DIRECTION ( 'NONE',  ( 0.000000000000000000, 0.000000000000000000, -1.000000000000000000 ) ) ;
#2873 = DIRECTION ( 'NONE',  ( 0.000000000000000000, 1.000000000000000000, 0.000000000000000000 ) ) ;
#2874 = EDGE_CURVE ( 'NONE', #1349, #1290, #2890, .T. ) ;
#2875 = ORIENTED_EDGE ( 'NONE', *, *, #664, .T. ) ;
#2876 = VECTOR ( 'NONE', #2812, 39.37007874015748143 ) ;
#2877 = EDGE_LOOP ( 'NONE', ( #190, #3538, #4680, #2018 ) ) ;
#2878 = ORIENTED_EDGE ( 'NONE', *, *, #5413, .F. ) ;
#2879 = LINE ( 'NONE', #5326, #4657 ) ;
#2880 = LINE ( 'NONE', #131, #273 ) ;
#2881 = PLANE ( 'NONE',  #4772 ) ;
#2882 = ADVANCED_FACE ( 'NONE', ( #5739 ), #111, .T. ) ;
#2883 = ORIENTED_EDGE ( 'NONE', *, *, #5152, .F. ) ;
#2884 = DIRECTION ( 'NONE',  ( 1.000000000000000000, 0.000000000000000000, 0.000000000000000000 ) ) ;
#2885 = EDGE_LOOP ( 'NONE', ( #4005, #1465, #1174, #1735 ) ) ;
#2886 = PRODUCT_DEFINITION ( 'UNKNOWN', '', #2052, #38 ) ;
#2887 = CARTESIAN_POINT ( 'NONE',  ( -0.2859156433210681136, -26.00086416922701460, 0.7952755905511811330 ) ) ;
#2888 = LINE ( 'NONE', #4343, #1342 ) ;
#2889 = CARTESIAN_POINT ( 'NONE',  ( 0.2140843566789381591, -0.001365561114251630020, 0.6988188976377953665 ) ) ;
#2890 = LINE ( 'NONE', #2282, #3219 ) ;
#2891 = ORIENTED_EDGE ( 'NONE', *, *, #4515, .F. ) ;
#2892 = CARTESIAN_POINT ( 'NONE',  ( -0.04772666694311086116, -0.1450663485158281418, 0.7952755905511811330 ) ) ;
#2893 = VECTOR ( 'NONE', #3720, 39.37007874015748143 ) ;
#2894 = CARTESIAN_POINT ( 'NONE',  ( -0.2445770606454763796, -26.00086416922984256, 0.6771653543307086798 ) ) ;
#2895 = DIRECTION ( 'NONE',  ( -1.000000000000000000, 0.000000000000000000, 0.000000000000000000 ) ) ;
#2896 = VERTEX_POINT ( 'NONE', #3477 ) ;
#2897 = DIRECTION ( 'NONE',  ( -1.000000000000000000, 0.000000000000000000, 0.000000000000000000 ) ) ;
#2898 = VECTOR ( 'NONE', #1600, 39.37007874015748143 ) ;
#2899 = DIRECTION ( 'NONE',  ( 0.000000000000000000, 1.000000000000000000, 0.000000000000000000 ) ) ;
#2900 = DIRECTION ( 'NONE',  ( 0.000000000000000000, 0.000000000000000000, -1.000000000000000000 ) ) ;
#2901 = CARTESIAN_POINT ( 'NONE',  ( 3.517520943451260429, -15.45498776379866257, 0.7795275590551181688 ) ) ;
#2902 = DIRECTION ( 'NONE',  ( -1.000000000000000000, 0.000000000000000000, 0.000000000000000000 ) ) ;
#2903 = VECTOR ( 'NONE', #3449, 39.37007874015748143 ) ;
#2904 = VERTEX_POINT ( 'NONE', #1499 ) ;
#2905 = AXIS2_PLACEMENT_3D ( 'NONE', #3385, #4846, #1009 ) ;
#2906 = ORIENTED_EDGE ( 'NONE', *, *, #4621, .T. ) ;
#2907 = ORIENTED_EDGE ( 'NONE', *, *, #2476, .F. ) ;
#2908 = CARTESIAN_POINT ( 'NONE',  ( -0.01032509213999598455, 0.2860753837675988343, 0.7283464566929134243 ) ) ;
#2909 = EDGE_CURVE ( 'NONE', #3994, #3369, #4905, .T. ) ;
#2910 = EDGE_CURVE ( 'NONE', #386, #2836, #5336, .T. ) ;
#2911 = VECTOR ( 'NONE', #5796, 39.37007874015748143 ) ;
#2912 = VECTOR ( 'NONE', #3476, 39.37007874015748143 ) ;
#2913 = ORIENTED_EDGE ( 'NONE', *, *, #4511, .T. ) ;
#2914 = EDGE_LOOP ( 'NONE', ( #3964, #3175, #1181, #2082 ) ) ;
#2915 = CARTESIAN_POINT ( 'NONE',  ( -46.76888308971299324, -26.00086416922701460, 0.5433070866141732624 ) ) ;
#2916 = AXIS2_PLACEMENT_3D ( 'NONE', #5549, #1310, #2271 ) ;
#2917 = VECTOR ( 'NONE', #1438, 39.37007874015748854 ) ;
#2918 = ORIENTED_EDGE ( 'NONE', *, *, #1982, .T. ) ;
#2919 = ADVANCED_FACE ( 'NONE', ( #4843 ), #2952, .T. ) ;
#2920 = FACE_OUTER_BOUND ( 'NONE', #5085, .T. ) ;
#2921 = VECTOR ( 'NONE', #2575, 39.37007874015748143 ) ;
#2922 = AXIS2_PLACEMENT_3D ( 'NONE', #5829, #5857, #1125 ) ;
#2923 = DIRECTION ( 'NONE',  ( 0.000000000000000000, 0.000000000000000000, -1.000000000000000000 ) ) ;
#2924 = CARTESIAN_POINT ( 'NONE',  ( -46.94045648118299141, 0.002571446759763685360, 0.7795275590551181688 ) ) ;
#2925 = ADVANCED_FACE ( 'NONE', ( #3382 ), #4321, .T. ) ;
#2926 = CARTESIAN_POINT ( 'NONE',  ( -0.2859156433210681136, 0.03800451762590591198, 0.5590551181102362266 ) ) ;
#2927 = ORIENTED_EDGE ( 'NONE', *, *, #4354, .F. ) ;
#2928 = VECTOR ( 'NONE', #1956, 39.37007874015748143 ) ;
#2929 = EDGE_CURVE ( 'NONE', #3464, #4534, #3915, .T. ) ;
#2930 = VECTOR ( 'NONE', #4365, 39.37007874015748854 ) ;
#2931 = DIRECTION ( 'NONE',  ( -1.000000000000000000, 0.000000000000000000, 0.000000000000000000 ) ) ;
#2932 = LINE ( 'NONE', #3387, #2135 ) ;
#2933 = LINE ( 'NONE', #4961, #5768 ) ;
#2934 = ORIENTED_EDGE ( 'NONE', *, *, #159, .F. ) ;
#2935 = DIRECTION ( 'NONE',  ( 0.000000000000000000, 0.000000000000000000, -1.000000000000000000 ) ) ;
#2936 = CARTESIAN_POINT ( 'NONE',  ( -47.43742357988960379, -26.51425848898617943, 0.7775590551181102983 ) ) ;
#2937 = DIRECTION ( 'NONE',  ( 1.000000000000000000, 0.000000000000000000, 0.000000000000000000 ) ) ;
#2938 = FACE_OUTER_BOUND ( 'NONE', #2685, .T. ) ;
#2939 = LINE ( 'NONE', #1510, #1514 ) ;
#2940 = ORIENTED_EDGE ( 'NONE', *, *, #1864, .T. ) ;
#2941 = ORIENTED_EDGE ( 'NONE', *, *, #5337, .T. ) ;
#2942 = ORIENTED_EDGE ( 'NONE', *, *, #3829, .T. ) ;
#2943 = DIRECTION ( 'NONE',  ( 0.000000000000000000, 0.000000000000000000, 1.000000000000000000 ) ) ;
#2944 = LINE ( 'NONE', #4716, #5959 ) ;
#2945 = ORIENTED_EDGE ( 'NONE', *, *, #5123, .F. ) ;
#2946 = DIRECTION ( 'NONE',  ( -1.000000000000000000, 0.000000000000000000, 0.000000000000000000 ) ) ;
#2947 = VERTEX_POINT ( 'NONE', #3047 ) ;
#2948 = CARTESIAN_POINT ( 'NONE',  ( -0.04772666694311086116, -26.00086416922701460, 0.6614173228346458266 ) ) ;
#2949 = CARTESIAN_POINT ( 'NONE',  ( -0.3213487141872058972, 0.03800451762590591198, 0.7795275590551181688 ) ) ;
#2950 = DIRECTION ( 'NONE',  ( 1.000000000000000000, 0.000000000000000000, 0.000000000000000000 ) ) ;
#2951 = EDGE_CURVE ( 'NONE', #2284, #1680, #2086, .T. ) ;
#2952 = PLANE ( 'NONE',  #3106 ) ;
#2953 = EDGE_CURVE ( 'NONE', #3437, #1884, #1973, .T. ) ;
#2954 = ORIENTED_EDGE ( 'NONE', *, *, #2360, .F. ) ;
#2955 = EDGE_CURVE ( 'NONE', #2157, #3407, #5401, .T. ) ;
#2956 = CARTESIAN_POINT ( 'NONE',  ( -0.1658369031635877899, -0.1450663485158281418, 0.6614173228346458266 ) ) ;
#2957 = CARTESIAN_POINT ( 'NONE',  ( -0.3242300936528251798, -0.1249909137387787417, 0.7952755905511811330 ) ) ;
#2958 = ADVANCED_FACE ( 'NONE', ( #3852 ), #5364, .F. ) ;
#2959 = ORIENTED_EDGE ( 'NONE', *, *, #1025, .T. ) ;
#2960 = DIRECTION ( 'NONE',  ( 0.000000000000000000, 0.000000000000000000, -1.000000000000000000 ) ) ;
#2961 = EDGE_CURVE ( 'NONE', #441, #2896, #3969, .T. ) ;
#2962 = CARTESIAN_POINT ( 'NONE',  ( 0.09361191573401889121, 0.04001239164161551204, 0.7047244094488188670 ) ) ;
#2963 = PLANE ( 'NONE',  #541 ) ;
#2964 = CARTESIAN_POINT ( 'NONE',  ( -46.94045648118299141, 0.1719021554211809244, 0.7952755905511811330 ) ) ;
#2965 = CARTESIAN_POINT ( 'NONE',  ( 0.1491237267576722703, -0.001365561114251630020, 0.7952755905511811330 ) ) ;
#2966 = ORIENTED_EDGE ( 'NONE', *, *, #1590, .T. ) ;
#2967 = ORIENTED_EDGE ( 'NONE', *, *, #1034, .T. ) ;
#2968 = EDGE_LOOP ( 'NONE', ( #4920, #3760, #1869, #1008 ) ) ;
#2969 = LINE ( 'NONE', #2483, #909 ) ;
#2970 = PLANE ( 'NONE',  #4814 ) ;
#2971 = VECTOR ( 'NONE', #2989, 39.37007874015748143 ) ;
#2972 = PLANE ( 'NONE',  #4674 ) ;
#2973 = ORIENTED_EDGE ( 'NONE', *, *, #3359, .F. ) ;
#2974 = DIRECTION ( 'NONE',  ( 0.000000000000000000, -1.000000000000000000, 0.000000000000000000 ) ) ;
#2975 = ORIENTED_EDGE ( 'NONE', *, *, #5990, .T. ) ;
#2976 = LINE ( 'NONE', #2887, #4224 ) ;
#2977 = FACE_OUTER_BOUND ( 'NONE', #1227, .T. ) ;
#2978 = DIRECTION ( 'NONE',  ( 0.7071067811865474617, 0.7071067811865474617, 0.000000000000000000 ) ) ;
#2979 = LINE ( 'NONE', #142, #1350 ) ;
#2980 = EDGE_LOOP ( 'NONE', ( #5531, #906, #5190, #3003 ) ) ;
#2981 = EDGE_CURVE ( 'NONE', #1066, #4592, #3014, .T. ) ;
#2982 = EDGE_CURVE ( 'NONE', #538, #1653, #2979, .T. ) ;
#2983 = CARTESIAN_POINT ( 'NONE',  ( -0.3449707614320409177, -26.10134632421952716, 0.5433070866141732624 ) ) ;
#2984 = CARTESIAN_POINT ( 'NONE',  ( 0.2652654590411374080, -0.001365561114251630020, 0.5590551181102362266 ) ) ;
#2985 = PLANE ( 'NONE',  #753 ) ;
#2986 = ORIENTED_EDGE ( 'NONE', *, *, #5824, .F. ) ;
#2987 = PLANE ( 'NONE',  #5503 ) ;
#2988 = EDGE_CURVE ( 'NONE', #5440, #3252, #670, .T. ) ;
#2989 = DIRECTION ( 'NONE',  ( 0.000000000000000000, -1.000000000000000000, 0.000000000000000000 ) ) ;
#2990 = AXIS2_PLACEMENT_3D ( 'NONE', #132, #482, #5671 ) ;
#2991 = CARTESIAN_POINT ( 'NONE',  ( -0.3804038322974441777, -26.00086416922701460, 0.6614173228346458266 ) ) ;
#2992 = LINE ( 'NONE', #3056, #4597 ) ;
#2993 = LINE ( 'NONE', #3434, #1220 ) ;
#2994 = ORIENTED_EDGE ( 'NONE', *, *, #5497, .T. ) ;
#2995 = EDGE_CURVE ( 'NONE', #3186, #868, #4438, .T. ) ;
#2996 = VERTEX_POINT ( 'NONE', #5767 ) ;
#2997 = VECTOR ( 'NONE', #3953, 39.37007874015748143 ) ;
#2998 = ORIENTED_EDGE ( 'NONE', *, *, #4348, .T. ) ;
#2999 = CARTESIAN_POINT ( 'NONE',  ( -0.1205613126124072954, 0.03800451762590591198, 0.7952755905511811330 ) ) ;
#3000 = EDGE_CURVE ( 'NONE', #5740, #2481, #1532, .T. ) ;
#3001 = AXIS2_PLACEMENT_3D ( 'NONE', #116, #695, #2004 ) ;
#3002 = CARTESIAN_POINT ( 'NONE',  ( 0.09203711258444587096, -26.00086416922701460, 0.7795275590551181688 ) ) ;
#3003 = ORIENTED_EDGE ( 'NONE', *, *, #2750, .F. ) ;
#3004 = DIRECTION ( 'NONE',  ( 0.000000000000000000, 0.000000000000000000, -1.000000000000000000 ) ) ;
#3005 = ORIENTED_EDGE ( 'NONE', *, *, #1866, .T. ) ;
#3006 = ORIENTED_EDGE ( 'NONE', *, *, #5797, .T. ) ;
#3007 = VECTOR ( 'NONE', #1813, 39.37007874015748143 ) ;
#3008 = VECTOR ( 'NONE', #5185, 39.37007874015748143 ) ;
#3009 = LINE ( 'NONE', #629, #5010 ) ;
#3010 = DIRECTION ( 'NONE',  ( 0.7071067811865475727, 0.7071067811865475727, 0.000000000000000000 ) ) ;
#3011 = AXIS2_PLACEMENT_3D ( 'NONE', #5535, #3581, #4544 ) ;
#3012 = CARTESIAN_POINT ( 'NONE',  ( -0.3449707614313327064, 0.1719021554211809244, 0.7795275590551181688 ) ) ;
#3013 = VECTOR ( 'NONE', #4531, 39.37007874015748143 ) ;
#3014 = LINE ( 'NONE', #577, #5296 ) ;
#3015 = EDGE_LOOP ( 'NONE', ( #764, #597, #3276, #388 ) ) ;
#3016 = VECTOR ( 'NONE', #3920, 39.37007874015748143 ) ;
#3017 = VECTOR ( 'NONE', #5054, 39.37007874015748143 ) ;
#3018 = DIRECTION ( 'NONE',  ( 0.000000000000000000, -1.000000000000000000, 0.000000000000000000 ) ) ;
#3019 = LINE ( 'NONE', #2565, #5588 ) ;
#3020 = CARTESIAN_POINT ( 'NONE',  ( 0.2888875062852377940, 0.03800451762590591198, 0.5590551181102362266 ) ) ;
#3021 = VECTOR ( 'NONE', #4667, 39.37007874015748143 ) ;
#3022 = EDGE_CURVE ( 'NONE', #5343, #5351, #1564, .T. ) ;
#3023 = ORIENTED_EDGE ( 'NONE', *, *, #1670, .F. ) ;
#3024 = DIRECTION ( 'NONE',  ( -4.037174635000524947E-14, -1.000000000000000000, 0.000000000000000000 ) ) ;
#3025 = AXIS2_PLACEMENT_3D ( 'NONE', #4942, #3024, #3922 ) ;
#3026 = CARTESIAN_POINT ( 'NONE',  ( 0.2770764826631570976, -0.09703485245283602345, 0.7952755905511811330 ) ) ;
#3027 = LINE ( 'NONE', #5438, #646 ) ;
#3028 = CARTESIAN_POINT ( 'NONE',  ( 0.2652654590411023805, 0.03800451762590591198, 0.5433070866141732624 ) ) ;
#3029 = VERTEX_POINT ( 'NONE', #1070 ) ;
#3030 = EDGE_CURVE ( 'NONE', #4491, #2517, #1658, .T. ) ;
#3031 = CARTESIAN_POINT ( 'NONE',  ( -0.1717424149746413220, -0.02105060048433255934, 0.7952755905511811330 ) ) ;
#3032 = EDGE_CURVE ( 'NONE', #1488, #6037, #696, .T. ) ;
#3033 = AXIS2_PLACEMENT_3D ( 'NONE', #4434, #4558, #1279 ) ;
#3034 = ORIENTED_EDGE ( 'NONE', *, *, #3443, .T. ) ;
#3035 = ORIENTED_EDGE ( 'NONE', *, *, #809, .F. ) ;
#3036 = CARTESIAN_POINT ( 'NONE',  ( -46.94045648118299141, 0.1549336514841702650, 0.7952755905511811330 ) ) ;
#3037 = EDGE_CURVE ( 'NONE', #352, #5597, #4563, .T. ) ;
#3038 = CARTESIAN_POINT ( 'NONE',  ( -0.3804038322974441777, -26.00086416922701460, 0.6614173228346458266 ) ) ;
#3039 = VERTEX_POINT ( 'NONE', #4067 ) ;
#3040 = DIRECTION ( 'NONE',  ( 0.000000000000000000, -1.000000000000000000, 0.000000000000000000 ) ) ;
#3041 = EDGE_CURVE ( 'NONE', #4458, #5526, #2711, .T. ) ;
#3042 = VERTEX_POINT ( 'NONE', #4935 ) ;
#3043 = VERTEX_POINT ( 'NONE', #3601 ) ;
#3044 = LINE ( 'NONE', #757, #2546 ) ;
#3045 = LINE ( 'NONE', #4991, #3699 ) ;
#3046 = CARTESIAN_POINT ( 'NONE',  ( -0.2091439897777913615, 0.1876501869172421400, 0.6023622047244094890 ) ) ;
#3047 = CARTESIAN_POINT ( 'NONE',  ( 0.09203711258441102383, 0.03800451762590591198, 0.7795275590551181688 ) ) ;
#3048 = ORIENTED_EDGE ( 'NONE', *, *, #4238, .T. ) ;
#3049 = ORIENTED_EDGE ( 'NONE', *, *, #1553, .T. ) ;
#3050 = CARTESIAN_POINT ( 'NONE',  ( -46.94045648118780178, -0.02892461624110074722, 0.5590551181102362266 ) ) ;
#3051 = DIRECTION ( 'NONE',  ( -0.7071067811864688579, 0.7071067811866259545, 0.000000000000000000 ) ) ;
#3052 = CARTESIAN_POINT ( 'NONE',  ( 0.2140843566789031316, 0.08800451762590570659, 0.7952755905511811330 ) ) ;
#3053 = VERTEX_POINT ( 'NONE', #1785 ) ;
#3054 = LINE ( 'NONE', #2067, #68 ) ;
#3055 = PLANE ( 'NONE',  #3800 ) ;
#3056 = CARTESIAN_POINT ( 'NONE',  ( -0.3804038322974441777, 0.07343758849204802541, 0.6771653543307086798 ) ) ;
#3057 = DIRECTION ( 'NONE',  ( 0.000000000000000000, 0.000000000000000000, 1.000000000000000000 ) ) ;
#3058 = EDGE_LOOP ( 'NONE', ( #4764, #4913, #687, #2489 ) ) ;
#3059 = EDGE_LOOP ( 'NONE', ( #4547, #959, #1369, #2273 ) ) ;
#3060 = ORIENTED_EDGE ( 'NONE', *, *, #5115, .F. ) ;
#3061 = DIRECTION ( 'NONE',  ( 0.000000000000000000, -1.000000000000000000, 0.000000000000000000 ) ) ;
#3062 = EDGE_CURVE ( 'NONE', #100, #4051, #6016, .T. ) ;
#3063 = ADVANCED_FACE ( 'NONE', ( #2117 ), #1255, .T. ) ;
#3064 = FACE_OUTER_BOUND ( 'NONE', #1969, .T. ) ;
#3065 = EDGE_LOOP ( 'NONE', ( #136, #4553, #1379, #5714 ) ) ;
#3066 = CARTESIAN_POINT ( 'NONE',  ( -0.06938021025023445587, 0.3057604231376799819, 0.7283464566929134243 ) ) ;
#3067 = ORIENTED_EDGE ( 'NONE', *, *, #1758, .F. ) ;
#3068 = VERTEX_POINT ( 'NONE', #5494 ) ;
#3069 = FACE_OUTER_BOUND ( 'NONE', #2214, .T. ) ;
#3070 = EDGE_CURVE ( 'NONE', #479, #1568, #2119, .T. ) ;
#3071 = CARTESIAN_POINT ( 'NONE',  ( -46.94045648118299141, -26.10134632421826950, 0.7952755905511811330 ) ) ;
#3072 = DIRECTION ( 'NONE',  ( -0.7071067811864688579, 0.7071067811866259545, 0.000000000000000000 ) ) ;
#3073 = PLANE ( 'NONE',  #3596 ) ;
#3074 = CARTESIAN_POINT ( 'NONE',  ( -0.1559943834785450789, -0.1450663485158281418, 0.6771653543307086798 ) ) ;
#3075 = ORIENTED_EDGE ( 'NONE', *, *, #4966, .T. ) ;
#3076 = AXIS2_PLACEMENT_3D ( 'NONE', #5632, #1303, #838 ) ;
#3077 = EDGE_CURVE ( 'NONE', #408, #1493, #3140, .T. ) ;
#3078 = ORIENTED_EDGE ( 'NONE', *, *, #5148, .F. ) ;
#3079 = DIRECTION ( 'NONE',  ( 0.000000000000000000, 0.000000000000000000, 1.000000000000000000 ) ) ;
#3080 = LINE ( 'NONE', #5094, #1334 ) ;
#3081 = LINE ( 'NONE', #4013, #1634 ) ;
#3082 = ORIENTED_EDGE ( 'NONE', *, *, #4818, .F. ) ;
#3083 = DIRECTION ( 'NONE',  ( 1.000000000000000000, 0.000000000000000000, 0.000000000000000000 ) ) ;
#3084 = CARTESIAN_POINT ( 'NONE',  ( -0.1126872968644029582, 0.03800451762590591198, 0.7795275590551181688 ) ) ;
#3085 = LINE ( 'NONE', #2258, #2529 ) ;
#3086 = FACE_OUTER_BOUND ( 'NONE', #1092, .T. ) ;
#3087 = VERTEX_POINT ( 'NONE', #4963 ) ;
#3088 = ORIENTED_EDGE ( 'NONE', *, *, #4932, .F. ) ;
#3089 = ORIENTED_EDGE ( 'NONE', *, *, #2543, .T. ) ;
#3090 = DIRECTION ( 'NONE',  ( -1.000000000000000000, 0.000000000000000000, 0.000000000000000000 ) ) ;
#3091 = VECTOR ( 'NONE', #569, 39.37007874015748143 ) ;
#3092 = DIRECTION ( 'NONE',  ( 0.000000000000000000, 1.000000000000000000, 0.000000000000000000 ) ) ;
#3093 = ORIENTED_EDGE ( 'NONE', *, *, #5037, .T. ) ;
#3094 = VECTOR ( 'NONE', #1362, 39.37007874015748143 ) ;
#3095 = DIRECTION ( 'NONE',  ( 0.000000000000000000, 0.000000000000000000, -1.000000000000000000 ) ) ;
#3096 = EDGE_LOOP ( 'NONE', ( #3462, #2891, #1391, #1330 ) ) ;
#3097 = ADVANCED_FACE ( 'NONE', ( #2213 ), #5953, .T. ) ;
#3098 = VERTEX_POINT ( 'NONE', #5429 ) ;
#3099 = DIRECTION ( 'NONE',  ( 0.000000000000000000, 0.000000000000000000, -1.000000000000000000 ) ) ;
#3100 = VECTOR ( 'NONE', #5743, 39.37007874015748143 ) ;
#3101 = FACE_BOUND ( 'NONE', #93, .T. ) ;
#3102 = LINE ( 'NONE', #632, #2912 ) ;
#3103 = PLANE ( 'NONE',  #341 ) ;
#3104 = LINE ( 'NONE', #5896, #1524 ) ;
#3105 = ORIENTED_EDGE ( 'NONE', *, *, #3637, .T. ) ;
#3106 = AXIS2_PLACEMENT_3D ( 'NONE', #2000, #1589, #1618 ) ;
#3107 = VECTOR ( 'NONE', #3329, 39.37007874015748143 ) ;
#3108 = EDGE_CURVE ( 'NONE', #4081, #1062, #3104, .T. ) ;
#3109 = VERTEX_POINT ( 'NONE', #724 ) ;
#3110 = CIRCLE ( 'NONE', #3902, 0.02204724409448401146 ) ;
#3111 = VECTOR ( 'NONE', #5738, 39.37007874015748143 ) ;
#3112 = ADVANCED_FACE ( 'NONE', ( #270 ), #5524, .T. ) ;
#3113 = LINE ( 'NONE', #1593, #1844 ) ;
#3114 = DIRECTION ( 'NONE',  ( -6.083413833562249173E-14, -1.000000000000000000, 0.000000000000000000 ) ) ;
#3115 = DIRECTION ( 'NONE',  ( 0.000000000000000000, 0.000000000000000000, -1.000000000000000000 ) ) ;
#3116 = EDGE_CURVE ( 'NONE', #1400, #351, #365, .T. ) ;
#3117 = VECTOR ( 'NONE', #6000, 39.37007874015748143 ) ;
#3118 = VECTOR ( 'NONE', #1848, 39.37007874015748143 ) ;
#3119 = VERTEX_POINT ( 'NONE', #2655 ) ;
#3120 = CARTESIAN_POINT ( 'NONE',  ( 0.09361191573401889121, 0.04001239164161551204, 0.6338582677165355284 ) ) ;
#3121 = AXIS2_PLACEMENT_3D ( 'NONE', #921, #4727, #2805 ) ;
#3122 = DIRECTION ( 'NONE',  ( 0.000000000000000000, 0.000000000000000000, -1.000000000000000000 ) ) ;
#3123 = LINE ( 'NONE', #6055, #2426 ) ;
#3124 = DIRECTION ( 'NONE',  ( 0.000000000000000000, 0.000000000000000000, -1.000000000000000000 ) ) ;
#3125 = VERTEX_POINT ( 'NONE', #5027 ) ;
#3126 = EDGE_LOOP ( 'NONE', ( #1398, #777, #905, #3770 ) ) ;
#3127 = ORIENTED_EDGE ( 'NONE', *, *, #4054, .F. ) ;
#3128 = AXIS2_PLACEMENT_3D ( 'NONE', #2008, #496, #3361 ) ;
#3129 = CARTESIAN_POINT ( 'NONE',  ( 0.1510922306946494154, 0.03800451762590591198, 0.7952755905511811330 ) ) ;
#3130 = CARTESIAN_POINT ( 'NONE',  ( 0.2652654590411374080, -0.001365561114251630020, 0.7795275590551181688 ) ) ;
#3131 = VECTOR ( 'NONE', #3728, 39.37007874015748143 ) ;
#3132 = ORIENTED_EDGE ( 'NONE', *, *, #1172, .T. ) ;
#3133 = DIRECTION ( 'NONE',  ( 0.000000000000000000, 0.000000000000000000, 1.000000000000000000 ) ) ;
#3134 = ORIENTED_EDGE ( 'NONE', *, *, #1378, .F. ) ;
#3135 = ORIENTED_EDGE ( 'NONE', *, *, #1946, .F. ) ;
#3136 = DIRECTION ( 'NONE',  ( 0.000000000000000000, 0.000000000000000000, -1.000000000000000000 ) ) ;
#3137 = CARTESIAN_POINT ( 'NONE',  ( -0.3449707614313327064, 0.1719021554211809244, 0.5433070866141732624 ) ) ;
#3138 = CARTESIAN_POINT ( 'NONE',  ( -0.4237109189116472496, 0.1699336514841340851, 0.6102362204724409711 ) ) ;
#3139 = CARTESIAN_POINT ( 'NONE',  ( 0.2140843566789381591, -26.00086416922701460, 0.6397637795275591399 ) ) ;
#3140 = LINE ( 'NONE', #3167, #3396 ) ;
#3141 = ORIENTED_EDGE ( 'NONE', *, *, #4521, .F. ) ;
#3142 = EDGE_LOOP ( 'NONE', ( #4410, #3370, #3733, #1191 ) ) ;
#3143 = EDGE_CURVE ( 'NONE', #4635, #1258, #4466, .T. ) ;
#3144 = CARTESIAN_POINT ( 'NONE',  ( -0.3111124937147940472, 0.04001239164161551204, 0.7775590551181102983 ) ) ;
#3145 = EDGE_CURVE ( 'NONE', #5852, #1143, #4997, .T. ) ;
#3146 = CARTESIAN_POINT ( 'NONE',  ( -0.2189865094627988229, 0.03800451762590591198, 0.7952755905511811330 ) ) ;
#3147 = ORIENTED_EDGE ( 'NONE', *, *, #387, .F. ) ;
#3148 = CYLINDRICAL_SURFACE ( 'NONE', #560, 0.02204724409448401146 ) ;
#3149 = EDGE_CURVE ( 'NONE', #878, #3186, #3571, .T. ) ;
#3150 = DIRECTION ( 'NONE',  ( -0.2064491695655964743, 0.9784573268087246589, 0.000000000000000000 ) ) ;
#3151 = CARTESIAN_POINT ( 'NONE',  ( -0.2859156433210681136, 0.03800451762590591198, 0.7795275590551181688 ) ) ;
#3152 = CARTESIAN_POINT ( 'NONE',  ( -0.1284353283604641738, 0.2860753837675988343, 0.7775590551181102983 ) ) ;
#3153 = ORIENTED_EDGE ( 'NONE', *, *, #4208, .T. ) ;
#3154 = ADVANCED_FACE ( 'NONE', ( #4533 ), #297, .T. ) ;
#3155 = ORIENTED_EDGE ( 'NONE', *, *, #45, .T. ) ;
#3156 = PLANE ( 'NONE',  #4121 ) ;
#3157 = DIRECTION ( 'NONE',  ( -0.000000000000000000, 1.000000000000000000, 0.000000000000000000 ) ) ;
#3158 = ORIENTED_EDGE ( 'NONE', *, *, #3824, .T. ) ;
#3159 = CARTESIAN_POINT ( 'NONE',  ( 0.6884938054977971511, 0.07938247038177302650, 0.6870078740157480324 ) ) ;
#3160 = VERTEX_POINT ( 'NONE', #5673 ) ;
#3161 = ORIENTED_EDGE ( 'NONE', *, *, #1095, .F. ) ;
#3162 = CARTESIAN_POINT ( 'NONE',  ( -0.3095376905651948674, -0.02892461623236318793, 0.7795275590551181688 ) ) ;
#3163 = DIRECTION ( 'NONE',  ( -1.000000000000000000, 0.000000000000000000, 0.000000000000000000 ) ) ;
#3164 = CARTESIAN_POINT ( 'NONE',  ( -46.94045648118299141, 0.08800451762590570659, 0.5590551181102362266 ) ) ;
#3165 = PLANE ( 'NONE',  #1241 ) ;
#3166 = ORIENTED_EDGE ( 'NONE', *, *, #2583, .F. ) ;
#3167 = CARTESIAN_POINT ( 'NONE',  ( -0.3095376905651948674, -0.08522382883079014648, 0.7952755905511811330 ) ) ;
#3168 = VERTEX_POINT ( 'NONE', #3757 ) ;
#3169 = ORIENTED_EDGE ( 'NONE', *, *, #369, .F. ) ;
#3170 = DIRECTION ( 'NONE',  ( 0.000000000000000000, 0.000000000000000000, -1.000000000000000000 ) ) ;
#3171 = VECTOR ( 'NONE', #3401, 39.37007874015748143 ) ;
#3172 = CARTESIAN_POINT ( 'NONE',  ( -0.1481203677305494015, 0.3057604231376799819, 0.6102362204724409711 ) ) ;
#3173 = EDGE_CURVE ( 'NONE', #1680, #2590, #5585, .T. ) ;
#3174 = ADVANCED_FACE ( 'NONE', ( #2343 ), #1905, .T. ) ;
#3175 = ORIENTED_EDGE ( 'NONE', *, *, #4058, .T. ) ;
#3176 = DIRECTION ( 'NONE',  ( 0.000000000000000000, 0.000000000000000000, -1.000000000000000000 ) ) ;
#3177 = DIRECTION ( 'NONE',  ( 0.000000000000000000, 0.000000000000000000, -1.000000000000000000 ) ) ;
#3178 = CARTESIAN_POINT ( 'NONE',  ( -0.2091439897777913615, 0.1876501869172421400, 0.7362204724409451284 ) ) ;
#3179 = FACE_OUTER_BOUND ( 'NONE', #3485, .T. ) ;
#3180 = ORIENTED_EDGE ( 'NONE', *, *, #5216, .T. ) ;
#3181 = ADVANCED_FACE ( 'NONE', ( #2746 ), #5209, .T. ) ;
#3182 = VERTEX_POINT ( 'NONE', #1877 ) ;
#3183 = CARTESIAN_POINT ( 'NONE',  ( 0.1294386873875956745, -26.00086416922701460, 0.6771653543307086798 ) ) ;
#3184 = ADVANCED_FACE ( 'NONE', ( #1934 ), #4275, .F. ) ;
#3185 = CYLINDRICAL_SURFACE ( 'NONE', #2406, 0.009842519685042657243 ) ;
#3186 = VERTEX_POINT ( 'NONE', #3818 ) ;
#3187 = DIRECTION ( 'NONE',  ( -1.000000000000000000, 0.000000000000000000, 0.000000000000000000 ) ) ;
#3188 = ORIENTED_EDGE ( 'NONE', *, *, #2732, .T. ) ;
#3189 = EDGE_CURVE ( 'NONE', #3778, #4896, #2769, .T. ) ;
#3190 = ORIENTED_EDGE ( 'NONE', *, *, #5226, .F. ) ;
#3191 = CARTESIAN_POINT ( 'NONE',  ( 0.2888875062852377940, -0.001365561114251630020, 0.6988188976377953665 ) ) ;
#3192 = CARTESIAN_POINT ( 'NONE',  ( 0.1097536480174842732, -26.10134632421826950, 0.7795275590551181688 ) ) ;
#3193 = VECTOR ( 'NONE', #3461, 39.37007874015748143 ) ;
#3194 = DIRECTION ( 'NONE',  ( 0.000000000000000000, 0.000000000000000000, 1.000000000000000000 ) ) ;
#3195 = CARTESIAN_POINT ( 'NONE',  ( -0.2642621000139794840, -0.1450663485158281418, 0.6771653543307086798 ) ) ;
#3196 = VERTEX_POINT ( 'NONE', #2857 ) ;
#3197 = CARTESIAN_POINT ( 'NONE',  ( -0.2091439897777913615, -0.4816411516654354741, 0.6023622047244094890 ) ) ;
#3198 = ORIENTED_EDGE ( 'NONE', *, *, #613, .F. ) ;
#3199 = ORIENTED_EDGE ( 'NONE', *, *, #1146, .F. ) ;
#3200 = AXIS2_PLACEMENT_3D ( 'NONE', #3297, #467, #62 ) ;
#3201 = CARTESIAN_POINT ( 'NONE',  ( 0.1117221519544875918, -0.02105060048433255934, 0.7952755905511811330 ) ) ;
#3202 = VECTOR ( 'NONE', #1755, 39.37007874015748143 ) ;
#3203 = DIRECTION ( 'NONE',  ( 0.000000000000000000, 0.000000000000000000, -1.000000000000000000 ) ) ;
#3204 = AXIS2_PLACEMENT_3D ( 'NONE', #3267, #2287, #377 ) ;
#3205 = CARTESIAN_POINT ( 'NONE',  ( 0.09203711258441102383, 0.002571446759763685360, 0.5590551181102362266 ) ) ;
#3206 = EDGE_LOOP ( 'NONE', ( #2230, #182, #2656, #846 ) ) ;
#3207 = VECTOR ( 'NONE', #3776, 39.37007874015748143 ) ;
#3208 = DIRECTION ( 'NONE',  ( -0.7071067811864688579, 0.7071067811866259545, 0.000000000000000000 ) ) ;
#3209 = VECTOR ( 'NONE', #1440, 39.37007874015748143 ) ;
#3210 = CARTESIAN_POINT ( 'NONE',  ( -46.94045648118299141, -0.02892461623236318793, 0.7795275590551181688 ) ) ;
#3211 = LINE ( 'NONE', #5102, #4106 ) ;
#3212 = DIRECTION ( 'NONE',  ( 0.000000000000000000, 0.000000000000000000, -1.000000000000000000 ) ) ;
#3213 = VECTOR ( 'NONE', #4786, 39.37007874015748143 ) ;
#3214 = VECTOR ( 'NONE', #6042, 39.37007874015748143 ) ;
#3215 = VERTEX_POINT ( 'NONE', #5119 ) ;
#3216 = CARTESIAN_POINT ( 'NONE',  ( 0.3243205771513404945, 0.1719021554211809244, 0.7795275590551181688 ) ) ;
#3217 = LINE ( 'NONE', #5159, #2876 ) ;
#3218 = VECTOR ( 'NONE', #3558, 39.37007874015748143 ) ;
#3219 = VECTOR ( 'NONE', #4169, 39.37007874015748143 ) ;
#3220 = ADVANCED_FACE ( 'NONE', ( #4652 ), #887, .T. ) ;
#3221 = PLANE ( 'NONE',  #1122 ) ;
#3222 = ADVANCED_FACE ( 'NONE', ( #4227 ), #2369, .F. ) ;
#3223 = ORIENTED_EDGE ( 'NONE', *, *, #1135, .F. ) ;
#3224 = VECTOR ( 'NONE', #2754, 39.37007874015748143 ) ;
#3225 = VERTEX_POINT ( 'NONE', #1851 ) ;
#3226 = ORIENTED_EDGE ( 'NONE', *, *, #996, .F. ) ;
#3227 = CARTESIAN_POINT ( 'NONE',  ( -0.2859156433210681136, -26.00086416922701460, 0.7795275590551181688 ) ) ;
#3228 = EDGE_CURVE ( 'NONE', #5852, #2853, #422, .T. ) ;
#3229 = CARTESIAN_POINT ( 'NONE',  ( -0.1461518637935025622, -0.001365561114251630020, 0.7952755905511811330 ) ) ;
#3230 = AXIS2_PLACEMENT_3D ( 'NONE', #4588, #5114, #6011 ) ;
#3231 = EDGE_CURVE ( 'NONE', #1271, #476, #5587, .T. ) ;
#3232 = LINE ( 'NONE', #5116, #3710 ) ;
#3233 = DIRECTION ( 'NONE',  ( 0.000000000000000000, -1.000000000000000000, 0.000000000000000000 ) ) ;
#3234 = ORIENTED_EDGE ( 'NONE', *, *, #805, .F. ) ;
#3235 = DIRECTION ( 'NONE',  ( 0.000000000000000000, 0.000000000000000000, -1.000000000000000000 ) ) ;
#3236 = EDGE_LOOP ( 'NONE', ( #505, #283, #1640, #5069 ) ) ;
#3237 = ORIENTED_EDGE ( 'NONE', *, *, #2847, .T. ) ;
#3238 = FACE_BOUND ( 'NONE', #5684, .T. ) ;
#3239 = DIRECTION ( 'NONE',  ( 0.000000000000000000, 0.000000000000000000, 1.000000000000000000 ) ) ;
#3240 = ORIENTED_EDGE ( 'NONE', *, *, #316, .T. ) ;
#3241 = LINE ( 'NONE', #514, #5599 ) ;
#3242 = CARTESIAN_POINT ( 'NONE',  ( -0.06938021025023445587, 0.3057604231376799819, 0.6102362204724409711 ) ) ;
#3243 = LINE ( 'NONE', #2865, #5691 ) ;
#3244 = LINE ( 'NONE', #3152, #5075 ) ;
#3245 = ORIENTED_EDGE ( 'NONE', *, *, #2951, .F. ) ;
#3246 = CARTESIAN_POINT ( 'NONE',  ( 0.2888875062892153900, -26.10134632421094381, 0.5590551181102362266 ) ) ;
#3247 = CARTESIAN_POINT ( 'NONE',  ( 0.08022608896240000786, 0.03800451762590591198, 0.7952755905511811330 ) ) ;
#3248 = LINE ( 'NONE', #3130, #336 ) ;
#3249 = ORIENTED_EDGE ( 'NONE', *, *, #2051, .F. ) ;
#3250 = CARTESIAN_POINT ( 'NONE',  ( 0.2652654590411023805, 0.03800451762590591198, 0.5590551181102362266 ) ) ;
#3251 = ORIENTED_EDGE ( 'NONE', *, *, #3723, .F. ) ;
#3252 = VERTEX_POINT ( 'NONE', #5170 ) ;
#3253 = PLANE ( 'NONE',  #5150 ) ;
#3254 = EDGE_CURVE ( 'NONE', #643, #3125, #15, .T. ) ;
#3255 = ADVANCED_FACE ( 'NONE', ( #3695 ), #452, .T. ) ;
#3256 = FACE_OUTER_BOUND ( 'NONE', #2163, .T. ) ;
#3257 = CARTESIAN_POINT ( 'NONE',  ( 0.09203711258441102383, 0.002571446759763685360, 0.5433070866141732624 ) ) ;
#3258 = ORIENTED_EDGE ( 'NONE', *, *, #5752, .T. ) ;
#3259 = LINE ( 'NONE', #5143, #2421 ) ;
#3260 = VERTEX_POINT ( 'NONE', #6076 ) ;
#3261 = ORIENTED_EDGE ( 'NONE', *, *, #4774, .F. ) ;
#3262 = EDGE_CURVE ( 'NONE', #3053, #5969, #3734, .T. ) ;
#3263 = DIRECTION ( 'NONE',  ( 0.000000000000000000, 0.000000000000000000, 1.000000000000000000 ) ) ;
#3264 = LINE ( 'NONE', #2924, #2526 ) ;
#3265 = DIRECTION ( 'NONE',  ( 0.000000000000000000, 0.000000000000000000, -1.000000000000000000 ) ) ;
#3266 = EDGE_CURVE ( 'NONE', #5890, #5351, #3259, .T. ) ;
#3267 = CARTESIAN_POINT ( 'NONE',  ( 0.1786512858127917436, -26.00086416922701460, 0.7952755905511811330 ) ) ;
#3268 = FACE_OUTER_BOUND ( 'NONE', #4783, .T. ) ;
#3269 = FACE_OUTER_BOUND ( 'NONE', #3065, .T. ) ;
#3270 = VERTEX_POINT ( 'NONE', #942 ) ;
#3271 = PLANE ( 'NONE',  #661 ) ;
#3272 = DIRECTION ( 'NONE',  ( 0.000000000000000000, 0.000000000000000000, 1.000000000000000000 ) ) ;
#3273 = CARTESIAN_POINT ( 'NONE',  ( -0.3804038322974441777, 0.07343758849204802541, 0.6614173228346458266 ) ) ;
#3274 = PLANE ( 'NONE',  #1916 ) ;
#3275 = ORIENTED_EDGE ( 'NONE', *, *, #324, .T. ) ;
#3276 = ORIENTED_EDGE ( 'NONE', *, *, #5335, .T. ) ;
#3277 = ORIENTED_EDGE ( 'NONE', *, *, #396, .T. ) ;
#3278 = FACE_OUTER_BOUND ( 'NONE', #5946, .T. ) ;
#3279 = CARTESIAN_POINT ( 'NONE',  ( -46.94045648118299141, 0.002571446759763685360, 0.7795275590551181688 ) ) ;
#3280 = DIRECTION ( 'NONE',  ( -1.000000000000000000, 0.000000000000000000, 0.000000000000000000 ) ) ;
#3281 = ORIENTED_EDGE ( 'NONE', *, *, #1366, .F. ) ;
#3282 = DIRECTION ( 'NONE',  ( 0.000000000000000000, -1.000000000000000000, 0.000000000000000000 ) ) ;
#3283 = EDGE_CURVE ( 'NONE', #5666, #1201, #485, .T. ) ;
#3284 = ORIENTED_EDGE ( 'NONE', *, *, #3759, .F. ) ;
#3285 = ORIENTED_EDGE ( 'NONE', *, *, #1705, .T. ) ;
#3286 = CARTESIAN_POINT ( 'NONE',  ( 0.2377064039229948855, -26.10134632421826950, 0.7795275590551181688 ) ) ;
#3287 = LINE ( 'NONE', #915, #5487 ) ;
#3288 = EDGE_CURVE ( 'NONE', #219, #33, #3442, .T. ) ;
#3289 = DIRECTION ( 'NONE',  ( -1.000000000000000000, 0.000000000000000000, 0.000000000000000000 ) ) ;
#3290 = EDGE_CURVE ( 'NONE', #415, #1235, #1063, .T. ) ;
#3291 = VECTOR ( 'NONE', #591, 39.37007874015748143 ) ;
#3292 = EDGE_LOOP ( 'NONE', ( #3563, #1574, #4512, #5843 ) ) ;
#3293 = EDGE_CURVE ( 'NONE', #5912, #2574, #169, .T. ) ;
#3294 = AXIS2_PLACEMENT_3D ( 'NONE', #2806, #3798, #2318 ) ;
#3295 = LINE ( 'NONE', #6054, #3990 ) ;
#3296 = DIRECTION ( 'NONE',  ( 2.467162276945064886E-13, -1.000000000000000000, 0.000000000000000000 ) ) ;
#3297 = CARTESIAN_POINT ( 'NONE',  ( 0.1097536480174842732, -26.10134632421826950, 0.7952755905511811330 ) ) ;
#3298 = ADVANCED_FACE ( 'NONE', ( #3874 ), #4340, .T. ) ;
#3299 = AXIS2_PLACEMENT_3D ( 'NONE', #537, #2946, #4368 ) ;
#3300 = VECTOR ( 'NONE', #4232, 39.37007874015748143 ) ;
#3301 = VERTEX_POINT ( 'NONE', #1028 ) ;
#3302 = CARTESIAN_POINT ( 'NONE',  ( -0.1126872968644029582, -26.10134632421826950, 0.7952755905511811330 ) ) ;
#3303 = DIRECTION ( 'NONE',  ( 1.000000000000000000, 0.000000000000000000, 0.000000000000000000 ) ) ;
#3304 = VECTOR ( 'NONE', #762, 39.37007874015748143 ) ;
#3305 = DIRECTION ( 'NONE',  ( 0.000000000000000000, 0.000000000000000000, -1.000000000000000000 ) ) ;
#3306 = VECTOR ( 'NONE', #2560, 39.37007874015748854 ) ;
#3307 = CARTESIAN_POINT ( 'NONE',  ( -10.38276251774287573, 10.54040257315232587, 0.6102362204724409711 ) ) ;
#3308 = ORIENTED_EDGE ( 'NONE', *, *, #2619, .F. ) ;
#3309 = CARTESIAN_POINT ( 'NONE',  ( -0.3449707614320409177, -26.10134632421952716, 0.7952755905511811330 ) ) ;
#3310 = ORIENTED_EDGE ( 'NONE', *, *, #664, .F. ) ;
#3311 = ORIENTED_EDGE ( 'NONE', *, *, #5263, .T. ) ;
#3312 = VECTOR ( 'NONE', #1959, 39.37007874015748143 ) ;
#3313 = CARTESIAN_POINT ( 'NONE',  ( -0.1126872968643679029, 0.03800451762590591198, 0.5590551181102362266 ) ) ;
#3314 = VECTOR ( 'NONE', #4194, 39.37007874015748143 ) ;
#3315 = LINE ( 'NONE', #1809, #1760 ) ;
#3316 = DIRECTION ( 'NONE',  ( 0.000000000000000000, 0.000000000000000000, 1.000000000000000000 ) ) ;
#3317 = VECTOR ( 'NONE', #703, 39.37007874015748143 ) ;
#3318 = ORIENTED_EDGE ( 'NONE', *, *, #2241, .F. ) ;
#3319 = CARTESIAN_POINT ( 'NONE',  ( -0.3804038322974441777, -26.00086416922701460, 0.6771653543307086798 ) ) ;
#3320 = EDGE_LOOP ( 'NONE', ( #4043, #2567, #1746, #3169 ) ) ;
#3321 = VECTOR ( 'NONE', #2323, 39.37007874015748854 ) ;
#3322 = CARTESIAN_POINT ( 'NONE',  ( 0.1117221519544875918, 0.002571446759763685360, 0.5590551181102362266 ) ) ;
#3323 = CARTESIAN_POINT ( 'NONE',  ( 0.1491237267576722703, -0.1450663485158281418, 0.7952755905511811330 ) ) ;
#3324 = DIRECTION ( 'NONE',  ( -1.000000000000000000, 2.730840055651635244E-14, 0.000000000000000000 ) ) ;
#3325 = VECTOR ( 'NONE', #2432, 39.37007874015748143 ) ;
#3326 = ORIENTED_EDGE ( 'NONE', *, *, #698, .F. ) ;
#3327 = EDGE_CURVE ( 'NONE', #1308, #2849, #4837, .T. ) ;
#3328 = EDGE_CURVE ( 'NONE', #4574, #4771, #3935, .T. ) ;
#3329 = DIRECTION ( 'NONE',  ( 0.000000000000000000, -1.000000000000000000, 0.000000000000000000 ) ) ;
#3330 = CARTESIAN_POINT ( 'NONE',  ( 0.2652654590411374080, -26.00086416922701460, 0.7952755905511811330 ) ) ;
#3331 = CARTESIAN_POINT ( 'NONE',  ( -0.3449707614313327064, 0.1719021554211809244, 0.7952755905511811330 ) ) ;
#3332 = ORIENTED_EDGE ( 'NONE', *, *, #3288, .F. ) ;
#3333 = FACE_OUTER_BOUND ( 'NONE', #3059, .T. ) ;
#3334 = ADVANCED_FACE ( 'NONE', ( #5759 ), #106, .T. ) ;
#3335 = DIRECTION ( 'NONE',  ( 0.000000000000000000, 0.000000000000000000, -1.000000000000000000 ) ) ;
#3336 = CARTESIAN_POINT ( 'NONE',  ( -0.01032509213999598455, -26.51425848898617943, 0.7283464566929134243 ) ) ;
#3337 = CARTESIAN_POINT ( 'NONE',  ( 0.1786512858127917436, 0.03800451762590591198, 0.6771653543307086798 ) ) ;
#3338 = DIRECTION ( 'NONE',  ( 1.000000000000000000, 0.000000000000000000, 0.000000000000000000 ) ) ;
#3339 = VERTEX_POINT ( 'NONE', #1521 ) ;
#3340 = ADVANCED_FACE ( 'NONE', ( #5821 ), #3376, .T. ) ;
#3341 = ORIENTED_EDGE ( 'NONE', *, *, #4328, .F. ) ;
#3342 = ORIENTED_EDGE ( 'NONE', *, *, #587, .T. ) ;
#3343 = CARTESIAN_POINT ( 'NONE',  ( 0.09991112833247657588, -26.00086416922701460, 0.6614173228346458266 ) ) ;
#3344 = DIRECTION ( 'NONE',  ( 1.000000000000000000, 0.000000000000000000, 0.000000000000000000 ) ) ;
#3345 = ORIENTED_EDGE ( 'NONE', *, *, #4278, .T. ) ;
#3346 = ORIENTED_EDGE ( 'NONE', *, *, #45, .F. ) ;
#3347 = LINE ( 'NONE', #1557, #1234 ) ;
#3348 = ORIENTED_EDGE ( 'NONE', *, *, #6022, .F. ) ;
#3349 = ORIENTED_EDGE ( 'NONE', *, *, #345, .T. ) ;
#3350 = CARTESIAN_POINT ( 'NONE',  ( 0.2888875062852377940, -26.00086416922701460, 0.7952755905511811330 ) ) ;
#3351 = CARTESIAN_POINT ( 'NONE',  ( 0.1097536480174842732, 0.08800451762590570659, 0.5433070866141732624 ) ) ;
#3352 = LINE ( 'NONE', #3789, #3608 ) ;
#3353 = CARTESIAN_POINT ( 'NONE',  ( -46.94045648118299141, 0.1549336514841702650, 0.7952755905511811330 ) ) ;
#3354 = ORIENTED_EDGE ( 'NONE', *, *, #5196, .F. ) ;
#3355 = DIRECTION ( 'NONE',  ( 0.000000000000000000, 0.000000000000000000, -1.000000000000000000 ) ) ;
#3356 = DIRECTION ( 'NONE',  ( 0.000000000000000000, 0.000000000000000000, -1.000000000000000000 ) ) ;
#3357 = PLANE ( 'NONE',  #4880 ) ;
#3358 = EDGE_CURVE ( 'NONE', #3168, #2590, #4400, .T. ) ;
#3359 = EDGE_CURVE ( 'NONE', #2063, #3492, #3110, .T. ) ;
#3360 = ORIENTED_EDGE ( 'NONE', *, *, #1954, .F. ) ;
#3361 = DIRECTION ( 'NONE',  ( 1.000000000000000000, 0.000000000000000000, 0.000000000000000000 ) ) ;
#3362 = FACE_OUTER_BOUND ( 'NONE', #5868, .T. ) ;
#3363 = CARTESIAN_POINT ( 'NONE',  ( -0.1126872968644029582, 0.002571446759763685360, 0.7952755905511811330 ) ) ;
#3364 = CARTESIAN_POINT ( 'NONE',  ( -0.1717424149746065165, -0.001365561114251630020, 0.5590551181102362266 ) ) ;
#3365 = LINE ( 'NONE', #989, #728 ) ;
#3366 = ORIENTED_EDGE ( 'NONE', *, *, #5446, .T. ) ;
#3367 = AXIS2_PLACEMENT_3D ( 'NONE', #2041, #5810, #1570 ) ;
#3368 = EDGE_CURVE ( 'NONE', #5019, #1555, #3347, .T. ) ;
#3369 = VERTEX_POINT ( 'NONE', #4431 ) ;
#3370 = ORIENTED_EDGE ( 'NONE', *, *, #1266, .F. ) ;
#3371 = LINE ( 'NONE', #2420, #4069 ) ;
#3372 = UNCERTAINTY_MEASURE_WITH_UNIT (LENGTH_MEASURE( 1.000000000000000082E-05 ), #4939, 'distance_accuracy_value', 'NONE');
#3373 = EDGE_CURVE ( 'NONE', #3196, #3472, #196, .T. ) ;
#3374 = DIRECTION ( 'NONE',  ( -1.000000000000000000, 0.000000000000000000, 0.000000000000000000 ) ) ;
#3375 = ORIENTED_EDGE ( 'NONE', *, *, #3422, .F. ) ;
#3376 = PLANE ( 'NONE',  #4492 ) ;
#3377 = EDGE_CURVE ( 'NONE', #1258, #4618, #2459, .T. ) ;
#3378 = ORIENTED_EDGE ( 'NONE', *, *, #1326, .T. ) ;
#3379 = CARTESIAN_POINT ( 'NONE',  ( -0.08906524962031103776, 0.2860753837675988343, 0.7283464566929134243 ) ) ;
#3380 = DIRECTION ( 'NONE',  ( 1.000000000000000000, 0.000000000000000000, 0.000000000000000000 ) ) ;
#3381 = CARTESIAN_POINT ( 'NONE',  ( -0.3804038322974441777, -26.00086416922701460, 0.6614173228346458266 ) ) ;
#3382 = FACE_OUTER_BOUND ( 'NONE', #6092, .T. ) ;
#3383 = VERTEX_POINT ( 'NONE', #5330 ) ;
#3384 = CLOSED_SHELL ( 'NONE', ( #2089, #402, #3970, #2882, #4009, #5805, #5559, #2468, #2396, #814, #3184, #4023, #2024, #2695, #2161, #2958, #5174, #3968, #1183, #3340, #399, #3479, #4580, #4428, #4760, #608, #4702, #5445, #284, #4653 ) ) ;
#3385 = CARTESIAN_POINT ( 'NONE',  ( 0.2140843566789031316, -26.10134632421826950, 0.7952755905511811330 ) ) ;
#3386 = AXIS2_PLACEMENT_3D ( 'NONE', #2106, #3991, #5884 ) ;
#3387 = CARTESIAN_POINT ( 'NONE',  ( -0.3095376905651948674, -0.02892461623236318793, 0.7952755905511811330 ) ) ;
#3388 = CARTESIAN_POINT ( 'NONE',  ( -0.1284353283604641738, 0.2860753837675988343, 0.7283464566929134243 ) ) ;
#3389 = ORIENTED_EDGE ( 'NONE', *, *, #2391, .T. ) ;
#3390 = CARTESIAN_POINT ( 'NONE',  ( -0.3449707614313327064, 0.1876501869172421400, 0.5590551181102362266 ) ) ;
#3391 = VECTOR ( 'NONE', #4532, 39.37007874015748143 ) ;
#3392 = LINE ( 'NONE', #5318, #5940 ) ;
#3393 = CARTESIAN_POINT ( 'NONE',  ( -0.1087502889903876058, 0.3057604231376799819, 0.7283464566929134243 ) ) ;
#3394 = CARTESIAN_POINT ( 'NONE',  ( 0.2652654590411023805, 0.03800451762590591198, 0.7952755905511811330 ) ) ;
#3395 = CARTESIAN_POINT ( 'NONE',  ( 0.06054104959228842620, 0.1270202656573653499, 0.5610236220472440971 ) ) ;
#3396 = VECTOR ( 'NONE', #328, 39.37007874015748143 ) ;
#3397 = ORIENTED_EDGE ( 'NONE', *, *, #3937, .F. ) ;
#3398 = AXIS2_PLACEMENT_3D ( 'NONE', #2804, #6115, #4694 ) ;
#3399 = EDGE_LOOP ( 'NONE', ( #3158, #2906, #3669, #3134 ) ) ;
#3400 = ORIENTED_EDGE ( 'NONE', *, *, #2583, .T. ) ;
#3401 = DIRECTION ( 'NONE',  ( 0.000000000000000000, 0.000000000000000000, -1.000000000000000000 ) ) ;
#3402 = CARTESIAN_POINT ( 'NONE',  ( 0.2652654590411023805, -26.10134632421826950, 0.7952755905511811330 ) ) ;
#3403 = AXIS2_PLACEMENT_3D ( 'NONE', #2183, #1431, #3235 ) ;
#3405 = ADVANCED_FACE ( 'NONE', ( #1464 ), #1492, .F. ) ;
#3404 = VECTOR ( 'NONE', #4904, 39.37007874015748143 ) ;
#3406 = EDGE_CURVE ( 'NONE', #393, #1019, #4773, .T. ) ;
#3407 = VERTEX_POINT ( 'NONE', #1994 ) ;
#3408 = VERTEX_POINT ( 'NONE', #5302 ) ;
#3409 = CARTESIAN_POINT ( 'NONE',  ( -0.3242300936528251798, -0.1249909137387787417, 0.7952755905511811330 ) ) ;
#3410 = VECTOR ( 'NONE', #391, 39.37007874015748143 ) ;
#3411 = ORIENTED_EDGE ( 'NONE', *, *, #4128, .T. ) ;
#3412 = VECTOR ( 'NONE', #3788, 39.37007874015748143 ) ;
#3413 = EDGE_CURVE ( 'NONE', #4720, #441, #1091, .T. ) ;
#3414 = VERTEX_POINT ( 'NONE', #5917 ) ;
#3415 = CARTESIAN_POINT ( 'NONE',  ( 0.1884938054977992050, 0.1876501869172421400, 0.6023622047244094890 ) ) ;
#3416 = EDGE_CURVE ( 'NONE', #272, #4488, #3501, .T. ) ;
#3417 = AXIS2_PLACEMENT_3D ( 'NONE', #3518, #5406, #4940 ) ;
#3418 = VECTOR ( 'NONE', #5310, 39.37007874015748143 ) ;
#3419 = DIRECTION ( 'NONE',  ( -1.000000000000000000, 0.000000000000000000, 0.000000000000000000 ) ) ;
#3420 = DIRECTION ( 'NONE',  ( 0.000000000000000000, 0.000000000000000000, -1.000000000000000000 ) ) ;
#3421 = CARTESIAN_POINT ( 'NONE',  ( -0.2091439897777913615, 0.1876501869172421400, 0.6023622047244094890 ) ) ;
#3422 = EDGE_CURVE ( 'NONE', #5267, #235, #1744, .T. ) ;
#3423 = ORIENTED_EDGE ( 'NONE', *, *, #1327, .T. ) ;
#3424 = AXIS2_PLACEMENT_3D ( 'NONE', #3216, #5605, #6059 ) ;
#3425 = AXIS2_PLACEMENT_3D ( 'NONE', #3615, #1265, #2690 ) ;
#3426 = LINE ( 'NONE', #238, #3701 ) ;
#3427 = LINE ( 'NONE', #4875, #2339 ) ;
#3428 = FACE_OUTER_BOUND ( 'NONE', #2452, .T. ) ;
#3429 = ORIENTED_EDGE ( 'NONE', *, *, #501, .T. ) ;
#3430 = DIRECTION ( 'NONE',  ( -0.9784573268087247699, -0.2064491695655965020, 0.000000000000000000 ) ) ;
#3431 = DIRECTION ( 'NONE',  ( 0.000000000000000000, 0.000000000000000000, -1.000000000000000000 ) ) ;
#3432 = LINE ( 'NONE', #122, #4982 ) ;
#3433 = DIRECTION ( 'NONE',  ( 1.000000000000000000, 0.000000000000000000, 0.000000000000000000 ) ) ;
#3434 = CARTESIAN_POINT ( 'NONE',  ( 0.6884938054977971511, 0.04788640738964614063, 0.6515748031496062520 ) ) ;
#3435 = ORIENTED_EDGE ( 'NONE', *, *, #1840, .F. ) ;
#3436 = ORIENTED_EDGE ( 'NONE', *, *, #4287, .T. ) ;
#3437 = VERTEX_POINT ( 'NONE', #812 ) ;
#3438 = FACE_OUTER_BOUND ( 'NONE', #2307, .T. ) ;
#3439 =( CONVERSION_BASED_UNIT ( 'INCH', #624 ) LENGTH_UNIT ( ) NAMED_UNIT ( #301 ) );
#3440 = LINE ( 'NONE', #5328, #2796 ) ;
#3441 = VERTEX_POINT ( 'NONE', #2701 ) ;
#3442 = LINE ( 'NONE', #5238, #642 ) ;
#3443 = EDGE_CURVE ( 'NONE', #3119, #1027, #688, .T. ) ;
#3444 = EDGE_CURVE ( 'NONE', #1201, #1513, #784, .T. ) ;
#3445 = ORIENTED_EDGE ( 'NONE', *, *, #3761, .F. ) ;
#3446 = PLANE ( 'NONE',  #5206 ) ;
#3447 = LINE ( 'NONE', #3966, #1228 ) ;
#3448 = DIRECTION ( 'NONE',  ( 0.000000000000000000, -1.000000000000000000, 0.000000000000000000 ) ) ;
#3449 = DIRECTION ( 'NONE',  ( 0.000000000000000000, 0.000000000000000000, -1.000000000000000000 ) ) ;
#3450 = EDGE_CURVE ( 'NONE', #3441, #5753, #1207, .T. ) ;
#3451 = ORIENTED_EDGE ( 'NONE', *, *, #5216, .F. ) ;
#3452 = EDGE_CURVE ( 'NONE', #3961, #5353, #3629, .T. ) ;
#3453 = CARTESIAN_POINT ( 'NONE',  ( 0.2140843566789031316, 0.1549336514841702650, 0.5590551181102362266 ) ) ;
#3454 = CARTESIAN_POINT ( 'NONE',  ( -0.2859156433211031412, -26.10134632421826950, 0.7952755905511811330 ) ) ;
#3455 = EDGE_CURVE ( 'NONE', #4, #2488, #5393, .T. ) ;
#3456 = ORIENTED_EDGE ( 'NONE', *, *, #3857, .T. ) ;
#3457 = FACE_BOUND ( 'NONE', #2229, .T. ) ;
#3458 = LINE ( 'NONE', #645, #2971 ) ;
#3459 = LINE ( 'NONE', #5348, #5475 ) ;
#3460 = FACE_BOUND ( 'NONE', #1340, .T. ) ;
#3461 = DIRECTION ( 'NONE',  ( 0.000000000000000000, 0.000000000000000000, -1.000000000000000000 ) ) ;
#3462 = ORIENTED_EDGE ( 'NONE', *, *, #1, .F. ) ;
#3463 = ORIENTED_EDGE ( 'NONE', *, *, #3450, .F. ) ;
#3464 = VERTEX_POINT ( 'NONE', #2579 ) ;
#3465 = CARTESIAN_POINT ( 'NONE',  ( 0.1117221519544875918, -26.10134632421826950, 0.7952755905511811330 ) ) ;
#3466 = DIRECTION ( 'NONE',  ( 0.000000000000000000, -1.000000000000000000, 0.000000000000000000 ) ) ;
#3467 = VECTOR ( 'NONE', #1552, 39.37007874015748143 ) ;
#3468 = PLANE ( 'NONE',  #1713 ) ;
#3469 = VERTEX_POINT ( 'NONE', #1154 ) ;
#3470 = CARTESIAN_POINT ( 'NONE',  ( -46.76888308971299324, 0.03800451762590591198, 0.7952755905511811330 ) ) ;
#3471 = VERTEX_POINT ( 'NONE', #4090 ) ;
#3472 = VERTEX_POINT ( 'NONE', #4457 ) ;
#3473 = DIRECTION ( 'NONE',  ( 0.000000000000000000, -1.000000000000000000, 0.000000000000000000 ) ) ;
#3474 = CARTESIAN_POINT ( 'NONE',  ( -46.76888308971299324, 0.03800451762590591198, 0.7795275590551181688 ) ) ;
#3475 = EDGE_CURVE ( 'NONE', #3383, #2341, #4583, .T. ) ;
#3476 = DIRECTION ( 'NONE',  ( -1.000000000000000000, 0.000000000000000000, 0.000000000000000000 ) ) ;
#3477 = CARTESIAN_POINT ( 'NONE',  ( -0.2859156433210681136, -0.001365561114251630020, 0.5590551181102362266 ) ) ;
#3478 = VERTEX_POINT ( 'NONE', #752 ) ;
#3479 = ADVANCED_FACE ( 'NONE', ( #5974 ), #5944, .T. ) ;
#3480 = CARTESIAN_POINT ( 'NONE',  ( 0.2377064039229948855, -26.10134632421826950, 0.5433070866141732624 ) ) ;
#3481 = EDGE_CURVE ( 'NONE', #5055, #5343, #3993, .T. ) ;
#3482 = CARTESIAN_POINT ( 'NONE',  ( -0.1205613126124072954, 0.03800451762590591198, 0.6614173228346458266 ) ) ;
#3483 = LINE ( 'NONE', #4847, #360 ) ;
#3484 = EDGE_CURVE ( 'NONE', #3564, #5019, #2676, .T. ) ;
#3485 = EDGE_LOOP ( 'NONE', ( #1218, #2196, #4164, #2867 ) ) ;
#3486 = LINE ( 'NONE', #1167, #1354 ) ;
#3487 = VECTOR ( 'NONE', #5198, 39.37007874015748143 ) ;
#3488 = ADVANCED_FACE ( 'NONE', ( #5886 ), #4030, .T. ) ;
#3489 = LINE ( 'NONE', #525, #3698 ) ;
#3490 = DIRECTION ( 'NONE',  ( 1.000000000000000000, 0.000000000000000000, 0.000000000000000000 ) ) ;
#3491 = CARTESIAN_POINT ( 'NONE',  ( 0.2652654590411023805, -0.02892461623236318793, 0.7952755905511811330 ) ) ;
#3492 = VERTEX_POINT ( 'NONE', #3536 ) ;
#3493 = CARTESIAN_POINT ( 'NONE',  ( -0.2859156433210681136, 0.03800451762590591198, 0.5590551181102362266 ) ) ;
#3494 = ORIENTED_EDGE ( 'NONE', *, *, #2799, .F. ) ;
#3495 = AXIS2_PLACEMENT_3D ( 'NONE', #2957, #5895, #1657 ) ;
#3496 = VERTEX_POINT ( 'NONE', #3066 ) ;
#3497 = LINE ( 'NONE', #1149, #5294 ) ;
#3498 = VECTOR ( 'NONE', #1231, 39.37007874015748143 ) ;
#3499 = DIRECTION ( 'NONE',  ( 0.000000000000000000, 0.000000000000000000, -1.000000000000000000 ) ) ;
#3500 = ORIENTED_EDGE ( 'NONE', *, *, #2774, .F. ) ;
#3501 = LINE ( 'NONE', #223, #4690 ) ;
#3502 = ORIENTED_EDGE ( 'NONE', *, *, #5115, .T. ) ;
#3503 = ORIENTED_EDGE ( 'NONE', *, *, #4769, .T. ) ;
#3504 = AXIS2_PLACEMENT_3D ( 'NONE', #5665, #5543, #1805 ) ;
#3505 = AXIS2_PLACEMENT_3D ( 'NONE', #4570, #2224, #5872 ) ;
#3506 = CARTESIAN_POINT ( 'NONE',  ( 0.09203711258444587096, -0.001365561114251630020, 0.7795275590551181688 ) ) ;
#3507 = LINE ( 'NONE', #3540, #3603 ) ;
#3508 = AXIS2_PLACEMENT_3D ( 'NONE', #2666, #1268, #406 ) ;
#3509 = LINE ( 'NONE', #5894, #5692 ) ;
#3510 = VECTOR ( 'NONE', #1005, 39.37007874015748143 ) ;
#3511 = CARTESIAN_POINT ( 'NONE',  ( -0.3804038322974441777, -26.00086416922701460, 0.6771653543307086798 ) ) ;
#3512 = ORIENTED_EDGE ( 'NONE', *, *, #2871, .T. ) ;
#3513 = ORIENTED_EDGE ( 'NONE', *, *, #2241, .T. ) ;
#3514 = VECTOR ( 'NONE', #2566, 39.37007874015748143 ) ;
#3515 = VECTOR ( 'NONE', #5031, 39.37007874015748143 ) ;
#3516 = DIRECTION ( 'NONE',  ( 1.000000000000000000, 0.000000000000000000, 0.000000000000000000 ) ) ;
#3517 = CARTESIAN_POINT ( 'NONE',  ( -0.3449707614313327064, -26.10134632421826950, 0.7795275590551181688 ) ) ;
#3518 = CARTESIAN_POINT ( 'NONE',  ( -0.1461518637935025622, -26.00086416922701460, 0.7952755905511811330 ) ) ;
#3519 = AXIS2_PLACEMENT_3D ( 'NONE', #558, #586, #6119 ) ;
#3520 = EDGE_CURVE ( 'NONE', #1928, #126, #944, .T. ) ;
#3521 = EDGE_CURVE ( 'NONE', #3492, #476, #1612, .T. ) ;
#3522 = ORIENTED_EDGE ( 'NONE', *, *, #5649, .F. ) ;
#3523 = CARTESIAN_POINT ( 'NONE',  ( -46.76888308971299324, 0.07343758849204802541, 0.7952755905511811330 ) ) ;
#3524 = AXIS2_PLACEMENT_3D ( 'NONE', #49, #173, #5306 ) ;
#3525 = CARTESIAN_POINT ( 'NONE',  ( -0.2642621000139794840, -0.001365561114251630020, 0.6771653543307086798 ) ) ;
#3526 = CARTESIAN_POINT ( 'NONE',  ( 0.09203711258441102383, -26.10134632421826950, 0.7795275590551181688 ) ) ;
#3527 = LINE ( 'NONE', #679, #4476 ) ;
#3528 = EDGE_LOOP ( 'NONE', ( #4127, #4890, #1565, #5637, #195, #889, #4120, #6100, #778, #1659, #2054, #2858, #1086, #4651, #2073, #815, #2359, #5495, #719, #4766, #1932, #3348, #1581, #3810, #2025, #16, #704, #2296, #212, #6035, #4295, #4836 ) ) ;
#3529 = ORIENTED_EDGE ( 'NONE', *, *, #5652, .F. ) ;
#3530 = EDGE_CURVE ( 'NONE', #5043, #4986, #3562, .T. ) ;
#3531 = ORIENTED_EDGE ( 'NONE', *, *, #1907, .T. ) ;
#3532 = DIRECTION ( 'NONE',  ( 0.000000000000000000, 0.000000000000000000, -1.000000000000000000 ) ) ;
#3533 = CARTESIAN_POINT ( 'NONE',  ( -46.94045648118299141, 0.002571446759763685360, 0.5590551181102362266 ) ) ;
#3534 = EDGE_CURVE ( 'NONE', #3270, #4771, #5850, .T. ) ;
#3535 = ORIENTED_EDGE ( 'NONE', *, *, #425, .F. ) ;
#3536 = CARTESIAN_POINT ( 'NONE',  ( -0.3063455535286570552, -0.1378837100495261814, 0.7952755905511811330 ) ) ;
#3537 = ORIENTED_EDGE ( 'NONE', *, *, #2202, .F. ) ;
#3538 = ORIENTED_EDGE ( 'NONE', *, *, #5683, .T. ) ;
#3539 = DIRECTION ( 'NONE',  ( -1.000000000000000000, 0.000000000000000000, 0.000000000000000000 ) ) ;
#3540 = CARTESIAN_POINT ( 'NONE',  ( 0.2652654590411023805, -26.10134632421826950, 0.5433070866141732624 ) ) ;
#3541 = CARTESIAN_POINT ( 'NONE',  ( -0.2977266669431137824, 0.07343758849204802541, 0.7952755905511811330 ) ) ;
#3542 = LINE ( 'NONE', #269, #4482 ) ;
#3543 = DIRECTION ( 'NONE',  ( -0.7071067811864688579, -0.7071067811866259545, -4.444328744010334510E-17 ) ) ;
#3544 = ORIENTED_EDGE ( 'NONE', *, *, #1178, .T. ) ;
#3545 = VERTEX_POINT ( 'NONE', #5020 ) ;
#3546 = FACE_OUTER_BOUND ( 'NONE', #2968, .T. ) ;
#3547 = DIRECTION ( 'NONE',  ( -0.7071067811864688579, 0.7071067811866259545, 0.000000000000000000 ) ) ;
#3548 = CYLINDRICAL_SURFACE ( 'NONE', #2534, 0.02204724409448401146 ) ;
#3549 = ORIENTED_EDGE ( 'NONE', *, *, #1226, .T. ) ;
#3550 = PLANE ( 'NONE',  #5300 ) ;
#3551 = PLANE ( 'NONE',  #2417 ) ;
#3552 = CARTESIAN_POINT ( 'NONE',  ( 0.04085601022221181655, 0.08800451762590570659, 0.7952755905511811330 ) ) ;
#3553 = CARTESIAN_POINT ( 'NONE',  ( -0.2859156433210681136, -0.001365561114251630020, 0.7795275590551181688 ) ) ;
#3554 = ADVANCED_FACE ( 'NONE', ( #4126 ), #4242, .T. ) ;
#3555 = ORIENTED_EDGE ( 'NONE', *, *, #2639, .F. ) ;
#3556 = ORIENTED_EDGE ( 'NONE', *, *, #2438, .T. ) ;
#3557 = VERTEX_POINT ( 'NONE', #932 ) ;
#3558 = DIRECTION ( 'NONE',  ( 0.000000000000000000, -1.000000000000000000, 0.000000000000000000 ) ) ;
#3559 = FACE_OUTER_BOUND ( 'NONE', #6046, .T. ) ;
#3560 = ADVANCED_FACE ( 'NONE', ( #3659 ), #3687, .F. ) ;
#3561 = EDGE_LOOP ( 'NONE', ( #435, #36, #1631, #2607 ) ) ;
#3562 = LINE ( 'NONE', #4526, #2221 ) ;
#3563 = ORIENTED_EDGE ( 'NONE', *, *, #5006, .T. ) ;
#3564 = VERTEX_POINT ( 'NONE', #3250 ) ;
#3565 = EDGE_CURVE ( 'NONE', #4824, #1493, #1868, .T. ) ;
#3566 = PLANE ( 'NONE',  #3821 ) ;
#3567 = FACE_BOUND ( 'NONE', #3859, .T. ) ;
#3568 = EDGE_CURVE ( 'NONE', #2063, #756, #385, .T. ) ;
#3569 = DIRECTION ( 'NONE',  ( 0.000000000000000000, 0.000000000000000000, 1.000000000000000000 ) ) ;
#3570 = FACE_OUTER_BOUND ( 'NONE', #4987, .T. ) ;
#3571 = LINE ( 'NONE', #5458, #3304 ) ;
#3572 = ORIENTED_EDGE ( 'NONE', *, *, #1864, .F. ) ;
#3573 = AXIS2_PLACEMENT_3D ( 'NONE', #4157, #1843, #4130 ) ;
#3574 = ORIENTED_EDGE ( 'NONE', *, *, #3293, .F. ) ;
#3575 = CARTESIAN_POINT ( 'NONE',  ( -0.1717424149746065165, -26.00086416922701460, 0.7795275590551181688 ) ) ;
#3576 = DIRECTION ( 'NONE',  ( 0.000000000000000000, 1.000000000000000000, 0.000000000000000000 ) ) ;
#3577 = DIRECTION ( 'NONE',  ( 0.000000000000000000, 0.000000000000000000, -1.000000000000000000 ) ) ;
#3578 = ORIENTED_EDGE ( 'NONE', *, *, #4622, .F. ) ;
#3579 = CARTESIAN_POINT ( 'NONE',  ( -0.1126872968643679029, 0.03800451762590591198, 0.5590551181102362266 ) ) ;
#3580 = DIRECTION ( 'NONE',  ( -0.000000000000000000, 1.000000000000000000, 0.000000000000000000 ) ) ;
#3581 = DIRECTION ( 'NONE',  ( -1.000000000000000000, 0.000000000000000000, 0.000000000000000000 ) ) ;
#3582 = DIRECTION ( 'NONE',  ( 0.000000000000000000, 0.000000000000000000, -1.000000000000000000 ) ) ;
#3583 = ORIENTED_EDGE ( 'NONE', *, *, #2543, .F. ) ;
#3584 = EDGE_LOOP ( 'NONE', ( #2071, #5622, #2597, #5275 ) ) ;
#3585 = VERTEX_POINT ( 'NONE', #5 ) ;
#3586 = CARTESIAN_POINT ( 'NONE',  ( -46.94045648118299141, 0.1549336514841702650, 0.7795275590551181688 ) ) ;
#3587 = DIRECTION ( 'NONE',  ( 0.000000000000000000, -1.000000000000000000, 0.000000000000000000 ) ) ;
#3588 = ORIENTED_EDGE ( 'NONE', *, *, #3786, .T. ) ;
#3589 = VECTOR ( 'NONE', #3212, 39.37007874015748143 ) ;
#3590 = CARTESIAN_POINT ( 'NONE',  ( -0.3063455535286570552, -0.1378837100495261814, 0.7952755905511811330 ) ) ;
#3591 = ORIENTED_EDGE ( 'NONE', *, *, #3037, .T. ) ;
#3592 = ORIENTED_EDGE ( 'NONE', *, *, #1914, .F. ) ;
#3593 = ADVANCED_FACE ( 'NONE', ( #5076 ), #6007, .T. ) ;
#3594 = EDGE_CURVE ( 'NONE', #5537, #1173, #6066, .T. ) ;
#3595 = CARTESIAN_POINT ( 'NONE',  ( 0.1097536480174842732, 0.1549336514841702650, 0.7952755905511811330 ) ) ;
#3596 = AXIS2_PLACEMENT_3D ( 'NONE', #4823, #5280, #5492 ) ;
#3597 = DIRECTION ( 'NONE',  ( 0.000000000000000000, -1.000000000000000000, 0.000000000000000000 ) ) ;
#3598 = DIRECTION ( 'NONE',  ( 0.000000000000000000, 1.000000000000000000, 0.000000000000000000 ) ) ;
#3599 = LINE ( 'NONE', #5428, #4683 ) ;
#3600 = EDGE_CURVE ( 'NONE', #5538, #5415, #2331, .T. ) ;
#3601 = CARTESIAN_POINT ( 'NONE',  ( 0.1294386873875956745, -0.1450663485158281418, 0.6771653543307086798 ) ) ;
#3602 = VERTEX_POINT ( 'NONE', #845 ) ;
#3603 = VECTOR ( 'NONE', #1158, 39.37007874015748143 ) ;
#3604 = VECTOR ( 'NONE', #3177, 39.37007874015748143 ) ;
#3605 = ORIENTED_EDGE ( 'NONE', *, *, #2324, .F. ) ;
#3606 = EDGE_CURVE ( 'NONE', #4738, #5912, #1895, .T. ) ;
#3607 = VECTOR ( 'NONE', #4057, 39.37007874015748143 ) ;
#3608 = VECTOR ( 'NONE', #1972, 39.37007874015748143 ) ;
#3609 = CARTESIAN_POINT ( 'NONE',  ( -46.76888308971299324, -26.00086416922701460, 0.5433070866141732624 ) ) ;
#3610 = SURFACE_SIDE_STYLE ('',( #4508 ) ) ;
#3611 = CARTESIAN_POINT ( 'NONE',  ( 0.2140843566789031316, 0.08800451762590570659, 0.7952755905511811330 ) ) ;
#3612 = VECTOR ( 'NONE', #4828, 39.37007874015748143 ) ;
#3613 = VECTOR ( 'NONE', #1101, 39.37007874015748854 ) ;
#3614 = ORIENTED_EDGE ( 'NONE', *, *, #4063, .T. ) ;
#3615 = CARTESIAN_POINT ( 'NONE',  ( -0.2544195803289366342, -0.1450663485158281418, 0.6771653543307086798 ) ) ;
#3616 = MANIFOLD_SOLID_BREP ( 'Imported2', #1913 ) ;
#3617 = VECTOR ( 'NONE', #2596, 39.37007874015748143 ) ;
#3618 = DIRECTION ( 'NONE',  ( 0.000000000000000000, -1.000000000000000000, 0.000000000000000000 ) ) ;
#3619 = LINE ( 'NONE', #2225, #551 ) ;
#3620 = DIRECTION ( 'NONE',  ( 0.000000000000000000, 0.000000000000000000, 1.000000000000000000 ) ) ;
#3621 = ORIENTED_EDGE ( 'NONE', *, *, #438, .T. ) ;
#3622 = EDGE_LOOP ( 'NONE', ( #1927, #5897, #2371, #4312 ) ) ;
#3623 = VECTOR ( 'NONE', #2859, 39.37007874015748143 ) ;
#3624 = CARTESIAN_POINT ( 'NONE',  ( 0.09203711258444587096, 0.03800451762590591198, 0.7795275590551181688 ) ) ;
#3625 = CARTESIAN_POINT ( 'NONE',  ( -0.3804038322974441777, -0.001365561114251630020, 0.6771653543307086798 ) ) ;
#3626 = FACE_OUTER_BOUND ( 'NONE', #1339, .T. ) ;
#3627 = VECTOR ( 'NONE', #5269, 39.37007874015748143 ) ;
#3628 = ORIENTED_EDGE ( 'NONE', *, *, #5460, .T. ) ;
#3629 = LINE ( 'NONE', #5516, #1427 ) ;
#3630 = ORIENTED_EDGE ( 'NONE', *, *, #2995, .T. ) ;
#3631 = VERTEX_POINT ( 'NONE', #2850 ) ;
#3632 = FACE_OUTER_BOUND ( 'NONE', #3561, .T. ) ;
#3633 = DIRECTION ( 'NONE',  ( 0.000000000000000000, 0.000000000000000000, -1.000000000000000000 ) ) ;
#3634 = CARTESIAN_POINT ( 'NONE',  ( -0.3449707614313327064, -0.1324679233189781369, 0.7952755905511811330 ) ) ;
#3635 = DIRECTION ( 'NONE',  ( 1.000000000000000000, 0.000000000000000000, 0.000000000000000000 ) ) ;
#3636 = EDGE_LOOP ( 'NONE', ( #112, #4546, #1839, #1974 ) ) ;
#3637 = EDGE_CURVE ( 'NONE', #1512, #479, #3928, .T. ) ;
#3638 = CARTESIAN_POINT ( 'NONE',  ( -0.1126872968643679029, -26.00086416922701460, 0.7795275590551181688 ) ) ;
#3639 = ADVANCED_FACE ( 'NONE', ( #1575 ), #2387, .T. ) ;
#3640 = VERTEX_POINT ( 'NONE', #189 ) ;
#3641 = VERTEX_POINT ( 'NONE', #5844 ) ;
#3642 = DIRECTION ( 'NONE',  ( 1.000000000000000000, 0.000000000000000000, 0.000000000000000000 ) ) ;
#3643 = DIRECTION ( 'NONE',  ( 1.000000000000000000, 0.000000000000000000, 0.000000000000000000 ) ) ;
#3644 = LINE ( 'NONE', #4969, #4007 ) ;
#3645 = ADVANCED_FACE ( 'NONE', ( #2072 ), #1604, .F. ) ;
#3646 = EDGE_LOOP ( 'NONE', ( #5423, #5264, #2268, #1085 ) ) ;
#3647 = LINE ( 'NONE', #2256, #174 ) ;
#3648 = EDGE_CURVE ( 'NONE', #6023, #4635, #4423, .T. ) ;
#3649 = DIRECTION ( 'NONE',  ( 0.000000000000000000, -1.000000000000000000, -5.421010862427369920E-15 ) ) ;
#3650 = DIRECTION ( 'NONE',  ( 0.000000000000000000, 0.000000000000000000, -1.000000000000000000 ) ) ;
#3651 = LINE ( 'NONE', #5536, #4094 ) ;
#3652 = EDGE_CURVE ( 'NONE', #878, #3407, #4624, .T. ) ;
#3653 = ORIENTED_EDGE ( 'NONE', *, *, #3822, .F. ) ;
#3654 = EDGE_LOOP ( 'NONE', ( #5512, #4549, #197, #2039 ) ) ;
#3655 = ORIENTED_EDGE ( 'NONE', *, *, #4095, .F. ) ;
#3656 = LINE ( 'NONE', #3246, #6086 ) ;
#3657 = LINE ( 'NONE', #1803, #5366 ) ;
#3658 = ORIENTED_EDGE ( 'NONE', *, *, #4136, .F. ) ;
#3659 = FACE_OUTER_BOUND ( 'NONE', #3058, .T. ) ;
#3660 = ORIENTED_EDGE ( 'NONE', *, *, #46, .F. ) ;
#3661 = ORIENTED_EDGE ( 'NONE', *, *, #4590, .T. ) ;
#3662 = CARTESIAN_POINT ( 'NONE',  ( 0.09361191573401889121, 0.04788640738964614063, 0.6338582677165355284 ) ) ;
#3663 = DIRECTION ( 'NONE',  ( 0.000000000000000000, 0.000000000000000000, -1.000000000000000000 ) ) ;
#3664 = LINE ( 'NONE', #6012, #1341 ) ;
#3665 = CARTESIAN_POINT ( 'NONE',  ( 0.2652654590411374080, 0.03800451762590591198, 0.5433070866141732624 ) ) ;
#3666 = ORIENTED_EDGE ( 'NONE', *, *, #5297, .F. ) ;
#3667 = DIRECTION ( 'NONE',  ( 1.000000000000000000, 0.000000000000000000, 0.000000000000000000 ) ) ;
#3668 = ORIENTED_EDGE ( 'NONE', *, *, #1976, .T. ) ;
#3669 = ORIENTED_EDGE ( 'NONE', *, *, #4137, .F. ) ;
#3670 = EDGE_CURVE ( 'NONE', #2548, #393, #2245, .T. ) ;
#3671 = CARTESIAN_POINT ( 'NONE',  ( -46.94045648118299141, 0.03800451762590591198, 0.7952755905511811330 ) ) ;
#3672 = CARTESIAN_POINT ( 'NONE',  ( 0.3243205771513404945, 0.1719021554211809244, 0.5433070866141732624 ) ) ;
#3673 = VECTOR ( 'NONE', #3803, 39.37007874015748143 ) ;
#3674 = CARTESIAN_POINT ( 'NONE',  ( -46.76888308971299324, -26.00086416922701460, 0.7952755905511811330 ) ) ;
#3675 = ORIENTED_EDGE ( 'NONE', *, *, #4272, .T. ) ;
#3676 = DIRECTION ( 'NONE',  ( 0.000000000000000000, -1.000000000000000000, 0.000000000000000000 ) ) ;
#3677 = EDGE_CURVE ( 'NONE', #2896, #2157, #4649, .T. ) ;
#3678 = EDGE_CURVE ( 'NONE', #3042, #6045, #4132, .T. ) ;
#3679 = CARTESIAN_POINT ( 'NONE',  ( 0.2140843566789381591, 0.03800451762590591198, 0.6397637795275591399 ) ) ;
#3680 = DIRECTION ( 'NONE',  ( 0.7071067811864689689, -0.7071067811866260655, 0.000000000000000000 ) ) ;
#3681 = LINE ( 'NONE', #832, #1026 ) ;
#3682 = EDGE_CURVE ( 'NONE', #4267, #1938, #1482, .T. ) ;
#3683 = ORIENTED_EDGE ( 'NONE', *, *, #2748, .F. ) ;
#3684 = FACE_OUTER_BOUND ( 'NONE', #2914, .T. ) ;
#3685 = EDGE_CURVE ( 'NONE', #4592, #5936, #5616, .T. ) ;
#3686 = VERTEX_POINT ( 'NONE', #3394 ) ;
#3687 = PLANE ( 'NONE',  #4595 ) ;
#3688 = ORIENTED_EDGE ( 'NONE', *, *, #4027, .F. ) ;
#3689 = ORIENTED_EDGE ( 'NONE', *, *, #1401, .F. ) ;
#3690 = DIRECTION ( 'NONE',  ( 0.000000000000000000, 0.000000000000000000, 1.000000000000000000 ) ) ;
#3691 = CARTESIAN_POINT ( 'NONE',  ( 0.1451867188836220568, 0.08800451762590570659, 0.5433070866141732624 ) ) ;
#3692 = DIRECTION ( 'NONE',  ( 0.000000000000000000, 1.000000000000000000, 0.000000000000000000 ) ) ;
#3693 = DIRECTION ( 'NONE',  ( -1.000000000000000000, 0.000000000000000000, 0.000000000000000000 ) ) ;
#3694 = ORIENTED_EDGE ( 'NONE', *, *, #5606, .T. ) ;
#3695 = FACE_OUTER_BOUND ( 'NONE', #1902, .T. ) ;
#3696 = ORIENTED_EDGE ( 'NONE', *, *, #4876, .T. ) ;
#3697 = ORIENTED_EDGE ( 'NONE', *, *, #2750, .T. ) ;
#3698 = VECTOR ( 'NONE', #4383, 39.37007874015748143 ) ;
#3699 = VECTOR ( 'NONE', #267, 39.37007874015748143 ) ;
#3700 = CARTESIAN_POINT ( 'NONE',  ( -46.76888308971299324, -0.001365561114251630020, 0.7952755905511811330 ) ) ;
#3701 = VECTOR ( 'NONE', #3051, 39.37007874015748854 ) ;
#3702 = DIRECTION ( 'NONE',  ( 0.000000000000000000, 0.000000000000000000, 1.000000000000000000 ) ) ;
#3703 = VERTEX_POINT ( 'NONE', #3337 ) ;
#3704 = VECTOR ( 'NONE', #1967, 39.37007874015748143 ) ;
#3705 = CARTESIAN_POINT ( 'NONE',  ( -0.01032509213999598455, 0.1699336514841340851, 0.6102362204724409711 ) ) ;
#3706 = AXIS2_PLACEMENT_3D ( 'NONE', #210, #2093, #5864 ) ;
#3707 = DIRECTION ( 'NONE',  ( -1.000000000000000000, 0.000000000000000000, 0.000000000000000000 ) ) ;
#3708 = CARTESIAN_POINT ( 'NONE',  ( 0.09361191573401889121, 0.1699336514841340851, 0.5610236220472440971 ) ) ;
#3709 = DIRECTION ( 'NONE',  ( -1.000000000000000000, 0.000000000000000000, 0.000000000000000000 ) ) ;
#3710 = VECTOR ( 'NONE', #562, 39.37007874015748143 ) ;
#3712 = EDGE_CURVE ( 'NONE', #5442, #5544, #4159, .T. ) ;
#3711 = VECTOR ( 'NONE', #6074, 39.37007874015748143 ) ;
#3713 = ORIENTED_EDGE ( 'NONE', *, *, #2871, .F. ) ;
#3714 = EDGE_CURVE ( 'NONE', #1257, #4604, #3664, .T. ) ;
#3715 = VERTEX_POINT ( 'NONE', #2302 ) ;
#3716 = DIRECTION ( 'NONE',  ( 0.000000000000000000, -1.000000000000000000, 0.000000000000000000 ) ) ;
#3717 = CARTESIAN_POINT ( 'NONE',  ( -36.33384573514259586, -36.70795707025862242, 0.7952755905511811330 ) ) ;
#3718 = AXIS2_PLACEMENT_3D ( 'NONE', #4426, #1674, #192 ) ;
#3719 = VECTOR ( 'NONE', #3879, 39.37007874015748143 ) ;
#3720 = DIRECTION ( 'NONE',  ( 0.000000000000000000, -1.000000000000000000, 0.000000000000000000 ) ) ;
#3721 = EDGE_LOOP ( 'NONE', ( #312, #2650, #3251, #14, #4977, #2292, #3135, #4190, #4832, #1748, #1277, #5430 ) ) ;
#3722 = DIRECTION ( 'NONE',  ( 0.000000000000000000, 1.000000000000000000, 0.000000000000000000 ) ) ;
#3723 = EDGE_CURVE ( 'NONE', #1315, #5415, #3232, .T. ) ;
#3724 = VECTOR ( 'NONE', #4542, 39.37007874015748143 ) ;
#3725 = EDGE_LOOP ( 'NONE', ( #322, #4906, #1597, #4150 ) ) ;
#3726 = VERTEX_POINT ( 'NONE', #4762 ) ;
#3727 = CARTESIAN_POINT ( 'NONE',  ( 0.2856953692486562946, -0.1378837100494476609, 0.7952755905511811330 ) ) ;
#3728 = DIRECTION ( 'NONE',  ( 1.000000000000000000, 0.000000000000000000, 0.000000000000000000 ) ) ;
#3729 = ADVANCED_FACE ( 'NONE', ( #2450 ), #1782, .T. ) ;
#3730 = VECTOR ( 'NONE', #3814, 39.37007874015748143 ) ;
#3731 = LINE ( 'NONE', #1846, #5779 ) ;
#3732 = PLANE ( 'NONE',  #2233 ) ;
#3733 = ORIENTED_EDGE ( 'NONE', *, *, #2576, .T. ) ;
#3734 = LINE ( 'NONE', #5620, #51 ) ;
#3735 = ORIENTED_EDGE ( 'NONE', *, *, #5824, .T. ) ;
#3736 = FACE_OUTER_BOUND ( 'NONE', #1393, .T. ) ;
#3737 = LINE ( 'NONE', #2252, #355 ) ;
#3738 = DIRECTION ( 'NONE',  ( 0.000000000000000000, 0.000000000000000000, -1.000000000000000000 ) ) ;
#3739 = SURFACE_STYLE_USAGE ( .BOTH. , #1857 ) ;
#3740 = CARTESIAN_POINT ( 'NONE',  ( 0.2140843566789031316, 0.08800451762590570659, 0.7952755905511811330 ) ) ;
#3741 = CARTESIAN_POINT ( 'NONE',  ( -0.3804038322974441777, -26.00086416922701460, 0.6771653543307086798 ) ) ;
#3742 = ORIENTED_EDGE ( 'NONE', *, *, #5462, .F. ) ;
#3743 = DIRECTION ( 'NONE',  ( -0.7071067811866260655, -0.7071067811864689689, 0.000000000000000000 ) ) ;
#3744 = DIRECTION ( 'NONE',  ( 1.000000000000000000, 0.000000000000000000, 0.000000000000000000 ) ) ;
#3745 = ADVANCED_FACE ( 'NONE', ( #70 ), #359, .F. ) ;
#3746 = DIRECTION ( 'NONE',  ( 1.000000000000000000, 0.000000000000000000, 0.000000000000000000 ) ) ;
#3747 = FACE_OUTER_BOUND ( 'NONE', #3721, .T. ) ;
#3748 = ORIENTED_EDGE ( 'NONE', *, *, #3452, .F. ) ;
#3749 = CARTESIAN_POINT ( 'NONE',  ( -0.2091439897777913615, -0.4816411516654354741, 0.6023622047244094890 ) ) ;
#3750 = ORIENTED_EDGE ( 'NONE', *, *, #5981, .F. ) ;
#3751 = EDGE_LOOP ( 'NONE', ( #4626, #3411, #414, #2684 ) ) ;
#3752 = FACE_OUTER_BOUND ( 'NONE', #2563, .T. ) ;
#3753 = LINE ( 'NONE', #357, #373 ) ;
#3754 = ADVANCED_FACE ( 'NONE', ( #3839 ), #98, .F. ) ;
#3755 = CARTESIAN_POINT ( 'NONE',  ( -0.1126872968643679029, -26.00086416922701460, 0.7952755905511811330 ) ) ;
#3756 = ORIENTED_EDGE ( 'NONE', *, *, #513, .F. ) ;
#3757 = CARTESIAN_POINT ( 'NONE',  ( 0.1097536480174842732, 0.08800451762590570659, 0.5590551181102362266 ) ) ;
#3758 = VERTEX_POINT ( 'NONE', #3864 ) ;
#3759 = EDGE_CURVE ( 'NONE', #4557, #1153, #4697, .T. ) ;
#3760 = ORIENTED_EDGE ( 'NONE', *, *, #2842, .F. ) ;
#3761 = EDGE_CURVE ( 'NONE', #4163, #3472, #855, .T. ) ;
#3762 = DIRECTION ( 'NONE',  ( 0.000000000000000000, 0.000000000000000000, -1.000000000000000000 ) ) ;
#3763 = CARTESIAN_POINT ( 'NONE',  ( -46.76888308971299324, -26.00086416922701460, 0.5433070866141732624 ) ) ;
#3764 = CARTESIAN_POINT ( 'NONE',  ( 0.1786512858127917436, -26.00086416922701460, 0.6614173228346458266 ) ) ;
#3765 = ORIENTED_EDGE ( 'NONE', *, *, #3443, .F. ) ;
#3766 = VECTOR ( 'NONE', #1278, 39.37007874015748143 ) ;
#3767 = LINE ( 'NONE', #956, #3604 ) ;
#3768 = DIRECTION ( 'NONE',  ( 0.000000000000000000, 0.000000000000000000, 1.000000000000000000 ) ) ;
#3769 = PLANE ( 'NONE',  #3294 ) ;
#3770 = ORIENTED_EDGE ( 'NONE', *, *, #3858, .F. ) ;
#3771 = CARTESIAN_POINT ( 'NONE',  ( -37.14372631176701134, -36.80795575711105982, 0.6102362204724409711 ) ) ;
#3772 = CARTESIAN_POINT ( 'NONE',  ( 0.6884938054977971511, 0.04788640738964614063, 0.6515748031496062520 ) ) ;
#3773 = LINE ( 'NONE', #4560, #2113 ) ;
#3774 = DIRECTION ( 'NONE',  ( -1.000000000000000000, -1.850371707708800053E-13, 0.000000000000000000 ) ) ;
#3775 = ORIENTED_EDGE ( 'NONE', *, *, #344, .F. ) ;
#3776 = DIRECTION ( 'NONE',  ( 0.000000000000000000, -1.000000000000000000, 0.000000000000000000 ) ) ;
#3777 = ORIENTED_EDGE ( 'NONE', *, *, #5760, .T. ) ;
#3778 = VERTEX_POINT ( 'NONE', #5749 ) ;
#3779 = PLANE ( 'NONE',  #19 ) ;
#3780 = DIRECTION ( 'NONE',  ( 0.7071067811865474617, -0.7071067811865474617, 0.000000000000000000 ) ) ;
#3781 = DIRECTION ( 'NONE',  ( 0.000000000000000000, 0.000000000000000000, 1.000000000000000000 ) ) ;
#3782 = VERTEX_POINT ( 'NONE', #5582 ) ;
#3783 = CARTESIAN_POINT ( 'NONE',  ( -36.33384573514259586, -36.70795707025862242, 0.7952755905511811330 ) ) ;
#3784 = ORIENTED_EDGE ( 'NONE', *, *, #199, .F. ) ;
#3785 = ADVANCED_FACE ( 'NONE', ( #2938 ), #5725, .T. ) ;
#3786 = EDGE_CURVE ( 'NONE', #5925, #2355, #3731, .T. ) ;
#3787 = ORIENTED_EDGE ( 'NONE', *, *, #2251, .F. ) ;
#3788 = DIRECTION ( 'NONE',  ( -1.000000000000000000, 0.000000000000000000, 0.000000000000000000 ) ) ;
#3789 = CARTESIAN_POINT ( 'NONE',  ( 0.09203711258441102383, 0.03800451762590591198, 0.7952755905511811330 ) ) ;
#3790 = DIRECTION ( 'NONE',  ( 0.000000000000000000, 0.000000000000000000, -1.000000000000000000 ) ) ;
#3791 = VECTOR ( 'NONE', #2045, 39.37007874015748143 ) ;
#3792 = EDGE_CURVE ( 'NONE', #2265, #2947, #5873, .T. ) ;
#3793 = ORIENTED_EDGE ( 'NONE', *, *, #3041, .T. ) ;
#3794 = AXIS2_PLACEMENT_3D ( 'NONE', #31, #1250, #5633 ) ;
#3795 = ADVANCED_FACE ( 'NONE', ( #678 ), #2012, .T. ) ;
#3796 = LINE ( 'NONE', #4754, #4197 ) ;
#3797 = CARTESIAN_POINT ( 'NONE',  ( -0.06741170631161397253, -26.00086416922417243, 0.6614173228346458266 ) ) ;
#3798 = DIRECTION ( 'NONE',  ( 0.000000000000000000, -1.000000000000000000, 0.000000000000000000 ) ) ;
#3799 = AXIS2_PLACEMENT_3D ( 'NONE', #973, #510, #4627 ) ;
#3800 = AXIS2_PLACEMENT_3D ( 'NONE', #5963, #4943, #707 ) ;
#3801 = VERTEX_POINT ( 'NONE', #3552 ) ;
#3802 = DIRECTION ( 'NONE',  ( 0.000000000000000000, -1.000000000000000000, 0.000000000000000000 ) ) ;
#3803 = DIRECTION ( 'NONE',  ( 1.000000000000000000, 0.000000000000000000, 0.000000000000000000 ) ) ;
#3804 = VECTOR ( 'NONE', #590, 39.37007874015748143 ) ;
#3805 = DIRECTION ( 'NONE',  ( 6.083413833562249173E-14, -1.000000000000000000, 0.000000000000000000 ) ) ;
#3806 = VECTOR ( 'NONE', #3448, 39.37007874015748143 ) ;
#3807 = CARTESIAN_POINT ( 'NONE',  ( -0.2977266669431137824, 0.07343758849204802541, 0.6614173228346458266 ) ) ;
#3808 = ORIENTED_EDGE ( 'NONE', *, *, #954, .F. ) ;
#3809 = ORIENTED_EDGE ( 'NONE', *, *, #1034, .F. ) ;
#3810 = ORIENTED_EDGE ( 'NONE', *, *, #6015, .F. ) ;
#3811 = VECTOR ( 'NONE', #897, 39.37007874015748143 ) ;
#3812 = CARTESIAN_POINT ( 'NONE',  ( -0.3111124937147940472, 0.04001239164161551204, 0.5610236220472440971 ) ) ;
#3813 = VECTOR ( 'NONE', #4872, 39.37007874015748143 ) ;
#3814 = DIRECTION ( 'NONE',  ( 1.000000000000000000, 0.000000000000000000, 0.000000000000000000 ) ) ;
#3815 = CARTESIAN_POINT ( 'NONE',  ( 0.1884938054977992050, 0.1719021554211809244, 0.5433070866141732624 ) ) ;
#3816 = CIRCLE ( 'NONE', #4806, 0.009842519685033915972 ) ;
#3817 = ORIENTED_EDGE ( 'NONE', *, *, #805, .T. ) ;
#3818 = CARTESIAN_POINT ( 'NONE',  ( -0.1717424149746065165, 0.03800451762590591198, 0.5590551181102362266 ) ) ;
#3819 = ORIENTED_EDGE ( 'NONE', *, *, #83, .T. ) ;
#3820 = CARTESIAN_POINT ( 'NONE',  ( -0.1658369031635877899, -0.001365561114251630020, 0.7952755905511811330 ) ) ;
#3821 = AXIS2_PLACEMENT_3D ( 'NONE', #293, #1750, #720 ) ;
#3822 = EDGE_CURVE ( 'NONE', #5057, #5267, #3027, .T. ) ;
#3823 = CARTESIAN_POINT ( 'NONE',  ( -0.1126872968643679029, -26.00086416922701460, 0.7795275590551181688 ) ) ;
#3824 = EDGE_CURVE ( 'NONE', #5667, #5111, #5812, .T. ) ;
#3825 = DIRECTION ( 'NONE',  ( 0.000000000000000000, 1.000000000000000000, 3.252606517456421005E-15 ) ) ;
#3826 = LINE ( 'NONE', #5594, #1728 ) ;
#3827 = VECTOR ( 'NONE', #853, 39.37007874015748143 ) ;
#3828 = ORIENTED_EDGE ( 'NONE', *, *, #5902, .T. ) ;
#3829 = EDGE_CURVE ( 'NONE', #3098, #408, #215, .T. ) ;
#3830 = CARTESIAN_POINT ( 'NONE',  ( -0.1658369031635877899, -0.001365561114251630020, 0.6771653543307086798 ) ) ;
#3831 = CARTESIAN_POINT ( 'NONE',  ( -0.3111124937147940472, 0.07938247038177302650, 0.6515748031496062520 ) ) ;
#3832 = CARTESIAN_POINT ( 'NONE',  ( -10.32370739963264050, 10.59945769126256110, 0.7283464566929134243 ) ) ;
#3833 = EDGE_CURVE ( 'NONE', #1145, #3119, #3952, .T. ) ;
#3834 = ORIENTED_EDGE ( 'NONE', *, *, #5067, .F. ) ;
#3835 = CARTESIAN_POINT ( 'NONE',  ( 0.3243205771513404945, 0.1876501869172421400, 0.7795275590551181688 ) ) ;
#3836 = LINE ( 'NONE', #5285, #1002 ) ;
#3837 = EDGE_CURVE ( 'NONE', #5014, #3182, #1170, .T. ) ;
#3838 = CARTESIAN_POINT ( 'NONE',  ( -47.43742357988960379, 0.1699336514841340851, 0.7775590551181102983 ) ) ;
#3839 = FACE_OUTER_BOUND ( 'NONE', #2249, .T. ) ;
#3840 = DIRECTION ( 'NONE',  ( -0.7071067811864688579, 0.7071067811866259545, 4.444328744010334510E-17 ) ) ;
#3841 = ORIENTED_EDGE ( 'NONE', *, *, #1675, .T. ) ;
#3842 = ORIENTED_EDGE ( 'NONE', *, *, #4390, .F. ) ;
#3843 = ORIENTED_EDGE ( 'NONE', *, *, #3520, .T. ) ;
#3844 = DIRECTION ( 'NONE',  ( 0.000000000000000000, 0.000000000000000000, -1.000000000000000000 ) ) ;
#3845 = ORIENTED_EDGE ( 'NONE', *, *, #5615, .T. ) ;
#3846 = ORIENTED_EDGE ( 'NONE', *, *, #1408, .F. ) ;
#3847 = DIRECTION ( 'NONE',  ( 1.000000000000000000, 0.000000000000000000, 0.000000000000000000 ) ) ;
#3848 = ORIENTED_EDGE ( 'NONE', *, *, #11, .F. ) ;
#3849 = DIRECTION ( 'NONE',  ( 0.000000000000000000, 0.000000000000000000, -1.000000000000000000 ) ) ;
#3850 = CARTESIAN_POINT ( 'NONE',  ( 0.2888875062852377940, -0.001365561114251630020, 0.6397637795275591399 ) ) ;
#3851 = CARTESIAN_POINT ( 'NONE',  ( -0.1481203677305494015, 0.3057604231376799819, 0.7775590551181102983 ) ) ;
#3852 = FACE_OUTER_BOUND ( 'NONE', #1689, .T. ) ;
#3853 = ORIENTED_EDGE ( 'NONE', *, *, #5640, .F. ) ;
#3854 = CARTESIAN_POINT ( 'NONE',  ( -0.03001013151007255603, 0.3057604231376799819, 0.6102362204724409711 ) ) ;
#3855 = DIRECTION ( 'NONE',  ( 0.000000000000000000, 1.000000000000000000, 0.000000000000000000 ) ) ;
#3856 = DIRECTION ( 'NONE',  ( 0.000000000000000000, 1.000000000000000000, 0.000000000000000000 ) ) ;
#3857 = EDGE_CURVE ( 'NONE', #3119, #4682, #4917, .T. ) ;
#3858 = EDGE_CURVE ( 'NONE', #3252, #4671, #1637, .T. ) ;
#3859 = EDGE_LOOP ( 'NONE', ( #751, #4079, #3341, #1912 ) ) ;
#3860 = CARTESIAN_POINT ( 'NONE',  ( 0.1510922306946844429, 0.03800451762590591198, 0.5590551181102362266 ) ) ;
#3861 = FACE_OUTER_BOUND ( 'NONE', #5315, .T. ) ;
#3862 = DIRECTION ( 'NONE',  ( 0.000000000000000000, -1.000000000000000000, 0.000000000000000000 ) ) ;
#3863 = EDGE_CURVE ( 'NONE', #2341, #2355, #2044, .T. ) ;
#3864 = CARTESIAN_POINT ( 'NONE',  ( -0.1126872968643679029, -0.001365561114251630020, 0.7795275590551181688 ) ) ;
#3865 = DIRECTION ( 'NONE',  ( 0.000000000000000000, 0.000000000000000000, 1.000000000000000000 ) ) ;
#3866 = EDGE_LOOP ( 'NONE', ( #5163, #3366, #671, #2578 ) ) ;
#3867 = CIRCLE ( 'NONE', #2490, 0.009842519685033915972 ) ;
#3868 = ORIENTED_EDGE ( 'NONE', *, *, #92, .F. ) ;
#3869 = EDGE_CURVE ( 'NONE', #699, #395, #1534, .T. ) ;
#3870 = ORIENTED_EDGE ( 'NONE', *, *, #3377, .T. ) ;
#3871 = CARTESIAN_POINT ( 'NONE',  ( -0.2977266669431488100, -0.09703485245283602345, 0.5433070866141732624 ) ) ;
#3872 = PLANE ( 'NONE',  #920 ) ;
#3873 = ORIENTED_EDGE ( 'NONE', *, *, #1286, .T. ) ;
#3874 = FACE_OUTER_BOUND ( 'NONE', #2547, .T. ) ;
#3875 = ORIENTED_EDGE ( 'NONE', *, *, #3723, .T. ) ;
#3876 = DIRECTION ( 'NONE',  ( 0.000000000000000000, 1.000000000000000000, 0.000000000000000000 ) ) ;
#3877 = CARTESIAN_POINT ( 'NONE',  ( -46.94045648118299141, 0.1549336514841702650, 0.7795275590551181688 ) ) ;
#3878 = DIRECTION ( 'NONE',  ( 1.000000000000000000, 0.000000000000000000, 0.000000000000000000 ) ) ;
#3879 = DIRECTION ( 'NONE',  ( 0.000000000000000000, -1.000000000000000000, 0.000000000000000000 ) ) ;
#3880 = VERTEX_POINT ( 'NONE', #2478 ) ;
#3881 = DIRECTION ( 'NONE',  ( 0.000000000000000000, 0.000000000000000000, -1.000000000000000000 ) ) ;
#3882 = VECTOR ( 'NONE', #3338, 39.37007874015748143 ) ;
#3883 = LINE ( 'NONE', #5772, #3016 ) ;
#3884 = CARTESIAN_POINT ( 'NONE',  ( 0.2377064039229948855, 0.08800451762590570659, 0.5590551181102362266 ) ) ;
#3885 = APPLICATION_CONTEXT ( 'automotive_design' ) ;
#3886 = VERTEX_POINT ( 'NONE', #4448 ) ;
#3887 = LINE ( 'NONE', #5721, #2928 ) ;
#3888 = VECTOR ( 'NONE', #2785, 39.37007874015748143 ) ;
#3889 = LINE ( 'NONE', #986, #605 ) ;
#3890 = DIRECTION ( 'NONE',  ( 1.000000000000000000, 0.000000000000000000, 0.000000000000000000 ) ) ;
#3891 = EDGE_CURVE ( 'NONE', #2788, #756, #1572, .T. ) ;
#3892 = FACE_BOUND ( 'NONE', #1709, .T. ) ;
#3893 = CARTESIAN_POINT ( 'NONE',  ( 0.1786512858127917436, 0.07343758849204802541, 0.6771653543307086798 ) ) ;
#3894 = EDGE_CURVE ( 'NONE', #1500, #566, #2992, .T. ) ;
#3895 = VECTOR ( 'NONE', #3940, 39.37007874015748143 ) ;
#3896 = ORIENTED_EDGE ( 'NONE', *, *, #923, .T. ) ;
#3897 = VECTOR ( 'NONE', #1267, 39.37007874015748143 ) ;
#3898 = VERTEX_POINT ( 'NONE', #4944 ) ;
#3899 = ORIENTED_EDGE ( 'NONE', *, *, #20, .T. ) ;
#3900 = LINE ( 'NONE', #3343, #5741 ) ;
#3901 = LINE ( 'NONE', #1088, #5604 ) ;
#3902 = AXIS2_PLACEMENT_3D ( 'NONE', #3409, #3907, #4313 ) ;
#3903 = CIRCLE ( 'NONE', #2328, 0.009842519685042657243 ) ;
#3904 = ORIENTED_EDGE ( 'NONE', *, *, #279, .F. ) ;
#3905 = ADVANCED_FACE ( 'NONE', ( #4357, #3892, #3460, #5907 ), #2069, .F. ) ;
#3906 = ORIENTED_EDGE ( 'NONE', *, *, #92, .T. ) ;
#3907 = DIRECTION ( 'NONE',  ( 0.000000000000000000, 0.000000000000000000, 1.000000000000000000 ) ) ;
#3908 = AXIS2_PLACEMENT_3D ( 'NONE', #1509, #3194, #6041 ) ;
#3909 = VECTOR ( 'NONE', #818, 39.37007874015748143 ) ;
#3910 = ORIENTED_EDGE ( 'NONE', *, *, #3116, .T. ) ;
#3911 = CARTESIAN_POINT ( 'NONE',  ( 0.2652654590411374080, -26.00086416922701460, 0.7795275590551181688 ) ) ;
#3912 = AXIS2_PLACEMENT_3D ( 'NONE', #3674, #2718, #6021 ) ;
#3913 = CARTESIAN_POINT ( 'NONE',  ( 0.2377064039229948855, 0.08800451762590570659, 0.7952755905511811330 ) ) ;
#3914 = DIRECTION ( 'NONE',  ( 0.000000000000000000, 0.000000000000000000, -1.000000000000000000 ) ) ;
#3915 = LINE ( 'NONE', #1039, #4195 ) ;
#3916 = EDGE_LOOP ( 'NONE', ( #5733, #5283, #3873, #5293 ) ) ;
#3917 = AXIS2_PLACEMENT_3D ( 'NONE', #5132, #807, #343 ) ;
#3918 = VECTOR ( 'NONE', #1372, 39.37007874015748143 ) ;
#3919 = FACE_OUTER_BOUND ( 'NONE', #1955, .T. ) ;
#3920 = DIRECTION ( 'NONE',  ( 0.000000000000000000, 0.000000000000000000, -1.000000000000000000 ) ) ;
#3921 = ORIENTED_EDGE ( 'NONE', *, *, #3682, .F. ) ;
#3922 = DIRECTION ( 'NONE',  ( -1.000000000000000000, 4.037174635000524947E-14, 0.000000000000000000 ) ) ;
#3923 = FACE_OUTER_BOUND ( 'NONE', #5699, .T. ) ;
#3924 = DIRECTION ( 'NONE',  ( 1.000000000000000000, 0.000000000000000000, 0.000000000000000000 ) ) ;
#3925 = DIRECTION ( 'NONE',  ( -0.000000000000000000, 1.000000000000000000, 0.000000000000000000 ) ) ;
#3926 = LINE ( 'NONE', #3553, #530 ) ;
#3927 = ORIENTED_EDGE ( 'NONE', *, *, #5867, .T. ) ;
#3928 = LINE ( 'NONE', #1084, #2227 ) ;
#3929 = ORIENTED_EDGE ( 'NONE', *, *, #4208, .F. ) ;
#3930 = ORIENTED_EDGE ( 'NONE', *, *, #4103, .T. ) ;
#3931 = DIRECTION ( 'NONE',  ( 0.000000000000000000, -1.000000000000000000, 0.000000000000000000 ) ) ;
#3932 = EDGE_CURVE ( 'NONE', #2700, #969, #5782, .T. ) ;
#3933 = CARTESIAN_POINT ( 'NONE',  ( 0.2770764826631570976, -0.09703485245283602345, 0.5590551181102362266 ) ) ;
#3934 = EDGE_LOOP ( 'NONE', ( #1989, #2278, #3630, #4177 ) ) ;
#3935 = LINE ( 'NONE', #3470, #1529 ) ;
#3936 = ORIENTED_EDGE ( 'NONE', *, *, #5871, .T. ) ;
#3937 = EDGE_CURVE ( 'NONE', #5304, #4744, #5320, .T. ) ;
#3938 = EDGE_CURVE ( 'NONE', #126, #1235, #4854, .T. ) ;
#3939 = PLANE ( 'NONE',  #867 ) ;
#3940 = DIRECTION ( 'NONE',  ( 0.000000000000000000, 0.000000000000000000, -1.000000000000000000 ) ) ;
#3941 = DIRECTION ( 'NONE',  ( 0.000000000000000000, 0.000000000000000000, 1.000000000000000000 ) ) ;
#3942 = EDGE_CURVE ( 'NONE', #2734, #2675, #4420, .T. ) ;
#3943 = DIRECTION ( 'NONE',  ( 0.000000000000000000, -1.000000000000000000, 0.000000000000000000 ) ) ;
#3944 = VERTEX_POINT ( 'NONE', #2288 ) ;
#3945 = EDGE_CURVE ( 'NONE', #5019, #1653, #3123, .T. ) ;
#3946 = LINE ( 'NONE', #1690, #2730 ) ;
#3947 = FACE_OUTER_BOUND ( 'NONE', #4125, .T. ) ;
#3948 = DIRECTION ( 'NONE',  ( 0.000000000000000000, 1.000000000000000000, 0.000000000000000000 ) ) ;
#3949 = VERTEX_POINT ( 'NONE', #3708 ) ;
#3950 = LINE ( 'NONE', #4971, #758 ) ;
#3951 = CARTESIAN_POINT ( 'NONE',  ( 0.3243205771513404945, -0.1324679233161021874, 0.7952755905511811330 ) ) ;
#3952 = LINE ( 'NONE', #5410, #3612 ) ;
#3953 = DIRECTION ( 'NONE',  ( 0.000000000000000000, 0.000000000000000000, -1.000000000000000000 ) ) ;
#3954 = ORIENTED_EDGE ( 'NONE', *, *, #3712, .T. ) ;
#3955 = DIRECTION ( 'NONE',  ( 0.000000000000000000, -1.000000000000000000, 0.000000000000000000 ) ) ;
#3956 = ORIENTED_EDGE ( 'NONE', *, *, #1, .T. ) ;
#3957 = ORIENTED_EDGE ( 'NONE', *, *, #5460, .F. ) ;
#3958 = CARTESIAN_POINT ( 'NONE',  ( -0.3449707614313327064, -0.1324679233189781369, 0.7952755905511811330 ) ) ;
#3959 = AXIS2_PLACEMENT_3D ( 'NONE', #3227, #1371, #3690 ) ;
#3960 = CARTESIAN_POINT ( 'NONE',  ( -46.94045648118299141, 0.1549336514841702650, 0.7952755905511811330 ) ) ;
#3961 = VERTEX_POINT ( 'NONE', #4174 ) ;
#3962 = CARTESIAN_POINT ( 'NONE',  ( -46.94045648118299141, -0.02105060048433255934, 0.7795275590551181688 ) ) ;
#3963 = EDGE_LOOP ( 'NONE', ( #5451, #628, #1993, #5975 ) ) ;
#3964 = ORIENTED_EDGE ( 'NONE', *, *, #2319, .F. ) ;
#3965 = DIRECTION ( 'NONE',  ( 0.000000000000000000, 0.000000000000000000, 1.000000000000000000 ) ) ;
#3966 = CARTESIAN_POINT ( 'NONE',  ( 0.1294386873875956745, -0.1450663485158281418, 0.7952755905511811330 ) ) ;
#3967 = CYLINDRICAL_SURFACE ( 'NONE', #1436, 0.03149606299212252131 ) ;
#3968 = ADVANCED_FACE ( 'NONE', ( #5509 ), #4974, .F. ) ;
#3969 = LINE ( 'NONE', #2926, #2621 ) ;
#3970 = ADVANCED_FACE ( 'NONE', ( #2724 ), #1697, .F. ) ;
#3971 = ORIENTED_EDGE ( 'NONE', *, *, #1064, .F. ) ;
#3972 = ORIENTED_EDGE ( 'NONE', *, *, #279, .T. ) ;
#3973 = DIRECTION ( 'NONE',  ( -0.7071067811866260655, -0.7071067811864689689, 0.000000000000000000 ) ) ;
#3974 =( NAMED_UNIT ( * ) SI_UNIT ( $, .STERADIAN. ) SOLID_ANGLE_UNIT ( ) );
#3975 = LINE ( 'NONE', #2470, #3617 ) ;
#3976 = EDGE_CURVE ( 'NONE', #3068, #4635, #5601, .T. ) ;
#3977 = ORIENTED_EDGE ( 'NONE', *, *, #1675, .F. ) ;
#3978 = LINE ( 'NONE', #404, #1544 ) ;
#3979 = ADVANCED_FACE ( 'NONE', ( #2166 ), #338, .T. ) ;
#3980 = AXIS2_PLACEMENT_3D ( 'NONE', #5228, #1865, #5634 ) ;
#3981 = CARTESIAN_POINT ( 'NONE',  ( -0.1717424149746413220, 0.03800451762590591198, 0.7795275590551181688 ) ) ;
#3982 = DIRECTION ( 'NONE',  ( 1.000000000000000000, 0.000000000000000000, 0.000000000000000000 ) ) ;
#3983 = CARTESIAN_POINT ( 'NONE',  ( 0.2140843566789031316, -26.10134632421826950, 0.7795275590551181688 ) ) ;
#3984 = ORIENTED_EDGE ( 'NONE', *, *, #3022, .T. ) ;
#3985 = ORIENTED_EDGE ( 'NONE', *, *, #533, .F. ) ;
#3986 = VECTOR ( 'NONE', #1252, 39.37007874015748143 ) ;
#3987 = VERTEX_POINT ( 'NONE', #4517 ) ;
#3988 = DIRECTION ( 'NONE',  ( 1.000000000000000000, 0.000000000000000000, 0.000000000000000000 ) ) ;
#3989 = VECTOR ( 'NONE', #2683, 39.37007874015748143 ) ;
#3990 = VECTOR ( 'NONE', #1411, 39.37007874015748143 ) ;
#3991 = DIRECTION ( 'NONE',  ( 1.000000000000000000, 2.467162276945064886E-13, 0.000000000000000000 ) ) ;
#3992 = ORIENTED_EDGE ( 'NONE', *, *, #3452, .T. ) ;
#3993 = LINE ( 'NONE', #4985, #5486 ) ;
#3994 = VERTEX_POINT ( 'NONE', #3151 ) ;
#3995 = ORIENTED_EDGE ( 'NONE', *, *, #324, .F. ) ;
#3996 = COLOUR_RGB ( '',0.7921568627450980005, 0.8196078431372548767, 0.9333333333333333481 ) ;
#3997 = COLOUR_RGB ( '',0.7921568627450980005, 0.8196078431372548767, 0.9333333333333333481 ) ;
#3998 = LINE ( 'NONE', #5891, #960 ) ;
#3999 = PLANE ( 'NONE',  #5580 ) ;
#4000 = VECTOR ( 'NONE', #2780, 39.37007874015748854 ) ;
#4001 = DIRECTION ( 'NONE',  ( 1.000000000000000000, 0.000000000000000000, 0.000000000000000000 ) ) ;
#4002 = CARTESIAN_POINT ( 'NONE',  ( 0.2652654590411374080, -0.001365561114251630020, 0.5433070866141732624 ) ) ;
#4003 = VECTOR ( 'NONE', #3762, 39.37007874015748143 ) ;
#4004 = DIRECTION ( 'NONE',  ( 0.000000000000000000, 0.000000000000000000, 1.000000000000000000 ) ) ;
#4005 = ORIENTED_EDGE ( 'NONE', *, *, #2771, .T. ) ;
#4006 = ORIENTED_EDGE ( 'NONE', *, *, #4966, .F. ) ;
#4007 = VECTOR ( 'NONE', #4601, 39.37007874015748143 ) ;
#4009 = ADVANCED_FACE ( 'NONE', ( #378 ), #4147, .F. ) ;
#4008 = VECTOR ( 'NONE', #2527, 39.37007874015748143 ) ;
#4010 = EDGE_CURVE ( 'NONE', #3949, #161, #1232, .T. ) ;
#4011 = DIRECTION ( 'NONE',  ( 0.000000000000000000, 1.000000000000000000, 0.000000000000000000 ) ) ;
#4012 = CARTESIAN_POINT ( 'NONE',  ( -10.40244755711295355, 10.52071753378224628, 0.7283464566929134243 ) ) ;
#4013 = CARTESIAN_POINT ( 'NONE',  ( -0.2859156433211031412, 0.03800451762590591198, 0.7952755905511811330 ) ) ;
#4014 = CIRCLE ( 'NONE', #4219, 0.009842519685033915972 ) ;
#4015 = ORIENTED_EDGE ( 'NONE', *, *, #3637, .F. ) ;
#4016 = PLANE ( 'NONE',  #5100 ) ;
#4017 = EDGE_CURVE ( 'NONE', #3782, #2574, #3085, .T. ) ;
#4018 = AXIS2_PLACEMENT_3D ( 'NONE', #3402, #5298, #5818 ) ;
#4019 = CYLINDRICAL_SURFACE ( 'NONE', #5581, 0.01574803149606296415 ) ;
#4020 = CARTESIAN_POINT ( 'NONE',  ( 0.1451867188836220568, -26.10134632421826950, 0.7795275590551181688 ) ) ;
#4021 = LINE ( 'NONE', #5411, #4377 ) ;
#4022 = ORIENTED_EDGE ( 'NONE', *, *, #1186, .T. ) ;
#4023 = ADVANCED_FACE ( 'NONE', ( #801 ), #1797, .F. ) ;
#4024 = EDGE_LOOP ( 'NONE', ( #5385, #374, #4619, #217 ) ) ;
#4025 = EDGE_LOOP ( 'NONE', ( #144, #3147, #2994, #2657 ) ) ;
#4026 = CARTESIAN_POINT ( 'NONE',  ( 0.1510922306946844429, -26.00086416922701460, 0.7952755905511811330 ) ) ;
#4027 = EDGE_CURVE ( 'NONE', #1551, #2461, #3211, .T. ) ;
#4028 = PLANE ( 'NONE',  #2010 ) ;
#4029 = ORIENTED_EDGE ( 'NONE', *, *, #3070, .F. ) ;
#4030 = PLANE ( 'NONE',  #346 ) ;
#4031 = ORIENTED_EDGE ( 'NONE', *, *, #654, .F. ) ;
#4032 = ORIENTED_EDGE ( 'NONE', *, *, #4085, .F. ) ;
#4033 = DIRECTION ( 'NONE',  ( 0.000000000000000000, 1.000000000000000000, 0.000000000000000000 ) ) ;
#4034 = CARTESIAN_POINT ( 'NONE',  ( -37.20278142986673231, -36.74890063900677006, 0.7775590551181102983 ) ) ;
#4035 = CARTESIAN_POINT ( 'NONE',  ( -0.2544195803289366342, -0.1450663485158281418, 0.6614173228346458266 ) ) ;
#4036 = DIRECTION ( 'NONE',  ( 1.000000000000000000, 0.000000000000000000, 0.000000000000000000 ) ) ;
#4037 = CARTESIAN_POINT ( 'NONE',  ( -37.16341135112657668, -36.78827071774693280, 0.6102362204724409711 ) ) ;
#4038 = EDGE_LOOP ( 'NONE', ( #5553, #264, #5851, #277 ) ) ;
#4039 = ORIENTED_EDGE ( 'NONE', *, *, #5681, .T. ) ;
#4040 = DIRECTION ( 'NONE',  ( 0.000000000000000000, -1.000000000000000000, 0.000000000000000000 ) ) ;
#4041 = DIRECTION ( 'NONE',  ( 0.000000000000000000, 0.000000000000000000, -1.000000000000000000 ) ) ;
#4042 = FACE_OUTER_BOUND ( 'NONE', #6064, .T. ) ;
#4043 = ORIENTED_EDGE ( 'NONE', *, *, #641, .F. ) ;
#4044 = FACE_OUTER_BOUND ( 'NONE', #3916, .T. ) ;
#4045 = CARTESIAN_POINT ( 'NONE',  ( -0.2859156433211031412, -26.10134632421826950, 0.5590551181102362266 ) ) ;
#4046 = DIRECTION ( 'NONE',  ( 0.000000000000000000, 0.000000000000000000, -1.000000000000000000 ) ) ;
#4047 = CARTESIAN_POINT ( 'NONE',  ( 0.01723396297811121899, 0.08800451762590570659, 0.7952755905511811330 ) ) ;
#4048 = VERTEX_POINT ( 'NONE', #831 ) ;
#4049 = ADVANCED_FACE ( 'NONE', ( #4638 ), #5933, .T. ) ;
#4050 = EDGE_CURVE ( 'NONE', #5676, #4744, #1732, .T. ) ;
#4051 = VERTEX_POINT ( 'NONE', #2692 ) ;
#4052 = ORIENTED_EDGE ( 'NONE', *, *, #4347, .F. ) ;
#4053 = CARTESIAN_POINT ( 'NONE',  ( -0.1993014700927137617, 0.07343758849204802541, 0.6771653543307086798 ) ) ;
#4054 = EDGE_CURVE ( 'NONE', #272, #2604, #4077, .T. ) ;
#4055 = DIRECTION ( 'NONE',  ( 0.000000000000000000, 1.000000000000000000, 0.000000000000000000 ) ) ;
#4056 = ORIENTED_EDGE ( 'NONE', *, *, #1211, .F. ) ;
#4057 = DIRECTION ( 'NONE',  ( -1.000000000000000000, 0.000000000000000000, 0.000000000000000000 ) ) ;
#4058 = EDGE_CURVE ( 'NONE', #5707, #351, #3619, .T. ) ;
#4059 = ORIENTED_EDGE ( 'NONE', *, *, #3283, .T. ) ;
#4060 = VERTEX_POINT ( 'NONE', #3178 ) ;
#4061 = FACE_OUTER_BOUND ( 'NONE', #564, .T. ) ;
#4062 = VECTOR ( 'NONE', #1983, 39.37007874015748143 ) ;
#4063 = EDGE_CURVE ( 'NONE', #1743, #4865, #5065, .T. ) ;
#4064 = DIRECTION ( 'NONE',  ( 0.000000000000000000, 0.000000000000000000, 1.000000000000000000 ) ) ;
#4065 = LINE ( 'NONE', #5951, #744 ) ;
#4066 = DIRECTION ( 'NONE',  ( 0.000000000000000000, 1.000000000000000000, 0.000000000000000000 ) ) ;
#4067 = CARTESIAN_POINT ( 'NONE',  ( -0.1717424149746065165, -0.001365561114251630020, 0.7952755905511811330 ) ) ;
#4068 = ORIENTED_EDGE ( 'NONE', *, *, #3938, .F. ) ;
#4069 = VECTOR ( 'NONE', #5234, 39.37007874015748143 ) ;
#4070 = ORIENTED_EDGE ( 'NONE', *, *, #2020, .T. ) ;
#4071 = LINE ( 'NONE', #3480, #5986 ) ;
#4072 = CARTESIAN_POINT ( 'NONE',  ( -0.2445770606454763796, -26.00086416922984256, 0.7952755905511811330 ) ) ;
#4073 = CARTESIAN_POINT ( 'NONE',  ( -46.76888308971299324, -0.001365561114251630020, 0.7795275590551181688 ) ) ;
#4074 = EDGE_LOOP ( 'NONE', ( #330, #4274, #5316, #3354 ) ) ;
#4075 = DIRECTION ( 'NONE',  ( -0.7071067811866260655, -0.7071067811864689689, 0.000000000000000000 ) ) ;
#4076 = CARTESIAN_POINT ( 'NONE',  ( 0.09361191573401889121, 0.04788640738964614063, 0.6515748031496062520 ) ) ;
#4077 = LINE ( 'NONE', #4571, #848 ) ;
#4078 = CARTESIAN_POINT ( 'NONE',  ( -0.002451076391956617286, 0.1270202656573653499, 0.5610236220472440971 ) ) ;
#4079 = ORIENTED_EDGE ( 'NONE', *, *, #59, .F. ) ;
#4080 = EDGE_LOOP ( 'NONE', ( #3198, #2074, #3910, #4088 ) ) ;
#4081 = VERTEX_POINT ( 'NONE', #3831 ) ;
#4082 = CARTESIAN_POINT ( 'NONE',  ( 0.1510922306946494154, -26.10134632421826950, 0.5433070866141732624 ) ) ;
#4083 = CLOSED_SHELL ( 'NONE', ( #652, #3645, #3639, #1404, #4956, #1944, #4468, #6090, #4742, #5232, #1000, #2313, #3063, #3554, #5942, #3298, #4925, #5791, #2809, #4737, #854, #3754, #890, #4215, #982, #1134, #2925, #734, #3174, #5342, #580, #5305, #1297, #1899, #5384, #89, #4692, #1151, #1761, #2499, #3097, #4176, #6029, #4320, #2131, #797, #1633, #320, #1559, #5608, #5153, #128, #3181, #2540, #3785, #4105, #2559, #193, #2062, #5528, #1402, #246, #5855, #1647, #2058, #3334, #4459, #4199, #1747, #17, #3405, #1722, #5756, #1293 ) ) ;
#4084 = LINE ( 'NONE', #3247, #113 ) ;
#4085 = EDGE_CURVE ( 'NONE', #4618, #2631, #6116, .T. ) ;
#4086 = EDGE_CURVE ( 'NONE', #5837, #1484, #4290, .T. ) ;
#4087 = CARTESIAN_POINT ( 'NONE',  ( -0.1205613126124072954, 0.07343758849204802541, 0.6614173228346458266 ) ) ;
#4088 = ORIENTED_EDGE ( 'NONE', *, *, #4058, .F. ) ;
#4089 = VECTOR ( 'NONE', #4643, 39.37007874015748143 ) ;
#4090 = CARTESIAN_POINT ( 'NONE',  ( -0.04772666694311086116, -0.1450663485158281418, 0.6614173228346458266 ) ) ;
#4091 = VERTEX_POINT ( 'NONE', #5718 ) ;
#4092 = VERTEX_POINT ( 'NONE', #553 ) ;
#4093 = LINE ( 'NONE', #5982, #2442 ) ;
#4094 = VECTOR ( 'NONE', #2259, 39.37007874015748143 ) ;
#4095 = EDGE_CURVE ( 'NONE', #2548, #4858, #1858, .T. ) ;
#4096 = CARTESIAN_POINT ( 'NONE',  ( -0.1717424149746413220, 0.03800451762590591198, 0.7952755905511811330 ) ) ;
#4097 = LINE ( 'NONE', #1311, #64 ) ;
#4098 = LINE ( 'NONE', #296, #931 ) ;
#4099 = CARTESIAN_POINT ( 'NONE',  ( -0.04772666694311086116, -26.00086416922701460, 0.7952755905511811330 ) ) ;
#4100 = EDGE_LOOP ( 'NONE', ( #1548, #5518, #5352, #4226 ) ) ;
#4101 = VECTOR ( 'NONE', #3004, 39.37007874015748143 ) ;
#4102 = VECTOR ( 'NONE', #4041, 39.37007874015748143 ) ;
#4103 = EDGE_CURVE ( 'NONE', #5845, #4618, #6088, .T. ) ;
#4104 = VERTEX_POINT ( 'NONE', #3740 ) ;
#4105 = ADVANCED_FACE ( 'NONE', ( #3268 ), #2351, .T. ) ;
#4106 = VECTOR ( 'NONE', #871, 39.37007874015748143 ) ;
#4107 = VECTOR ( 'NONE', #5992, 39.37007874015748143 ) ;
#4108 = LINE ( 'NONE', #6081, #3515 ) ;
#4109 = DIRECTION ( 'NONE',  ( 0.000000000000000000, 0.000000000000000000, 1.000000000000000000 ) ) ;
#4110 = CARTESIAN_POINT ( 'NONE',  ( 0.1451867188836220568, 0.08800451762590570659, 0.7952755905511811330 ) ) ;
#4111 = VECTOR ( 'NONE', #248, 39.37007874015748143 ) ;
#4112 = CIRCLE ( 'NONE', #4403, 0.01574803149606125718 ) ;
#4113 = ORIENTED_EDGE ( 'NONE', *, *, #5176, .F. ) ;
#4114 = CARTESIAN_POINT ( 'NONE',  ( 0.01723396297811121899, 0.1549336514841702650, 0.5433070866141732624 ) ) ;
#4115 = VECTOR ( 'NONE', #1978, 39.37007874015748143 ) ;
#4116 = CARTESIAN_POINT ( 'NONE',  ( 0.09203711258444587096, 0.03800451762590591198, 0.7952755905511811330 ) ) ;
#4117 = DIRECTION ( 'NONE',  ( 0.000000000000000000, 0.000000000000000000, -1.000000000000000000 ) ) ;
#4118 = CARTESIAN_POINT ( 'NONE',  ( -46.94045648118299141, 0.03800451762590591198, 0.7795275590551181688 ) ) ;
#4119 = ORIENTED_EDGE ( 'NONE', *, *, #3484, .F. ) ;
#4120 = ORIENTED_EDGE ( 'NONE', *, *, #3534, .F. ) ;
#4121 = AXIS2_PLACEMENT_3D ( 'NONE', #900, #1831, #2759 ) ;
#4122 = LINE ( 'NONE', #1774, #955 ) ;
#4123 = DIRECTION ( 'NONE',  ( 0.000000000000000000, 0.000000000000000000, -1.000000000000000000 ) ) ;
#4124 = AXIS2_PLACEMENT_3D ( 'NONE', #3350, #1121, #4839 ) ;
#4125 = EDGE_LOOP ( 'NONE', ( #3078, #2789, #5551, #1919 ) ) ;
#4126 = FACE_OUTER_BOUND ( 'NONE', #2495, .T. ) ;
#4127 = ORIENTED_EDGE ( 'NONE', *, *, #4253, .F. ) ;
#4128 = EDGE_CURVE ( 'NONE', #4870, #1470, #90, .T. ) ;
#4129 = ORIENTED_EDGE ( 'NONE', *, *, #3670, .T. ) ;
#4130 = DIRECTION ( 'NONE',  ( 0.000000000000000000, 0.000000000000000000, -1.000000000000000000 ) ) ;
#4131 = CARTESIAN_POINT ( 'NONE',  ( 0.04085601022221181655, -26.10134632421826950, 0.7795275590551181688 ) ) ;
#4132 = LINE ( 'NONE', #6073, #4496 ) ;
#4133 = DIRECTION ( 'NONE',  ( 1.000000000000000000, 0.000000000000000000, 0.000000000000000000 ) ) ;
#4134 = ORIENTED_EDGE ( 'NONE', *, *, #2731, .F. ) ;
#4135 = DIRECTION ( 'NONE',  ( 1.000000000000000000, 0.000000000000000000, 0.000000000000000000 ) ) ;
#4136 = EDGE_CURVE ( 'NONE', #3414, #1550, #2407, .T. ) ;
#4137 = EDGE_CURVE ( 'NONE', #2996, #4081, #5248, .T. ) ;
#4138 = VERTEX_POINT ( 'NONE', #1010 ) ;
#4139 = EDGE_CURVE ( 'NONE', #1664, #4541, #61, .T. ) ;
#4140 = LINE ( 'NONE', #1316, #648 ) ;
#4141 = FACE_OUTER_BOUND ( 'NONE', #536, .T. ) ;
#4142 = LINE ( 'NONE', #5502, #1940 ) ;
#4143 = EDGE_CURVE ( 'NONE', #1884, #183, #5657, .T. ) ;
#4144 = EDGE_LOOP ( 'NONE', ( #5029, #3875, #2149, #2647 ) ) ;
#4145 = FACE_OUTER_BOUND ( 'NONE', #4100, .T. ) ;
#4146 = DIRECTION ( 'NONE',  ( 0.000000000000000000, 1.000000000000000000, 0.000000000000000000 ) ) ;
#4147 = PLANE ( 'NONE',  #2035 ) ;
#4148 = DIRECTION ( 'NONE',  ( -0.7071067811864688579, -0.7071067811866259545, 0.000000000000000000 ) ) ;
#4149 = ORIENTED_EDGE ( 'NONE', *, *, #5947, .F. ) ;
#4150 = ORIENTED_EDGE ( 'NONE', *, *, #508, .F. ) ;
#4151 = CARTESIAN_POINT ( 'NONE',  ( -0.3449707614313327064, 0.1719021554211809244, 0.5433070866141732624 ) ) ;
#4152 = DIRECTION ( 'NONE',  ( 1.000000000000000000, 0.000000000000000000, 0.000000000000000000 ) ) ;
#4153 = FACE_OUTER_BOUND ( 'NONE', #444, .T. ) ;
#4154 = ORIENTED_EDGE ( 'NONE', *, *, #5990, .F. ) ;
#4155 = ORIENTED_EDGE ( 'NONE', *, *, #5088, .T. ) ;
#4156 = EDGE_LOOP ( 'NONE', ( #4154, #717, #2726, #1644 ) ) ;
#4157 = CARTESIAN_POINT ( 'NONE',  ( -46.94045648118299141, 0.002571446759763685360, 0.7952755905511811330 ) ) ;
#4158 = DIRECTION ( 'NONE',  ( -1.000000000000000000, 0.000000000000000000, 0.000000000000000000 ) ) ;
#4159 = LINE ( 'NONE', #2901, #3312 ) ;
#4160 = FACE_OUTER_BOUND ( 'NONE', #5461, .T. ) ;
#4161 = ORIENTED_EDGE ( 'NONE', *, *, #4136, .T. ) ;
#4162 = DIRECTION ( 'NONE',  ( 0.000000000000000000, 0.000000000000000000, 1.000000000000000000 ) ) ;
#4163 = VERTEX_POINT ( 'NONE', #980 ) ;
#4164 = ORIENTED_EDGE ( 'NONE', *, *, #4629, .T. ) ;
#4165 = EDGE_CURVE ( 'NONE', #3339, #476, #3243, .T. ) ;
#4166 = EDGE_CURVE ( 'NONE', #1852, #4458, #4755, .T. ) ;
#4167 = LINE ( 'NONE', #5593, #4691 ) ;
#4168 = AXIS2_PLACEMENT_3D ( 'NONE', #2269, #5113, #880 ) ;
#4169 = DIRECTION ( 'NONE',  ( 0.000000000000000000, -1.000000000000000000, 0.000000000000000000 ) ) ;
#4170 = ORIENTED_EDGE ( 'NONE', *, *, #1683, .F. ) ;
#4171 = CARTESIAN_POINT ( 'NONE',  ( -0.1126872968644029582, 0.03800451762590591198, 0.5433070866141732624 ) ) ;
#4172 = EDGE_CURVE ( 'NONE', #4581, #4858, #1447, .T. ) ;
#4173 = LINE ( 'NONE', #3679, #3008 ) ;
#4174 = CARTESIAN_POINT ( 'NONE',  ( -0.1993014700927137617, 0.03800451762590591198, 0.6614173228346458266 ) ) ;
#4175 = LINE ( 'NONE', #4047, #4577 ) ;
#4176 = ADVANCED_FACE ( 'NONE', ( #466 ), #5155, .T. ) ;
#4177 = ORIENTED_EDGE ( 'NONE', *, *, #5687, .T. ) ;
#4178 = LINE ( 'NONE', #4082, #5700 ) ;
#4179 = DIRECTION ( 'NONE',  ( 0.000000000000000000, 0.000000000000000000, 1.000000000000000000 ) ) ;
#4180 = ORIENTED_EDGE ( 'NONE', *, *, #4895, .T. ) ;
#4181 = CARTESIAN_POINT ( 'NONE',  ( -0.2859156433211031412, -26.10134632421826950, 0.7952755905511811330 ) ) ;
#4182 = VERTEX_POINT ( 'NONE', #5628 ) ;
#4183 = PRODUCT_RELATED_PRODUCT_CATEGORY ( 'part', '', ( #1768 ) ) ;
#4184 = ORIENTED_EDGE ( 'NONE', *, *, #5681, .F. ) ;
#4185 = PLANE ( 'NONE',  #1591 ) ;
#4186 = LINE ( 'NONE', #5139, #765 ) ;
#4187 = VECTOR ( 'NONE', #4609, 39.37007874015748143 ) ;
#4188 = DIRECTION ( 'NONE',  ( 0.000000000000000000, 1.000000000000000000, 0.000000000000000000 ) ) ;
#4189 = LINE ( 'NONE', #5617, #3711 ) ;
#4190 = ORIENTED_EDGE ( 'NONE', *, *, #3022, .F. ) ;
#4191 = DIRECTION ( 'NONE',  ( 0.000000000000000000, 0.000000000000000000, -1.000000000000000000 ) ) ;
#4192 = ORIENTED_EDGE ( 'NONE', *, *, #996, .T. ) ;
#4193 = CIRCLE ( 'NONE', #1421, 0.03149606299212252131 ) ;
#4194 = DIRECTION ( 'NONE',  ( 0.000000000000000000, 0.000000000000000000, -1.000000000000000000 ) ) ;
#4195 = VECTOR ( 'NONE', #3943, 39.37007874015748143 ) ;
#4196 = CARTESIAN_POINT ( 'NONE',  ( -46.94045648118299141, -0.02105060048433255934, 0.7952755905511811330 ) ) ;
#4197 = VECTOR ( 'NONE', #519, 39.37007874015748854 ) ;
#4198 = CARTESIAN_POINT ( 'NONE',  ( 0.09203711258444587096, -0.001365561114251630020, 0.7952755905511811330 ) ) ;
#4199 = ADVANCED_FACE ( 'NONE', ( #2839 ), #5218, .T. ) ;
#4200 = VECTOR ( 'NONE', #319, 39.37007874015748143 ) ;
#4201 = VECTOR ( 'NONE', #4464, 39.37007874015748854 ) ;
#4202 = FILL_AREA_STYLE ('',( #4662 ) ) ;
#4203 = CARTESIAN_POINT ( 'NONE',  ( -37.18309639050716697, -36.76858567837090419, 0.6102362204724409711 ) ) ;
#4204 = PLANE ( 'NONE',  #2218 ) ;
#4205 = VECTOR ( 'NONE', #1141, 39.37007874015748143 ) ;
#4206 = AXIS2_PLACEMENT_3D ( 'NONE', #1528, #3419, #2832 ) ;
#4207 = ORIENTED_EDGE ( 'NONE', *, *, #3290, .F. ) ;
#4208 = EDGE_CURVE ( 'NONE', #4604, #662, #493, .T. ) ;
#4209 = ORIENTED_EDGE ( 'NONE', *, *, #3565, .F. ) ;
#4210 = LINE ( 'NONE', #3183, #5696 ) ;
#4211 = FACE_OUTER_BOUND ( 'NONE', #289, .T. ) ;
#4212 = AXIS2_PLACEMENT_3D ( 'NONE', #1225, #333, #2189 ) ;
#4213 = VECTOR ( 'NONE', #1313, 39.37007874015748143 ) ;
#4214 = LINE ( 'NONE', #2180, #732 ) ;
#4215 = ADVANCED_FACE ( 'NONE', ( #26 ), #610, .T. ) ;
#4216 = CARTESIAN_POINT ( 'NONE',  ( 0.01723396297811121899, 0.1549336514841702650, 0.7952755905511811330 ) ) ;
#4217 = ORIENTED_EDGE ( 'NONE', *, *, #1874, .T. ) ;
#4218 = CARTESIAN_POINT ( 'NONE',  ( -0.1323723362344881860, -26.10134632421826950, 0.5433070866141732624 ) ) ;
#4219 = AXIS2_PLACEMENT_3D ( 'NONE', #1802, #2199, #4641 ) ;
#4220 = ORIENTED_EDGE ( 'NONE', *, *, #584, .T. ) ;
#4221 = ORIENTED_EDGE ( 'NONE', *, *, #508, .T. ) ;
#4222 = LINE ( 'NONE', #1871, #4950 ) ;
#4223 = CARTESIAN_POINT ( 'NONE',  ( -0.01032509213999598455, 0.1699336514841340851, 0.7283464566929134243 ) ) ;
#4224 = VECTOR ( 'NONE', #1466, 39.37007874015748143 ) ;
#4225 = CARTESIAN_POINT ( 'NONE',  ( -0.3213487141872058972, -0.001365561114251630020, 0.7952755905511811330 ) ) ;
#4226 = ORIENTED_EDGE ( 'NONE', *, *, #427, .F. ) ;
#4227 = FACE_OUTER_BOUND ( 'NONE', #3206, .T. ) ;
#4228 = EDGE_LOOP ( 'NONE', ( #4863, #861, #2610, #2203 ) ) ;
#4229 = PLANE ( 'NONE',  #552 ) ;
#4230 = PLANE ( 'NONE',  #149 ) ;
#4231 = CARTESIAN_POINT ( 'NONE',  ( 0.1510922306946494154, -0.02105060048433255934, 0.7952755905511811330 ) ) ;
#4232 = DIRECTION ( 'NONE',  ( -0.2064491695655964743, 0.9784573268087246589, 0.000000000000000000 ) ) ;
#4233 = DIRECTION ( 'NONE',  ( -1.000000000000000000, 0.000000000000000000, 0.000000000000000000 ) ) ;
#4234 = DIRECTION ( 'NONE',  ( 0.000000000000000000, 0.000000000000000000, 1.000000000000000000 ) ) ;
#4235 = EDGE_LOOP ( 'NONE', ( #5880, #4052, #43, #3588 ) ) ;
#4236 = CARTESIAN_POINT ( 'NONE',  ( -0.1993014700927137617, 0.07343758849204802541, 0.6614173228346458266 ) ) ;
#4237 = DIRECTION ( 'NONE',  ( -1.552759475000175028E-13, 1.000000000000000000, 0.000000000000000000 ) ) ;
#4238 = EDGE_CURVE ( 'NONE', #5845, #2856, #5742, .T. ) ;
#4239 = DIRECTION ( 'NONE',  ( 6.083413833562430927E-14, -1.000000000000000000, 0.000000000000000000 ) ) ;
#4240 = EDGE_CURVE ( 'NONE', #2700, #2403, #1131, .T. ) ;
#4241 = EDGE_LOOP ( 'NONE', ( #579, #4700, #1738, #1815 ) ) ;
#4242 = PLANE ( 'NONE',  #3504 ) ;
#4243 = ORIENTED_EDGE ( 'NONE', *, *, #96, .F. ) ;
#4244 = ORIENTED_EDGE ( 'NONE', *, *, #2095, .T. ) ;
#4245 = DIRECTION ( 'NONE',  ( 0.000000000000000000, 0.000000000000000000, -1.000000000000000000 ) ) ;
#4246 = CARTESIAN_POINT ( 'NONE',  ( 0.1786512858127917436, 0.03800451762590591198, 0.6614173228346458266 ) ) ;
#4247 = DIRECTION ( 'NONE',  ( 0.000000000000000000, 1.000000000000000000, 0.000000000000000000 ) ) ;
#4248 = EDGE_CURVE ( 'NONE', #3098, #4824, #2932, .T. ) ;
#4249 = CARTESIAN_POINT ( 'NONE',  ( 0.09203711258441102383, 0.002571446759763685360, 0.7795275590551181688 ) ) ;
#4250 = ORIENTED_EDGE ( 'NONE', *, *, #2274, .T. ) ;
#4251 = CARTESIAN_POINT ( 'NONE',  ( 0.1097536480174842732, 0.1549336514841702650, 0.7952755905511811330 ) ) ;
#4252 = VERTEX_POINT ( 'NONE', #5279 ) ;
#4253 = EDGE_CURVE ( 'NONE', #441, #4252, #4822, .T. ) ;
#4254 = DIRECTION ( 'NONE',  ( 0.000000000000000000, -1.000000000000000000, 0.000000000000000000 ) ) ;
#4255 = DIRECTION ( 'NONE',  ( 0.000000000000000000, 0.000000000000000000, 1.000000000000000000 ) ) ;
#4256 = FACE_OUTER_BOUND ( 'NONE', #1605, .T. ) ;
#4257 = ORIENTED_EDGE ( 'NONE', *, *, #6104, .T. ) ;
#4258 = VECTOR ( 'NONE', #2790, 39.37007874015748143 ) ;
#4259 = DIRECTION ( 'NONE',  ( 0.000000000000000000, 0.000000000000000000, -1.000000000000000000 ) ) ;
#4260 = CARTESIAN_POINT ( 'NONE',  ( -0.2859156433211031412, 0.03800451762590591198, 0.7952755905511811330 ) ) ;
#4261 = DIRECTION ( 'NONE',  ( 0.000000000000000000, 0.000000000000000000, 1.000000000000000000 ) ) ;
#4262 = ORIENTED_EDGE ( 'NONE', *, *, #684, .T. ) ;
#4263 = DIRECTION ( 'NONE',  ( -0.7071067811864688579, 0.7071067811866259545, 4.444328744010334510E-17 ) ) ;
#4264 = DIRECTION ( 'NONE',  ( 0.000000000000000000, -1.000000000000000000, -5.421010862427369920E-15 ) ) ;
#4265 = DIRECTION ( 'NONE',  ( 1.000000000000000000, 0.000000000000000000, 0.000000000000000000 ) ) ;
#4266 = FACE_OUTER_BOUND ( 'NONE', #3646, .T. ) ;
#4267 = VERTEX_POINT ( 'NONE', #5372 ) ;
#4268 = ORIENTED_EDGE ( 'NONE', *, *, #2504, .F. ) ;
#4269 = ORIENTED_EDGE ( 'NONE', *, *, #3108, .T. ) ;
#4270 = CARTESIAN_POINT ( 'NONE',  ( -0.2977266669431137824, 0.03800451762590591198, 0.7952755905511811330 ) ) ;
#4271 = EDGE_CURVE ( 'NONE', #4660, #4752, #3975, .T. ) ;
#4272 = EDGE_CURVE ( 'NONE', #4051, #5016, #2634, .T. ) ;
#4273 = DIRECTION ( 'NONE',  ( 0.000000000000000000, 1.000000000000000000, 0.000000000000000000 ) ) ;
#4274 = ORIENTED_EDGE ( 'NONE', *, *, #1410, .T. ) ;
#4275 = PLANE ( 'NONE',  #3799 ) ;
#4276 = EDGE_LOOP ( 'NONE', ( #3275, #340, #5416, #5237 ) ) ;
#4277 = ORIENTED_EDGE ( 'NONE', *, *, #1599, .T. ) ;
#4278 = EDGE_CURVE ( 'NONE', #4520, #3042, #240, .T. ) ;
#4279 = CARTESIAN_POINT ( 'NONE',  ( -46.94045648118299141, -0.02892461623236318793, 0.5433070866141732624 ) ) ;
#4280 = VECTOR ( 'NONE', #3865, 39.37007874015748143 ) ;
#4281 = LINE ( 'NONE', #948, #4003 ) ;
#4282 = DIRECTION ( 'NONE',  ( 0.000000000000000000, -1.000000000000000000, 0.000000000000000000 ) ) ;
#4283 = EDGE_CURVE ( 'NONE', #468, #2110, #3427, .T. ) ;
#4284 = DIRECTION ( 'NONE',  ( 0.000000000000000000, 0.000000000000000000, -1.000000000000000000 ) ) ;
#4285 = VECTOR ( 'NONE', #5225, 39.37007874015748143 ) ;
#4286 = ORIENTED_EDGE ( 'NONE', *, *, #1146, .T. ) ;
#4287 = EDGE_CURVE ( 'NONE', #206, #2461, #211, .T. ) ;
#4288 = VECTOR ( 'NONE', #4873, 39.37007874015748143 ) ;
#4289 = CARTESIAN_POINT ( 'NONE',  ( 0.09203711258444587096, 0.03800451762590591198, 0.7795275590551181688 ) ) ;
#4290 = LINE ( 'NONE', #4203, #4000 ) ;
#4291 = DIRECTION ( 'NONE',  ( 1.000000000000000000, 0.000000000000000000, 0.000000000000000000 ) ) ;
#4292 = DIMENSIONAL_EXPONENTS ( 1.000000000000000000, 0.000000000000000000, 0.000000000000000000, 0.000000000000000000, 0.000000000000000000, 0.000000000000000000, 0.000000000000000000 ) ;
#4293 = VECTOR ( 'NONE', #1422, 39.37007874015748143 ) ;
#4294 = VECTOR ( 'NONE', #694, 39.37007874015748143 ) ;
#4295 = ORIENTED_EDGE ( 'NONE', *, *, #358, .T. ) ;
#4296 = CARTESIAN_POINT ( 'NONE',  ( -0.1126872968643679029, 0.03800451762590591198, 0.7795275590551181688 ) ) ;
#4297 = PLANE ( 'NONE',  #2782 ) ;
#4298 = AXIS2_PLACEMENT_3D ( 'NONE', #5083, #2766, #1985 ) ;
#4299 = PLANE ( 'NONE',  #5371 ) ;
#4300 = CIRCLE ( 'NONE', #4493, 0.02204724409448398023 ) ;
#4301 = DIRECTION ( 'NONE',  ( -0.9784573268087247699, -0.2064491695655965020, 0.000000000000000000 ) ) ;
#4302 = DIRECTION ( 'NONE',  ( 0.000000000000000000, 0.000000000000000000, 1.000000000000000000 ) ) ;
#4303 = ORIENTED_EDGE ( 'NONE', *, *, #3406, .T. ) ;
#4304 = ORIENTED_EDGE ( 'NONE', *, *, #5254, .T. ) ;
#4305 = EDGE_LOOP ( 'NONE', ( #5324, #2712, #2959, #5545 ) ) ;
#4306 = VECTOR ( 'NONE', #640, 39.37007874015748143 ) ;
#4307 = DIRECTION ( 'NONE',  ( 1.000000000000000000, 0.000000000000000000, 0.000000000000000000 ) ) ;
#4308 = VECTOR ( 'NONE', #1789, 39.37007874015748143 ) ;
#4309 = LINE ( 'NONE', #995, #2930 ) ;
#4310 = CARTESIAN_POINT ( 'NONE',  ( -0.1461518637935025622, -0.1450663485158281418, 0.7952755905511811330 ) ) ;
#4311 = VECTOR ( 'NONE', #2410, 39.37007874015748143 ) ;
#4312 = ORIENTED_EDGE ( 'NONE', *, *, #4172, .F. ) ;
#4313 = DIRECTION ( 'NONE',  ( 1.000000000000000000, 0.000000000000000000, 0.000000000000000000 ) ) ;
#4314 = ORIENTED_EDGE ( 'NONE', *, *, #2274, .F. ) ;
#4315 = ORIENTED_EDGE ( 'NONE', *, *, #2438, .F. ) ;
#4316 = DIRECTION ( 'NONE',  ( -1.000000000000000000, 0.000000000000000000, 0.000000000000000000 ) ) ;
#4317 = VECTOR ( 'NONE', #3663, 39.37007874015748143 ) ;
#4318 = CARTESIAN_POINT ( 'NONE',  ( -0.2445770606439027772, -0.001365561114251630020, 0.7952755905511811330 ) ) ;
#4319 = CARTESIAN_POINT ( 'NONE',  ( -0.3804038322974441777, 0.03800451762590591198, 0.6614173228346458266 ) ) ;
#4320 = ADVANCED_FACE ( 'NONE', ( #1595 ), #2094, .T. ) ;
#4321 = PLANE ( 'NONE',  #4504 ) ;
#4322 = EDGE_CURVE ( 'NONE', #4596, #415, #3883, .T. ) ;
#4323 = ORIENTED_EDGE ( 'NONE', *, *, #5613, .F. ) ;
#4324 = EDGE_CURVE ( 'NONE', #504, #5304, #5313, .T. ) ;
#4325 = PLANE ( 'NONE',  #2905 ) ;
#4326 = DIRECTION ( 'NONE',  ( 1.000000000000000000, 0.000000000000000000, 0.000000000000000000 ) ) ;
#4327 = PLANE ( 'NONE',  #6065 ) ;
#4328 = EDGE_CURVE ( 'NONE', #1143, #4474, #2128, .T. ) ;
#4329 = ORIENTED_EDGE ( 'NONE', *, *, #4166, .F. ) ;
#4330 = DIRECTION ( 'NONE',  ( 0.000000000000000000, -1.000000000000000000, 0.000000000000000000 ) ) ;
#4331 = DIRECTION ( 'NONE',  ( 0.000000000000000000, -1.000000000000000000, 0.000000000000000000 ) ) ;
#4332 = LINE ( 'NONE', #97, #1931 ) ;
#4333 = CARTESIAN_POINT ( 'NONE',  ( 3.517520943451260429, -15.45498776379866257, 0.7952755905511811330 ) ) ;
#4334 = CARTESIAN_POINT ( 'NONE',  ( 0.09361191573401889121, 0.04001239164161551204, 0.5610236220472440971 ) ) ;
#4335 = ORIENTED_EDGE ( 'NONE', *, *, #894, .T. ) ;
#4336 = VERTEX_POINT ( 'NONE', #4473 ) ;
#4337 = ORIENTED_EDGE ( 'NONE', *, *, #5606, .F. ) ;
#4338 = ORIENTED_EDGE ( 'NONE', *, *, #5715, .F. ) ;
#4339 = ORIENTED_EDGE ( 'NONE', *, *, #4010, .F. ) ;
#4340 = PLANE ( 'NONE',  #3299 ) ;
#4341 = ORIENTED_EDGE ( 'NONE', *, *, #3368, .F. ) ;
#4342 = FACE_OUTER_BOUND ( 'NONE', #1147, .T. ) ;
#4343 = CARTESIAN_POINT ( 'NONE',  ( -0.3111124937147940472, 0.04001239164161551204, 0.3838582677165354173 ) ) ;
#4344 = CARTESIAN_POINT ( 'NONE',  ( -0.1717424149746065165, -0.001365561114251630020, 0.7795275590551181688 ) ) ;
#4345 = CARTESIAN_POINT ( 'NONE',  ( -46.76888308971299324, -0.001365561114251630020, 0.5433070866141732624 ) ) ;
#4346 = VERTEX_POINT ( 'NONE', #2956 ) ;
#4347 = EDGE_CURVE ( 'NONE', #4474, #2341, #3483, .T. ) ;
#4348 = EDGE_CURVE ( 'NONE', #2467, #911, #2037, .T. ) ;
#4349 =( NAMED_UNIT ( * ) SI_UNIT ( $, .STERADIAN. ) SOLID_ANGLE_UNIT ( ) );
#4350 = CARTESIAN_POINT ( 'NONE',  ( -0.3804038322974441777, -26.00086416922701460, 0.6771653543307086798 ) ) ;
#4351 = PLANE ( 'NONE',  #3001 ) ;
#4352 = ORIENTED_EDGE ( 'NONE', *, *, #5220, .T. ) ;
#4353 = CARTESIAN_POINT ( 'NONE',  ( 0.3035799093721252007, -0.1249909137377952922, 0.7795275590551181688 ) ) ;
#4354 = EDGE_CURVE ( 'NONE', #2843, #445, #1567, .T. ) ;
#4355 = LINE ( 'NONE', #2009, #609 ) ;
#4356 = CARTESIAN_POINT ( 'NONE',  ( 0.1491237267576722703, -0.001365561114251630020, 0.6614173228346458266 ) ) ;
#4357 = FACE_BOUND ( 'NONE', #5878, .T. ) ;
#4358 = CARTESIAN_POINT ( 'NONE',  ( -0.2642621000124059094, -26.00086416922417243, 0.6771653543307086798 ) ) ;
#4359 = EDGE_LOOP ( 'NONE', ( #5164, #1274, #4812, #6097 ) ) ;
#4360 = VECTOR ( 'NONE', #2448, 39.37007874015748143 ) ;
#4361 = ADVANCED_FACE ( 'NONE', ( #674 ), #2985, .T. ) ;
#4362 = ORIENTED_EDGE ( 'NONE', *, *, #4348, .F. ) ;
#4363 = VERTEX_POINT ( 'NONE', #5835 ) ;
#4364 = DIRECTION ( 'NONE',  ( 0.000000000000000000, 0.000000000000000000, -1.000000000000000000 ) ) ;
#4365 = DIRECTION ( 'NONE',  ( 0.7071067811865474617, -0.7071067811865474617, 0.000000000000000000 ) ) ;
#4366 = FACE_OUTER_BOUND ( 'NONE', #3528, .T. ) ;
#4367 = ORIENTED_EDGE ( 'NONE', *, *, #1169, .T. ) ;
#4368 = DIRECTION ( 'NONE',  ( 0.000000000000000000, 0.000000000000000000, 1.000000000000000000 ) ) ;
#4369 = ORIENTED_EDGE ( 'NONE', *, *, #1373, .F. ) ;
#4370 = ORIENTED_EDGE ( 'NONE', *, *, #1704, .T. ) ;
#4371 = CARTESIAN_POINT ( 'NONE',  ( -46.94045648118780178, -0.02892461624110074722, 0.7952755905511811330 ) ) ;
#4372 = DIRECTION ( 'NONE',  ( -2.413528314402430352E-14, 1.000000000000000000, 0.000000000000000000 ) ) ;
#4373 = CARTESIAN_POINT ( 'NONE',  ( 0.2770764826631570976, -0.09703485245283602345, 0.7952755905511811330 ) ) ;
#4374 = DIRECTION ( 'NONE',  ( 0.000000000000000000, 0.000000000000000000, -1.000000000000000000 ) ) ;
#4375 = ORIENTED_EDGE ( 'NONE', *, *, #6022, .T. ) ;
#4376 = VECTOR ( 'NONE', #3499, 39.37007874015748143 ) ;
#4377 = VECTOR ( 'NONE', #3057, 39.37007874015748143 ) ;
#4378 = CARTESIAN_POINT ( 'NONE',  ( -46.94045648118299141, 0.08800451762590570659, 0.7952755905511811330 ) ) ;
#4379 = EDGE_CURVE ( 'NONE', #5181, #5969, #1262, .T. ) ;
#4380 = ORIENTED_EDGE ( 'NONE', *, *, #5716, .F. ) ;
#4381 = CARTESIAN_POINT ( 'NONE',  ( -0.2977266669431137824, 0.03800451762590591198, 0.6771653543307086798 ) ) ;
#4382 = LINE ( 'NONE', #963, #3673 ) ;
#4383 = DIRECTION ( 'NONE',  ( 0.000000000000000000, 0.000000000000000000, -1.000000000000000000 ) ) ;
#4384 = DIRECTION ( 'NONE',  ( -1.000000000000000000, 0.000000000000000000, 0.000000000000000000 ) ) ;
#4385 = DIRECTION ( 'NONE',  ( 1.000000000000000000, 0.000000000000000000, 0.000000000000000000 ) ) ;
#4386 = VECTOR ( 'NONE', #5677, 39.37007874015748143 ) ;
#4387 = ORIENTED_EDGE ( 'NONE', *, *, #1292, .T. ) ;
#4389 = EDGE_CURVE ( 'NONE', #5936, #2517, #3644, .T. ) ;
#4388 = AXIS2_PLACEMENT_3D ( 'NONE', #5562, #2316, #1323 ) ;
#4390 = EDGE_CURVE ( 'NONE', #4104, #3726, #276, .T. ) ;
#4391 = ORIENTED_EDGE ( 'NONE', *, *, #387, .T. ) ;
#4392 = ORIENTED_EDGE ( 'NONE', *, *, #2319, .T. ) ;
#4393 = CARTESIAN_POINT ( 'NONE',  ( -46.94045648118299141, 0.1549336514841702650, 0.7795275590551181688 ) ) ;
#4394 = CARTESIAN_POINT ( 'NONE',  ( -0.3804038322974441777, 0.07343758849204802541, 0.6771653543307086798 ) ) ;
#4395 = AXIS2_PLACEMENT_3D ( 'NONE', #2236, #716, #2609 ) ;
#4396 = STYLED_ITEM ( 'NONE', ( #5464 ), #1643 ) ;
#4397 = EDGE_CURVE ( 'NONE', #2904, #2481, #4142, .T. ) ;
#4398 = CARTESIAN_POINT ( 'NONE',  ( -0.1008762732423220537, 0.07343758849204802541, 0.7952755905511811330 ) ) ;
#4399 = ORIENTED_EDGE ( 'NONE', *, *, #4778, .T. ) ;
#4400 = LINE ( 'NONE', #999, #4101 ) ;
#4401 = EDGE_CURVE ( 'NONE', #1555, #3109, #5557, .T. ) ;
#4402 = VECTOR ( 'NONE', #4478, 39.37007874015748143 ) ;
#4403 = AXIS2_PLACEMENT_3D ( 'NONE', #4536, #5927, #1723 ) ;
#4404 = ORIENTED_EDGE ( 'NONE', *, *, #2617, .T. ) ;
#4405 = DIRECTION ( 'NONE',  ( 0.000000000000000000, -1.000000000000000000, 0.000000000000000000 ) ) ;
#4406 = AXIS2_PLACEMENT_3D ( 'NONE', #1318, #303, #5901 ) ;
#4407 = CARTESIAN_POINT ( 'NONE',  ( 0.2140843566789031316, 0.08800451762590570659, 0.5590551181102362266 ) ) ;
#4408 = FACE_OUTER_BOUND ( 'NONE', #675, .T. ) ;
#4409 = CARTESIAN_POINT ( 'NONE',  ( -46.76888308971299324, 0.03800451762590591198, 0.7952755905511811330 ) ) ;
#4410 = ORIENTED_EDGE ( 'NONE', *, *, #2020, .F. ) ;
#4411 = AXIS2_PLACEMENT_3D ( 'NONE', #29, #5284, #472 ) ;
#4412 = CARTESIAN_POINT ( 'NONE',  ( 0.1097536480174842732, 0.1549336514841702650, 0.5590551181102362266 ) ) ;
#4413 = VECTOR ( 'NONE', #2765, 39.37007874015748143 ) ;
#4414 =( NAMED_UNIT ( * ) PLANE_ANGLE_UNIT ( ) SI_UNIT ( $, .RADIAN. ) );
#4415 = CARTESIAN_POINT ( 'NONE',  ( -46.94045648118299141, 0.03800451762590591198, 0.5590551181102362266 ) ) ;
#4416 = ORIENTED_EDGE ( 'NONE', *, *, #4017, .F. ) ;
#4417 = ORIENTED_EDGE ( 'NONE', *, *, #5257, .T. ) ;
#4418 = CARTESIAN_POINT ( 'NONE',  ( -46.94045648118299141, 0.08800451762590570659, 0.7952755905511811330 ) ) ;
#4419 = CARTESIAN_POINT ( 'NONE',  ( 0.6884938054977971511, 0.04001239164161551204, 0.7047244094488188670 ) ) ;
#4420 = LINE ( 'NONE', #186, #4892 ) ;
#4421 = CARTESIAN_POINT ( 'NONE',  ( 0.09361191573401889121, 0.04788640738964614063, 0.7047244094488188670 ) ) ;
#4422 = EDGE_LOOP ( 'NONE', ( #81, #2142, #1879, #5517 ) ) ;
#4423 = LINE ( 'NONE', #3031, #2129 ) ;
#4424 = ORIENTED_EDGE ( 'NONE', *, *, #231, .T. ) ;
#4425 = ORIENTED_EDGE ( 'NONE', *, *, #434, .F. ) ;
#4426 = CARTESIAN_POINT ( 'NONE',  ( -0.3449707614313327064, 0.1719021554211809244, 0.7795275590551181688 ) ) ;
#4427 = EDGE_CURVE ( 'NONE', #5407, #4675, #2253, .T. ) ;
#4428 = ADVANCED_FACE ( 'NONE', ( #2688 ), #1764, .T. ) ;
#4429 = CARTESIAN_POINT ( 'NONE',  ( -0.3449707614313327064, 0.1719021554211809244, 0.5590551181102362266 ) ) ;
#4430 = ORIENTED_EDGE ( 'NONE', *, *, #4010, .T. ) ;
#4431 = CARTESIAN_POINT ( 'NONE',  ( -0.2859156433210681136, -0.001365561114251630020, 0.7795275590551181688 ) ) ;
#4432 = ORIENTED_EDGE ( 'NONE', *, *, #4587, .T. ) ;
#4433 = EDGE_LOOP ( 'NONE', ( #1814, #3984, #4665, #5137 ) ) ;
#4434 = CARTESIAN_POINT ( 'NONE',  ( 0.1392812070726383855, -0.1450663485158281418, 0.7952755905511811330 ) ) ;
#4435 = EDGE_CURVE ( 'NONE', #2238, #5793, #3081, .T. ) ;
#4436 = CARTESIAN_POINT ( 'NONE',  ( -0.2977266669431488100, -0.09703485245283602345, 0.7952755905511811330 ) ) ;
#4437 = PLANE ( 'NONE',  #5877 ) ;
#4438 = LINE ( 'NONE', #633, #6085 ) ;
#4439 = ORIENTED_EDGE ( 'NONE', *, *, #3290, .T. ) ;
#4440 = EDGE_CURVE ( 'NONE', #819, #3557, #462, .T. ) ;
#4441 = VERTEX_POINT ( 'NONE', #769 ) ;
#4442 = FACE_OUTER_BOUND ( 'NONE', #651, .T. ) ;
#4443 = PLANE ( 'NONE',  #3706 ) ;
#4444 = DIRECTION ( 'NONE',  ( 0.000000000000000000, 0.000000000000000000, -1.000000000000000000 ) ) ;
#4445 = ORIENTED_EDGE ( 'NONE', *, *, #6015, .T. ) ;
#4446 = DIRECTION ( 'NONE',  ( 0.000000000000000000, -1.000000000000000000, 0.000000000000000000 ) ) ;
#4447 = DIRECTION ( 'NONE',  ( 0.000000000000000000, 1.000000000000000000, 0.000000000000000000 ) ) ;
#4448 = CARTESIAN_POINT ( 'NONE',  ( -0.1126872968643679029, 0.03800451762590591198, 0.7952755905511811330 ) ) ;
#4449 = FACE_BOUND ( 'NONE', #5926, .T. ) ;
#4450 = ORIENTED_EDGE ( 'NONE', *, *, #3358, .F. ) ;
#4451 = VERTEX_POINT ( 'NONE', #401 ) ;
#4452 = VERTEX_POINT ( 'NONE', #3205 ) ;
#4453 = PLANE ( 'NONE',  #5001 ) ;
#4454 = VECTOR ( 'NONE', #3744, 39.37007874015748143 ) ;
#4455 = PLANE ( 'NONE',  #3386 ) ;
#4456 = ORIENTED_EDGE ( 'NONE', *, *, #3416, .T. ) ;
#4457 = CARTESIAN_POINT ( 'NONE',  ( 0.09203711258444587096, 0.03800451762590591198, 0.5433070866141732624 ) ) ;
#4458 = VERTEX_POINT ( 'NONE', #4567 ) ;
#4459 = ADVANCED_FACE ( 'NONE', ( #4042 ), #1289, .T. ) ;
#4460 = EDGE_CURVE ( 'NONE', #219, #4346, #1792, .T. ) ;
#4461 = ORIENTED_EDGE ( 'NONE', *, *, #5196, .T. ) ;
#4462 = FACE_OUTER_BOUND ( 'NONE', #1120, .T. ) ;
#4463 = LINE ( 'NONE', #631, #4981 ) ;
#4464 = DIRECTION ( 'NONE',  ( 0.7071067811865474617, 0.7071067811865474617, 0.000000000000000000 ) ) ;
#4465 = CARTESIAN_POINT ( 'NONE',  ( -0.1126872968644029582, 0.03800451762590591198, 0.5590551181102362266 ) ) ;
#4466 = LINE ( 'NONE', #1687, #5678 ) ;
#4467 = ORIENTED_EDGE ( 'NONE', *, *, #2207, .T. ) ;
#4468 = ADVANCED_FACE ( 'NONE', ( #1663 ), #5061, .F. ) ;
#4469 = ORIENTED_EDGE ( 'NONE', *, *, #5994, .T. ) ;
#4470 = EDGE_CURVE ( 'NONE', #2590, #5954, #2219, .T. ) ;
#4471 = DIRECTION ( 'NONE',  ( 2.730840055651635244E-14, 1.000000000000000000, 0.000000000000000000 ) ) ;
#4472 = LINE ( 'NONE', #4012, #1433 ) ;
#4473 = CARTESIAN_POINT ( 'NONE',  ( 0.01723396297811121899, 0.08800451762590570659, 0.5433070866141732624 ) ) ;
#4474 = VERTEX_POINT ( 'NONE', #4110 ) ;
#4475 = CARTESIAN_POINT ( 'NONE',  ( -46.94045648118299141, -0.02105060048433255934, 0.7952755905511811330 ) ) ;
#4476 = VECTOR ( 'NONE', #5439, 39.37007874015748143 ) ;
#4477 = DIRECTION ( 'NONE',  ( 0.000000000000000000, 0.000000000000000000, 1.000000000000000000 ) ) ;
#4478 = DIRECTION ( 'NONE',  ( -1.000000000000000000, 0.000000000000000000, 0.000000000000000000 ) ) ;
#4479 = LINE ( 'NONE', #2965, #3193 ) ;
#4480 = ORIENTED_EDGE ( 'NONE', *, *, #5484, .T. ) ;
#4481 = EDGE_LOOP ( 'NONE', ( #1766, #5654, #3531, #3689 ) ) ;
#4482 = VECTOR ( 'NONE', #1215, 39.37007874015748143 ) ;
#4483 = EDGE_LOOP ( 'NONE', ( #5000, #3848 ) ) ;
#4484 = DIRECTION ( 'NONE',  ( 0.000000000000000000, 0.000000000000000000, -1.000000000000000000 ) ) ;
#4485 = LINE ( 'NONE', #2105, #6040 ) ;
#4486 = AXIS2_PLACEMENT_3D ( 'NONE', #1007, #490, #2374 ) ;
#4487 = LINE ( 'NONE', #2145, #4376 ) ;
#4488 = VERTEX_POINT ( 'NONE', #5465 ) ;
#4489 = DIRECTION ( 'NONE',  ( -0.7071067811864688579, 0.7071067811866259545, 4.444328744010334510E-17 ) ) ;
#4490 = ORIENTED_EDGE ( 'NONE', *, *, #2429, .T. ) ;
#4491 = VERTEX_POINT ( 'NONE', #1726 ) ;
#4492 = AXIS2_PLACEMENT_3D ( 'NONE', #2055, #5357, #1582 ) ;
#4493 = AXIS2_PLACEMENT_3D ( 'NONE', #1096, #546, #3878 ) ;
#4494 = LINE ( 'NONE', #3506, #5705 ) ;
#4495 = CARTESIAN_POINT ( 'NONE',  ( 0.1510922306946844429, -0.001365561114251630020, 0.7952755905511811330 ) ) ;
#4496 = VECTOR ( 'NONE', #1017, 39.37007874015748143 ) ;
#4497 = LINE ( 'NONE', #4993, #455 ) ;
#4498 = LINE ( 'NONE', #2154, #39 ) ;
#4499 = AXIS2_PLACEMENT_3D ( 'NONE', #5650, #4372, #5765 ) ;
#4500 = DIRECTION ( 'NONE',  ( 0.000000000000000000, 1.000000000000000000, 0.000000000000000000 ) ) ;
#4501 = VERTEX_POINT ( 'NONE', #3172 ) ;
#4502 = ORIENTED_EDGE ( 'NONE', *, *, #5640, .T. ) ;
#4503 = VECTOR ( 'NONE', #3356, 39.37007874015748143 ) ;
#4504 = AXIS2_PLACEMENT_3D ( 'NONE', #3511, #604, #177 ) ;
#4505 = EDGE_CURVE ( 'NONE', #5449, #1434, #866, .T. ) ;
#4506 = DIRECTION ( 'NONE',  ( 0.000000000000000000, 1.000000000000000000, 0.000000000000000000 ) ) ;
#4507 = ADVANCED_FACE ( 'NONE', ( #4632 ), #3548, .T. ) ;
#4508 = SURFACE_STYLE_FILL_AREA ( #1724 ) ;
#4509 = DIRECTION ( 'NONE',  ( 0.000000000000000000, 0.000000000000000000, 1.000000000000000000 ) ) ;
#4510 = CIRCLE ( 'NONE', #3425, 0.009842519685042657243 ) ;
#4511 = EDGE_CURVE ( 'NONE', #711, #3758, #4538, .T. ) ;
#4512 = ORIENTED_EDGE ( 'NONE', *, *, #3254, .T. ) ;
#4513 = CARTESIAN_POINT ( 'NONE',  ( 0.09203711258441102383, 0.03800451762590591198, 0.7952755905511811330 ) ) ;
#4514 = AXIS2_PLACEMENT_3D ( 'NONE', #4371, #5799, #2557 ) ;
#4515 = EDGE_CURVE ( 'NONE', #5057, #5353, #4485, .T. ) ;
#4516 = LINE ( 'NONE', #3026, #3498 ) ;
#4517 = CARTESIAN_POINT ( 'NONE',  ( 0.09991112833247657588, 0.03800451762590591198, 0.6771653543307086798 ) ) ;
#4518 = LINE ( 'NONE', #5066, #4187 ) ;
#4519 = ORIENTED_EDGE ( 'NONE', *, *, #2050, .T. ) ;
#4520 = VERTEX_POINT ( 'NONE', #1703 ) ;
#4521 = EDGE_CURVE ( 'NONE', #4858, #1434, #4084, .T. ) ;
#4522 = ORIENTED_EDGE ( 'NONE', *, *, #3682, .T. ) ;
#4523 = CARTESIAN_POINT ( 'NONE',  ( -46.94045648118780178, -0.02892461624110074722, 0.7795275590551181688 ) ) ;
#4524 = DIRECTION ( 'NONE',  ( 0.000000000000000000, 0.000000000000000000, 1.000000000000000000 ) ) ;
#4525 = ORIENTED_EDGE ( 'NONE', *, *, #4634, .T. ) ;
#4526 = CARTESIAN_POINT ( 'NONE',  ( -0.3111124937147940472, -26.51425848898617943, 0.5610236220472440971 ) ) ;
#4527 = EDGE_LOOP ( 'NONE', ( #1821, #314, #4807, #4207 ) ) ;
#4528 = ORIENTED_EDGE ( 'NONE', *, *, #1511, .T. ) ;
#4529 = CARTESIAN_POINT ( 'NONE',  ( 0.1451867188836220568, 0.1549336514841702650, 0.7952755905511811330 ) ) ;
#4530 = PLANE ( 'NONE',  #5968 ) ;
#4531 = DIRECTION ( 'NONE',  ( 0.000000000000000000, 0.000000000000000000, 1.000000000000000000 ) ) ;
#4532 = DIRECTION ( 'NONE',  ( 1.000000000000000000, 0.000000000000000000, 0.000000000000000000 ) ) ;
#4533 = FACE_OUTER_BOUND ( 'NONE', #2178, .T. ) ;
#4534 = VERTEX_POINT ( 'NONE', #2325 ) ;
#4535 = ORIENTED_EDGE ( 'NONE', *, *, #684, .F. ) ;
#4536 = CARTESIAN_POINT ( 'NONE',  ( -0.3449707614313327064, 0.1719021554211809244, 0.5590551181102362266 ) ) ;
#4537 = DIRECTION ( 'NONE',  ( 1.000000000000000000, 0.000000000000000000, 0.000000000000000000 ) ) ;
#4538 = LINE ( 'NONE', #4073, #1006 ) ;
#4539 = ADVANCED_FACE ( 'NONE', ( #4211 ), #4642, .T. ) ;
#4540 = EDGE_CURVE ( 'NONE', #2403, #5291, #1332, .T. ) ;
#4541 = VERTEX_POINT ( 'NONE', #5540 ) ;
#4542 = DIRECTION ( 'NONE',  ( 0.000000000000000000, 0.000000000000000000, -1.000000000000000000 ) ) ;
#4543 = CARTESIAN_POINT ( 'NONE',  ( -46.94045648118299141, 0.08800451762590570659, 0.5590551181102362266 ) ) ;
#4544 = DIRECTION ( 'NONE',  ( 0.000000000000000000, 0.000000000000000000, 1.000000000000000000 ) ) ;
#4545 = CARTESIAN_POINT ( 'NONE',  ( 0.09203711258441102383, 0.002571446759763685360, 0.7952755905511811330 ) ) ;
#4546 = ORIENTED_EDGE ( 'NONE', *, *, #1835, .F. ) ;
#4547 = ORIENTED_EDGE ( 'NONE', *, *, #4957, .T. ) ;
#4548 = ADVANCED_FACE ( 'NONE', ( #1365 ), #4668, .T. ) ;
#4549 = ORIENTED_EDGE ( 'NONE', *, *, #4877, .F. ) ;
#4550 = DIRECTION ( 'NONE',  ( 0.000000000000000000, 0.000000000000000000, -1.000000000000000000 ) ) ;
#4551 = ADVANCED_FACE ( 'NONE', ( #808 ), #6120, .T. ) ;
#4552 = DIRECTION ( 'NONE',  ( 0.000000000000000000, 1.000000000000000000, 0.000000000000000000 ) ) ;
#4553 = ORIENTED_EDGE ( 'NONE', *, *, #2981, .T. ) ;
#4554 = CARTESIAN_POINT ( 'NONE',  ( 0.1117221519544875918, -26.10134632421826950, 0.7795275590551181688 ) ) ;
#4555 = ORIENTED_EDGE ( 'NONE', *, *, #5077, .T. ) ;
#4556 = EDGE_CURVE ( 'NONE', #4596, #557, #1388, .T. ) ;
#4557 = VERTEX_POINT ( 'NONE', #6033 ) ;
#4558 = DIRECTION ( 'NONE',  ( 0.000000000000000000, 0.000000000000000000, -1.000000000000000000 ) ) ;
#4559 = VECTOR ( 'NONE', #5612, 39.37007874015748143 ) ;
#4560 = CARTESIAN_POINT ( 'NONE',  ( -0.1205613126124072954, -26.00086416922701460, 0.6614173228346458266 ) ) ;
#4561 = DIRECTION ( 'NONE',  ( 0.000000000000000000, 1.000000000000000000, 4.336808689942495786E-15 ) ) ;
#4562 = DIRECTION ( 'NONE',  ( 0.000000000000000000, 0.000000000000000000, 1.000000000000000000 ) ) ;
#4563 = LINE ( 'NONE', #4593, #2342 ) ;
#4564 = ORIENTED_EDGE ( 'NONE', *, *, #3377, .F. ) ;
#4565 = ORIENTED_EDGE ( 'NONE', *, *, #4876, .F. ) ;
#4566 = DIRECTION ( 'NONE',  ( 0.000000000000000000, 0.000000000000000000, -1.000000000000000000 ) ) ;
#4567 = CARTESIAN_POINT ( 'NONE',  ( 0.01723396297811121899, 0.1549336514841702650, 0.7952755905511811330 ) ) ;
#4568 = ORIENTED_EDGE ( 'NONE', *, *, #2951, .T. ) ;
#4569 = LINE ( 'NONE', #335, #73 ) ;
#4570 = CARTESIAN_POINT ( 'NONE',  ( -0.3804038322974441777, -26.00086416922701460, 0.6614173228346458266 ) ) ;
#4571 = CARTESIAN_POINT ( 'NONE',  ( 0.1117221519544875918, -26.10134632421826950, 0.5590551181102362266 ) ) ;
#4572 = LINE ( 'NONE', #5565, #239 ) ;
#4573 = EDGE_CURVE ( 'NONE', #1112, #5523, #3217, .T. ) ;
#4574 = VERTEX_POINT ( 'NONE', #6062 ) ;
#4575 = ORIENTED_EDGE ( 'NONE', *, *, #6025, .F. ) ;
#4576 = DIRECTION ( 'NONE',  ( 0.000000000000000000, -1.000000000000000000, 0.000000000000000000 ) ) ;
#4577 = VECTOR ( 'NONE', #308, 39.37007874015748143 ) ;
#4578 = EDGE_CURVE ( 'NONE', #780, #4541, #875, .T. ) ;
#4579 = CARTESIAN_POINT ( 'NONE',  ( -47.43742357988960379, 0.04001239164161551204, 0.7775590551181102983 ) ) ;
#4580 = ADVANCED_FACE ( 'NONE', ( #3861 ), #1891, .T. ) ;
#4581 = VERTEX_POINT ( 'NONE', #1543 ) ;
#4582 = VECTOR ( 'NONE', #2506, 39.37007874015748143 ) ;
#4583 = LINE ( 'NONE', #1275, #5774 ) ;
#4584 = ORIENTED_EDGE ( 'NONE', *, *, #1211, .T. ) ;
#4585 = EDGE_LOOP ( 'NONE', ( #5231, #4370, #4432, #2198 ) ) ;
#4586 = LINE ( 'NONE', #2240, #4258 ) ;
#4587 = EDGE_CURVE ( 'NONE', #2260, #3260, #3392, .T. ) ;
#4588 = CARTESIAN_POINT ( 'NONE',  ( -0.06741170631161397253, -26.00086416922417243, 0.7952755905511811330 ) ) ;
#4589 = AXIS2_PLACEMENT_3D ( 'NONE', #1733, #1296, #5040 ) ;
#4590 = EDGE_CURVE ( 'NONE', #5240, #4441, #5747, .T. ) ;
#4591 = CARTESIAN_POINT ( 'NONE',  ( 0.2652654590411023805, 0.03800451762590591198, 0.7952755905511811330 ) ) ;
#4592 = VERTEX_POINT ( 'NONE', #30 ) ;
#4593 = CARTESIAN_POINT ( 'NONE',  ( -46.94045648118299141, 0.03800451762590591198, 0.5433070866141732624 ) ) ;
#4594 = ORIENTED_EDGE ( 'NONE', *, *, #3413, .T. ) ;
#4595 = AXIS2_PLACEMENT_3D ( 'NONE', #3749, #3187, #443 ) ;
#4596 = VERTEX_POINT ( 'NONE', #5194 ) ;
#4597 = VECTOR ( 'NONE', #3982, 39.37007874015748143 ) ;
#4598 = AXIS2_PLACEMENT_3D ( 'NONE', #4196, #400, #6082 ) ;
#4599 = CARTESIAN_POINT ( 'NONE',  ( -0.1126872968644029582, -26.10134632421826950, 0.7952755905511811330 ) ) ;
#4600 = FACE_OUTER_BOUND ( 'NONE', #5584, .T. ) ;
#4601 = DIRECTION ( 'NONE',  ( 1.000000000000000000, 0.000000000000000000, 0.000000000000000000 ) ) ;
#4602 = VECTOR ( 'NONE', #1104, 39.37007874015748143 ) ;
#4603 = VECTOR ( 'NONE', #730, 39.37007874015748143 ) ;
#4604 = VERTEX_POINT ( 'NONE', #1079 ) ;
#4605 = CARTESIAN_POINT ( 'NONE',  ( 0.1510922306946494154, -0.02105060048433255934, 0.7795275590551181688 ) ) ;
#4606 = CIRCLE ( 'NONE', #1645, 0.02204724409448398023 ) ;
#4607 = CARTESIAN_POINT ( 'NONE',  ( 0.09361191573401889121, 0.07938247038177302650, 0.6870078740157480324 ) ) ;
#4608 = CARTESIAN_POINT ( 'NONE',  ( -46.94045648118299141, -0.02105060048433255934, 0.7795275590551181688 ) ) ;
#4609 = DIRECTION ( 'NONE',  ( 1.000000000000000000, 0.000000000000000000, 0.000000000000000000 ) ) ;
#4610 = EDGE_LOOP ( 'NONE', ( #2602, #1642, #3808, #1830, #3675, #1420, #5424, #329, #5820, #398, #3787, #285, #5786, #5141, #992, #4315, #4362, #1409, #3784, #3127, #1264, #4341, #4119, #2883, #1897, #3190, #4757, #318 ) ) ;
#4611 = ORIENTED_EDGE ( 'NONE', *, *, #20, .F. ) ;
#4612 = ORIENTED_EDGE ( 'NONE', *, *, #3759, .T. ) ;
#4613 = VECTOR ( 'NONE', #4158, 39.37007874015748143 ) ;
#4614 = DIRECTION ( 'NONE',  ( 0.000000000000000000, -1.000000000000000000, 0.000000000000000000 ) ) ;
#4615 = PLANE ( 'NONE',  #5764 ) ;
#4616 = VERTEX_POINT ( 'NONE', #2962 ) ;
#4617 = FILL_AREA_STYLE ('',( #5636 ) ) ;
#4618 = VERTEX_POINT ( 'NONE', #4826 ) ;
#4619 = ORIENTED_EDGE ( 'NONE', *, *, #5836, .T. ) ;
#4620 = PLANE ( 'NONE',  #3959 ) ;
#4621 = EDGE_CURVE ( 'NONE', #5111, #4081, #1417, .T. ) ;
#4622 = EDGE_CURVE ( 'NONE', #2904, #522, #5723, .T. ) ;
#4623 = LINE ( 'NONE', #9, #5404 ) ;
#4624 = LINE ( 'NONE', #3364, #3410 ) ;
#4625 = CARTESIAN_POINT ( 'NONE',  ( 0.09361191573401889121, 0.04001239164161551204, 0.7047244094488188670 ) ) ;
#4626 = ORIENTED_EDGE ( 'NONE', *, *, #46, .T. ) ;
#4627 = DIRECTION ( 'NONE',  ( 0.000000000000000000, 1.000000000000000000, 0.000000000000000000 ) ) ;
#4628 = EDGE_LOOP ( 'NONE', ( #6079, #1558, #5858, #1980 ) ) ;
#4629 = EDGE_CURVE ( 'NONE', #3987, #3703, #4382, .T. ) ;
#4630 = DIRECTION ( 'NONE',  ( 0.7071067811864689689, -0.7071067811866260655, 0.000000000000000000 ) ) ;
#4631 = DIRECTION ( 'NONE',  ( -0.000000000000000000, 1.000000000000000000, 0.000000000000000000 ) ) ;
#4632 = FACE_OUTER_BOUND ( 'NONE', #1583, .T. ) ;
#4633 = EDGE_CURVE ( 'NONE', #4488, #2670, #4733, .T. ) ;
#4634 = EDGE_CURVE ( 'NONE', #4091, #3039, #2502, .T. ) ;
#4635 = VERTEX_POINT ( 'NONE', #2845 ) ;
#4636 = DIRECTION ( 'NONE',  ( -1.000000000000000000, 0.000000000000000000, 0.000000000000000000 ) ) ;
#4637 = DIRECTION ( 'NONE',  ( -1.000000000000000000, 0.000000000000000000, 0.000000000000000000 ) ) ;
#4638 = FACE_OUTER_BOUND ( 'NONE', #899, .T. ) ;
#4639 = LINE ( 'NONE', #5103, #3589 ) ;
#4640 = ORIENTED_EDGE ( 'NONE', *, *, #5484, .F. ) ;
#4641 = DIRECTION ( 'NONE',  ( 1.000000000000000000, 0.000000000000000000, 0.000000000000000000 ) ) ;
#4642 = PLANE ( 'NONE',  #2188 ) ;
#4643 = DIRECTION ( 'NONE',  ( 0.000000000000000000, 0.000000000000000000, -1.000000000000000000 ) ) ;
#4644 = EDGE_LOOP ( 'NONE', ( #3713, #879, #4113, #423 ) ) ;
#4645 = ORIENTED_EDGE ( 'NONE', *, *, #1526, .F. ) ;
#4646 = ORIENTED_EDGE ( 'NONE', *, *, #1914, .T. ) ;
#4647 = CARTESIAN_POINT ( 'NONE',  ( 0.09361191573401889121, 0.04001239164161551204, 0.3838582677165354173 ) ) ;
#4648 = DIRECTION ( 'NONE',  ( 1.000000000000000000, 0.000000000000000000, 0.000000000000000000 ) ) ;
#4649 = LINE ( 'NONE', #1455, #5882 ) ;
#4650 = CARTESIAN_POINT ( 'NONE',  ( -46.94045648118299141, 0.03800451762590591198, 0.5590551181102362266 ) ) ;
#4651 = ORIENTED_EDGE ( 'NONE', *, *, #2953, .T. ) ;
#4652 = FACE_OUTER_BOUND ( 'NONE', #1610, .T. ) ;
#4653 = ADVANCED_FACE ( 'NONE', ( #121 ), #497, .F. ) ;
#4654 = ORIENTED_EDGE ( 'NONE', *, *, #1172, .F. ) ;
#4655 = FACE_OUTER_BOUND ( 'NONE', #2980, .T. ) ;
#4656 = FACE_BOUND ( 'NONE', #4527, .T. ) ;
#4657 = VECTOR ( 'NONE', #1023, 39.37007874015748143 ) ;
#4658 = CARTESIAN_POINT ( 'NONE',  ( 0.2770764826631570976, -0.09703485245283602345, 0.7952755905511811330 ) ) ;
#4659 = EDGE_CURVE ( 'NONE', #41, #2554, #4355, .T. ) ;
#4660 = VERTEX_POINT ( 'NONE', #5224 ) ;
#4661 = EDGE_CURVE ( 'NONE', #1208, #5837, #3889, .T. ) ;
#4662 = FILL_AREA_STYLE_COLOUR ( '', #2223 ) ;
#4663 = CARTESIAN_POINT ( 'NONE',  ( 0.6884938054977971511, 0.07938247038177302650, 0.6515748031496062520 ) ) ;
#4664 = PLANE ( 'NONE',  #3200 ) ;
#4665 = ORIENTED_EDGE ( 'NONE', *, *, #3266, .F. ) ;
#4666 = ORIENTED_EDGE ( 'NONE', *, *, #1596, .T. ) ;
#4667 = DIRECTION ( 'NONE',  ( 0.000000000000000000, -1.000000000000000000, 0.000000000000000000 ) ) ;
#4668 = PLANE ( 'NONE',  #3076 ) ;
#4669 = FACE_OUTER_BOUND ( 'NONE', #3126, .T. ) ;
#4670 = CARTESIAN_POINT ( 'NONE',  ( -46.94045648118299141, -0.02105060048433255934, 0.7952755905511811330 ) ) ;
#4671 = VERTEX_POINT ( 'NONE', #2869 ) ;
#4672 = CARTESIAN_POINT ( 'NONE',  ( -0.3449707614313327064, 0.1876501869172421400, 0.7952755905511811330 ) ) ;
#4673 = VERTEX_POINT ( 'NONE', #4759 ) ;
#4674 = AXIS2_PLACEMENT_3D ( 'NONE', #4894, #4524, #5941 ) ;
#4675 = VERTEX_POINT ( 'NONE', #524 ) ;
#4676 = LINE ( 'NONE', #5519, #3766 ) ;
#4677 = DIRECTION ( 'NONE',  ( -1.000000000000000000, 0.000000000000000000, 0.000000000000000000 ) ) ;
#4678 = VECTOR ( 'NONE', #902, 39.37007874015748143 ) ;
#4679 = CARTESIAN_POINT ( 'NONE',  ( 0.09361191573401889121, -26.51425848898617943, 0.7775590551181102983 ) ) ;
#4680 = ORIENTED_EDGE ( 'NONE', *, *, #4916, .F. ) ;
#4681 = CARTESIAN_POINT ( 'NONE',  ( -0.3242300936528251798, -0.1249909137387787417, 0.7795275590551181688 ) ) ;
#4682 = VERTEX_POINT ( 'NONE', #2412 ) ;
#4683 = VECTOR ( 'NONE', #4994, 39.37007874015748143 ) ;
#4684 = FACE_OUTER_BOUND ( 'NONE', #2362, .T. ) ;
#4685 = DIMENSIONAL_EXPONENTS ( 1.000000000000000000, 0.000000000000000000, 0.000000000000000000, 0.000000000000000000, 0.000000000000000000, 0.000000000000000000, 0.000000000000000000 ) ;
#4686 = AXIS2_PLACEMENT_3D ( 'NONE', #1382, #3289, #3702 ) ;
#4687 = DIRECTION ( 'NONE',  ( 0.000000000000000000, 1.000000000000000000, 0.000000000000000000 ) ) ;
#4688 = VECTOR ( 'NONE', #5534, 39.37007874015748143 ) ;
#4689 = CARTESIAN_POINT ( 'NONE',  ( 0.3243205771513404945, 0.1719021554211809244, 0.7952755905511811330 ) ) ;
#4690 = VECTOR ( 'NONE', #5421, 39.37007874015748143 ) ;
#4692 = ADVANCED_FACE ( 'NONE', ( #3362 ), #4297, .F. ) ;
#4691 = VECTOR ( 'NONE', #4687, 39.37007874015748143 ) ;
#4693 = EDGE_CURVE ( 'NONE', #3407, #3087, #3836, .T. ) ;
#4694 = DIRECTION ( 'NONE',  ( 0.000000000000000000, 0.000000000000000000, 1.000000000000000000 ) ) ;
#4695 = CARTESIAN_POINT ( 'NONE',  ( -0.3804038322974441777, 0.03800451762590591198, 0.6771653543307086798 ) ) ;
#4696 = FACE_OUTER_BOUND ( 'NONE', #2761, .T. ) ;
#4697 = CIRCLE ( 'NONE', #4298, 0.02204724409448398023 ) ;
#4698 = AXIS2_PLACEMENT_3D ( 'NONE', #5140, #1281, #3693 ) ;
#4699 = EDGE_CURVE ( 'NONE', #3640, #3301, #4792, .T. ) ;
#4700 = ORIENTED_EDGE ( 'NONE', *, *, #4845, .T. ) ;
#4701 = LINE ( 'NONE', #4791, #2538 ) ;
#4702 = ADVANCED_FACE ( 'NONE', ( #95, #1506 ), #1050, .T. ) ;
#4703 = VECTOR ( 'NONE', #4484, 39.37007874015748143 ) ;
#4704 = DIRECTION ( 'NONE',  ( 1.000000000000000000, 0.000000000000000000, 0.000000000000000000 ) ) ;
#4705 = LINE ( 'NONE', #5290, #2216 ) ;
#4706 = ORIENTED_EDGE ( 'NONE', *, *, #3077, .F. ) ;
#4707 = DIRECTION ( 'NONE',  ( 2.730840055651635244E-14, 1.000000000000000000, 0.000000000000000000 ) ) ;
#4708 = EDGE_CURVE ( 'NONE', #5793, #1938, #3458, .T. ) ;
#4709 = ADVANCED_BREP_SHAPE_REPRESENTATION ( 'Same_Sky_SLW-178562-3A-S-D', ( #1643, #3616, #1486, #4721 ), #1554 ) ;
#4710 = CIRCLE ( 'NONE', #3424, 0.01574803149606303354 ) ;
#4711 = VERTEX_POINT ( 'NONE', #5347 ) ;
#4712 = ORIENTED_EDGE ( 'NONE', *, *, #2910, .T. ) ;
#4713 = LINE ( 'NONE', #5639, #418 ) ;
#4714 = CARTESIAN_POINT ( 'NONE',  ( -0.1993014700927137617, 0.03800451762590591198, 0.6771653543307086798 ) ) ;
#4715 = VECTOR ( 'NONE', #2706, 39.37007874015748143 ) ;
#4716 = CARTESIAN_POINT ( 'NONE',  ( -0.3804038322974441777, 0.07343758849204802541, 0.6614173228346458266 ) ) ;
#4717 = DIRECTION ( 'NONE',  ( 0.000000000000000000, 1.000000000000000000, 0.000000000000000000 ) ) ;
#4718 = ORIENTED_EDGE ( 'NONE', *, *, #5368, .F. ) ;
#4719 = CARTESIAN_POINT ( 'NONE',  ( -46.94045648118299141, 0.08800451762590570659, 0.7795275590551181688 ) ) ;
#4720 = VERTEX_POINT ( 'NONE', #2537 ) ;
#4721 = AXIS2_PLACEMENT_3D ( 'NONE', #364, #2745, #5142 ) ;
#4722 = CARTESIAN_POINT ( 'NONE',  ( 0.2140843566789381591, -26.00086416922701460, 0.6397637795275591399 ) ) ;
#4723 = CARTESIAN_POINT ( 'NONE',  ( -0.2859156433211031412, -0.02892461623236318793, 0.5433070866141732624 ) ) ;
#4724 = LINE ( 'NONE', #893, #2320 ) ;
#4725 = ORIENTED_EDGE ( 'NONE', *, *, #1988, .T. ) ;
#4726 = FACE_OUTER_BOUND ( 'NONE', #1619, .T. ) ;
#4727 = DIRECTION ( 'NONE',  ( 0.000000000000000000, 0.000000000000000000, 1.000000000000000000 ) ) ;
#4728 = FACE_OUTER_BOUND ( 'NONE', #4156, .T. ) ;
#4729 = ADVANCED_FACE ( 'NONE', ( #3923 ), #152, .T. ) ;
#4730 = EDGE_CURVE ( 'NONE', #3496, #1400, #1749, .T. ) ;
#4731 = ORIENTED_EDGE ( 'NONE', *, *, #208, .F. ) ;
#4732 = PLANE ( 'NONE',  #1853 ) ;
#4733 = LINE ( 'NONE', #614, #4062 ) ;
#4734 = CARTESIAN_POINT ( 'NONE',  ( 0.3243205771513404945, -0.1324679233161021874, 0.7952755905511811330 ) ) ;
#4735 = LINE ( 'NONE', #5161, #3882 ) ;
#4736 = ORIENTED_EDGE ( 'NONE', *, *, #5935, .T. ) ;
#4737 = ADVANCED_FACE ( 'NONE', ( #3632 ), #4620, .T. ) ;
#4738 = VERTEX_POINT ( 'NONE', #6069 ) ;
#4739 = EDGE_LOOP ( 'NONE', ( #4430, #4467, #606, #4888, #1179, #2783, #1906, #3423, #2668, #3845, #1136, #3281 ) ) ;
#4740 = CARTESIAN_POINT ( 'NONE',  ( 0.2140843566789031316, 0.1549336514841702650, 0.7952755905511811330 ) ) ;
#4741 = DIRECTION ( 'NONE',  ( -6.083413833562249173E-14, -1.000000000000000000, 0.000000000000000000 ) ) ;
#4742 = ADVANCED_FACE ( 'NONE', ( #3278 ), #416, .T. ) ;
#4743 = DIRECTION ( 'NONE',  ( 0.000000000000000000, -1.000000000000000000, 0.000000000000000000 ) ) ;
#4744 = VERTEX_POINT ( 'NONE', #3191 ) ;
#4745 = DIRECTION ( 'NONE',  ( 1.000000000000000000, 0.000000000000000000, 0.000000000000000000 ) ) ;
#4746 = ADVANCED_FACE ( 'NONE', ( #3752 ), #2764, .T. ) ;
#4747 = VERTEX_POINT ( 'NONE', #354 ) ;
#4748 = LINE ( 'NONE', #2398, #3224 ) ;
#4749 = LINE ( 'NONE', #1035, #5288 ) ;
#4750 = DIRECTION ( 'NONE',  ( 1.000000000000000000, 0.000000000000000000, 0.000000000000000000 ) ) ;
#4751 = LINE ( 'NONE', #4231, #1827 ) ;
#4752 = VERTEX_POINT ( 'NONE', #3662 ) ;
#4753 = VECTOR ( 'NONE', #5730, 39.37007874015748143 ) ;
#4754 = CARTESIAN_POINT ( 'NONE',  ( -37.22246646924732261, -36.72921559963074856, 0.7283464566929134243 ) ) ;
#4755 = LINE ( 'NONE', #1412, #3811 ) ;
#4756 = CARTESIAN_POINT ( 'NONE',  ( -47.43742357988858060, 0.1699336514860616543, 0.5610236220472440971 ) ) ;
#4757 = ORIENTED_EDGE ( 'NONE', *, *, #5263, .F. ) ;
#4758 = CARTESIAN_POINT ( 'NONE',  ( 0.1451867188836220568, 0.1549336514841702650, 0.5590551181102362266 ) ) ;
#4759 = CARTESIAN_POINT ( 'NONE',  ( -0.1717424149746413220, 0.03800451762590591198, 0.5433070866141732624 ) ) ;
#4760 = ADVANCED_FACE ( 'NONE', ( #2336 ), #4185, .T. ) ;
#4761 = FACE_OUTER_BOUND ( 'NONE', #4585, .T. ) ;
#4762 = CARTESIAN_POINT ( 'NONE',  ( 0.2140843566789031316, 0.08800451762590570659, 0.7795275590551181688 ) ) ;
#4763 = CARTESIAN_POINT ( 'NONE',  ( 0.1510922306946844429, 0.03800451762590591198, 0.5590551181102362266 ) ) ;
#4764 = ORIENTED_EDGE ( 'NONE', *, *, #5462, .T. ) ;
#4765 = ORIENTED_EDGE ( 'NONE', *, *, #4027, .T. ) ;
#4766 = ORIENTED_EDGE ( 'NONE', *, *, #1408, .T. ) ;
#4767 = LINE ( 'NONE', #2854, #1098 ) ;
#4768 = EDGE_CURVE ( 'NONE', #1968, #946, #6038, .T. ) ;
#4769 = EDGE_CURVE ( 'NONE', #3880, #5260, #4713, .T. ) ;
#4770 = FACE_BOUND ( 'NONE', #1057, .T. ) ;
#4771 = VERTEX_POINT ( 'NONE', #5050 ) ;
#4772 = AXIS2_PLACEMENT_3D ( 'NONE', #535, #1965, #5732 ) ;
#4773 = LINE ( 'NONE', #4808, #1833 ) ;
#4774 = EDGE_CURVE ( 'NONE', #5537, #5407, #4222, .T. ) ;
#4775 = ORIENTED_EDGE ( 'NONE', *, *, #3231, .F. ) ;
#4776 = DIRECTION ( 'NONE',  ( 0.000000000000000000, 0.000000000000000000, -1.000000000000000000 ) ) ;
#4777 = VECTOR ( 'NONE', #1082, 39.37007874015748143 ) ;
#4778 = EDGE_CURVE ( 'NONE', #3715, #2697, #4586, .T. ) ;
#4779 = LINE ( 'NONE', #1068, #2026 ) ;
#4780 = DIRECTION ( 'NONE',  ( 1.000000000000000000, 0.000000000000000000, 0.000000000000000000 ) ) ;
#4781 = DIRECTION ( 'NONE',  ( -1.000000000000000000, 0.000000000000000000, 0.000000000000000000 ) ) ;
#4782 = VECTOR ( 'NONE', #3305, 39.37007874015748143 ) ;
#4783 = EDGE_LOOP ( 'NONE', ( #2298, #5675, #2205, #593 ) ) ;
#4784 = VECTOR ( 'NONE', #2059, 39.37007874015748143 ) ;
#4785 = VECTOR ( 'NONE', #3355, 39.37007874015748143 ) ;
#4786 = DIRECTION ( 'NONE',  ( 0.000000000000000000, -1.000000000000000000, 0.000000000000000000 ) ) ;
#4787 = DIRECTION ( 'NONE',  ( 1.000000000000000000, 0.000000000000000000, 0.000000000000000000 ) ) ;
#4788 = VECTOR ( 'NONE', #5924, 39.37007874015748143 ) ;
#4789 = AXIS2_PLACEMENT_3D ( 'NONE', #2217, #1763, #3170 ) ;
#4790 = VERTEX_POINT ( 'NONE', #1780 ) ;
#4791 = CARTESIAN_POINT ( 'NONE',  ( 0.1786512858127917436, -26.00086416922701460, 0.6771653543307086798 ) ) ;
#4792 = LINE ( 'NONE', #559, #313 ) ;
#4793 = AXIS2_PLACEMENT_3D ( 'NONE', #1825, #3680, #4046 ) ;
#4794 = CYLINDRICAL_SURFACE ( 'NONE', #1620, 0.01574803149606303354 ) ;
#4795 = VECTOR ( 'NONE', #1661, 39.37007874015748143 ) ;
#4796 = DIRECTION ( 'NONE',  ( 0.000000000000000000, 0.000000000000000000, -1.000000000000000000 ) ) ;
#4797 = CARTESIAN_POINT ( 'NONE',  ( -0.08906524962031103776, 0.2860753837675988343, 0.6102362204724409711 ) ) ;
#4798 = ORIENTED_EDGE ( 'NONE', *, *, #5184, .F. ) ;
#4799 = ORIENTED_EDGE ( 'NONE', *, *, #6053, .F. ) ;
#4800 = ORIENTED_EDGE ( 'NONE', *, *, #1800, .F. ) ;
#4801 = VECTOR ( 'NONE', #5817, 39.37007874015748143 ) ;
#4802 = CARTESIAN_POINT ( 'NONE',  ( 0.1884938054977992050, 0.1719021554211809244, 0.7362204724409451284 ) ) ;
#4803 = AXIS2_PLACEMENT_3D ( 'NONE', #1911, #3324, #5626 ) ;
#4804 = DIRECTION ( 'NONE',  ( 0.000000000000000000, 1.000000000000000000, 0.000000000000000000 ) ) ;
#4805 = DIRECTION ( 'NONE',  ( 0.000000000000000000, 0.000000000000000000, 1.000000000000000000 ) ) ;
#4806 = AXIS2_PLACEMENT_3D ( 'NONE', #5436, #213, #3083 ) ;
#4807 = ORIENTED_EDGE ( 'NONE', *, *, #542, .T. ) ;
#4808 = CARTESIAN_POINT ( 'NONE',  ( -0.1008762732423220537, -26.00086416922701460, 0.6614173228346458266 ) ) ;
#4809 = ORIENTED_EDGE ( 'NONE', *, *, #5388, .F. ) ;
#4810 = EDGE_CURVE ( 'NONE', #381, #5538, #480, .T. ) ;
#4811 = ADVANCED_FACE ( 'NONE', ( #5978 ), #3253, .T. ) ;
#4812 = ORIENTED_EDGE ( 'NONE', *, *, #208, .T. ) ;
#4813 = LINE ( 'NONE', #1093, #2646 ) ;
#4814 = AXIS2_PLACEMENT_3D ( 'NONE', #5235, #1060, #4804 ) ;
#4815 = LINE ( 'NONE', #2400, #5002 ) ;
#4816 = FACE_OUTER_BOUND ( 'NONE', #4830, .T. ) ;
#4817 = DIRECTION ( 'NONE',  ( 0.000000000000000000, -1.000000000000000000, 0.000000000000000000 ) ) ;
#4818 = EDGE_CURVE ( 'NONE', #2260, #1504, #446, .T. ) ;
#4819 = ORIENTED_EDGE ( 'NONE', *, *, #5414, .F. ) ;
#4820 = EDGE_CURVE ( 'NONE', #1145, #3029, #4676, .T. ) ;
#4821 = CARTESIAN_POINT ( 'NONE',  ( -0.3095376905651948674, -0.08522382883079014648, 0.7795275590551181688 ) ) ;
#4822 = LINE ( 'NONE', #582, #2729 ) ;
#4823 = CARTESIAN_POINT ( 'NONE',  ( -46.94045648118299141, 0.03800451762590591198, 0.7952755905511811330 ) ) ;
#4824 = VERTEX_POINT ( 'NONE', #3162 ) ;
#4825 = PLANE ( 'NONE',  #3519 ) ;
#4826 = CARTESIAN_POINT ( 'NONE',  ( -0.2859156433211031412, 0.03800451762590591198, 0.7795275590551181688 ) ) ;
#4827 = LINE ( 'NONE', #589, #245 ) ;
#4828 = DIRECTION ( 'NONE',  ( -1.552759475000175028E-13, 1.000000000000000000, 0.000000000000000000 ) ) ;
#4829 = LINE ( 'NONE', #2848, #5860 ) ;
#4830 = EDGE_LOOP ( 'NONE', ( #5898, #1628, #5098, #2046 ) ) ;
#4831 = ORIENTED_EDGE ( 'NONE', *, *, #4587, .F. ) ;
#4832 = ORIENTED_EDGE ( 'NONE', *, *, #5145, .F. ) ;
#4833 = FACE_OUTER_BOUND ( 'NONE', #342, .T. ) ;
#4834 = CARTESIAN_POINT ( 'NONE',  ( 0.1491237267576722703, -0.1450663485158281418, 0.6771653543307086798 ) ) ;
#4835 = DIRECTION ( 'NONE',  ( 1.000000000000000000, 0.000000000000000000, 0.000000000000000000 ) ) ;
#4836 = ORIENTED_EDGE ( 'NONE', *, *, #5760, .F. ) ;
#4837 = LINE ( 'NONE', #598, #1036 ) ;
#4838 = ORIENTED_EDGE ( 'NONE', *, *, #1910, .T. ) ;
#4839 = DIRECTION ( 'NONE',  ( 0.000000000000000000, 0.000000000000000000, 1.000000000000000000 ) ) ;
#4840 = PLANE ( 'NONE',  #4206 ) ;
#4841 = EDGE_CURVE ( 'NONE', #3886, #1308, #5546, .T. ) ;
#4842 = CARTESIAN_POINT ( 'NONE',  ( -0.002451076391956617286, 0.1270202656573653499, 0.7775590551181102983 ) ) ;
#4843 = FACE_OUTER_BOUND ( 'NONE', #2511, .T. ) ;
#4844 = ORIENTED_EDGE ( 'NONE', *, *, #4347, .T. ) ;
#4845 = EDGE_CURVE ( 'NONE', #4986, #381, #1808, .T. ) ;
#4846 = DIRECTION ( 'NONE',  ( 1.000000000000000000, 0.000000000000000000, 0.000000000000000000 ) ) ;
#4847 = CARTESIAN_POINT ( 'NONE',  ( 0.1451867188836220568, 0.08800451762590570659, 0.7952755905511811330 ) ) ;
#4848 = EDGE_CURVE ( 'NONE', #3898, #5621, #994, .T. ) ;
#4849 = ORIENTED_EDGE ( 'NONE', *, *, #841, .F. ) ;
#4850 = FACE_OUTER_BOUND ( 'NONE', #600, .T. ) ;
#4851 = VECTOR ( 'NONE', #3844, 39.37007874015748143 ) ;
#4852 = CARTESIAN_POINT ( 'NONE',  ( -0.3449707614313327064, 0.1719021554211809244, 0.6023622047244094890 ) ) ;
#4853 = DIRECTION ( 'NONE',  ( -1.000000000000000000, 0.000000000000000000, 0.000000000000000000 ) ) ;
#4854 = LINE ( 'NONE', #649, #1435 ) ;
#4855 = CARTESIAN_POINT ( 'NONE',  ( -0.1461518637935025622, -26.00086416922701460, 0.6614173228346458266 ) ) ;
#4856 = ORIENTED_EDGE ( 'NONE', *, *, #396, .F. ) ;
#4857 = DIRECTION ( 'NONE',  ( 0.000000000000000000, -1.000000000000000000, 0.000000000000000000 ) ) ;
#4858 = VERTEX_POINT ( 'NONE', #130 ) ;
#4859 = ORIENTED_EDGE ( 'NONE', *, *, #6104, .F. ) ;
#4860 = CARTESIAN_POINT ( 'NONE',  ( 0.04085601022221181655, 0.08800451762590570659, 0.7952755905511811330 ) ) ;
#4861 =( LENGTH_UNIT ( ) NAMED_UNIT ( * ) SI_UNIT ( $, .METRE. ) );
#4862 = DIRECTION ( 'NONE',  ( 0.000000000000000000, 0.000000000000000000, -1.000000000000000000 ) ) ;
#4863 = ORIENTED_EDGE ( 'NONE', *, *, #1105, .F. ) ;
#4864 = CARTESIAN_POINT ( 'NONE',  ( -0.3213487141872058972, 0.03800451762590591198, 0.5590551181102362266 ) ) ;
#4865 = VERTEX_POINT ( 'NONE', #595 ) ;
#4866 = FACE_OUTER_BOUND ( 'NONE', #3584, .T. ) ;
#4867 = CARTESIAN_POINT ( 'NONE',  ( -10.61693583818035336, 10.22217431878437033, 0.7952755905511811330 ) ) ;
#4868 = LINE ( 'NONE', #1187, #2422 ) ;
#4869 = CARTESIAN_POINT ( 'NONE',  ( -37.18309639050716697, -36.76858567837090419, 0.7775590551181102983 ) ) ;
#4870 = VERTEX_POINT ( 'NONE', #4802 ) ;
#4871 = CIRCLE ( 'NONE', #1608, 0.03149606299212252131 ) ;
#4872 = DIRECTION ( 'NONE',  ( 0.000000000000000000, 0.000000000000000000, -1.000000000000000000 ) ) ;
#4873 = DIRECTION ( 'NONE',  ( 0.000000000000000000, 1.000000000000000000, 0.000000000000000000 ) ) ;
#4874 = VECTOR ( 'NONE', #5813, 39.37007874015748143 ) ;
#4875 = CARTESIAN_POINT ( 'NONE',  ( 0.1510922306946844429, 0.03800451762590591198, 0.5590551181102362266 ) ) ;
#4876 = EDGE_CURVE ( 'NONE', #1504, #4451, #5668, .T. ) ;
#4877 = EDGE_CURVE ( 'NONE', #4182, #3053, #2969, .T. ) ;
#4878 = ORIENTED_EDGE ( 'NONE', *, *, #1169, .F. ) ;
#4879 = DIRECTION ( 'NONE',  ( 0.7071067811865475727, 0.7071067811865475727, 0.000000000000000000 ) ) ;
#4880 = AXIS2_PLACEMENT_3D ( 'NONE', #1887, #494, #1011 ) ;
#4881 = DIRECTION ( 'NONE',  ( 0.000000000000000000, 0.000000000000000000, 1.000000000000000000 ) ) ;
#4882 = CARTESIAN_POINT ( 'NONE',  ( -0.3804038322974441777, -26.00086416922701460, 0.6771653543307086798 ) ) ;
#4883 = CARTESIAN_POINT ( 'NONE',  ( 0.2888875062852377940, -0.001365561114251630020, 0.7952755905511811330 ) ) ;
#4884 = LINE ( 'NONE', #4358, #4874 ) ;
#4885 = VECTOR ( 'NONE', #350, 39.37007874015748143 ) ;
#4886 = ORIENTED_EDGE ( 'NONE', *, *, #2126, .T. ) ;
#4887 = AXIS2_PLACEMENT_3D ( 'NONE', #1360, #1383, #5128 ) ;
#4888 = ORIENTED_EDGE ( 'NONE', *, *, #2170, .T. ) ;
#4889 = EDGE_CURVE ( 'NONE', #1062, #1315, #103, .T. ) ;
#4890 = ORIENTED_EDGE ( 'NONE', *, *, #3413, .F. ) ;
#4891 = DIRECTION ( 'NONE',  ( -1.000000000000000000, 0.000000000000000000, 0.000000000000000000 ) ) ;
#4892 = VECTOR ( 'NONE', #2637, 39.37007874015748143 ) ;
#4893 = AXIS2_PLACEMENT_3D ( 'NONE', #1468, #5213, #86 ) ;
#4894 = CARTESIAN_POINT ( 'NONE',  ( -0.3449707614313327064, -26.10134632421826950, 0.5590551181102362266 ) ) ;
#4895 = EDGE_CURVE ( 'NONE', #3469, #2394, #8, .T. ) ;
#4896 = VERTEX_POINT ( 'NONE', #3871 ) ;
#4897 = CARTESIAN_POINT ( 'NONE',  ( -0.3804038322974441777, -0.001365561114251630020, 0.6614173228346458266 ) ) ;
#4898 = VECTOR ( 'NONE', #3296, 39.37007874015748143 ) ;
#4899 = ORIENTED_EDGE ( 'NONE', *, *, #1508, .F. ) ;
#4900 = VECTOR ( 'NONE', #2340, 39.37007874015748143 ) ;
#4901 = ORIENTED_EDGE ( 'NONE', *, *, #2081, .T. ) ;
#4902 = DIRECTION ( 'NONE',  ( 0.000000000000000000, 1.000000000000000000, 0.000000000000000000 ) ) ;
#4903 = CARTESIAN_POINT ( 'NONE',  ( 0.2377064039229948855, 0.1549336514841702650, 0.7952755905511811330 ) ) ;
#4904 = DIRECTION ( 'NONE',  ( 0.000000000000000000, 1.000000000000000000, 0.000000000000000000 ) ) ;
#4905 = LINE ( 'NONE', #5273, #3719 ) ;
#4906 = ORIENTED_EDGE ( 'NONE', *, *, #1719, .T. ) ;
#4907 = ORIENTED_EDGE ( 'NONE', *, *, #1874, .F. ) ;
#4908 = AXIS2_PLACEMENT_3D ( 'NONE', #4353, #94, #1890 ) ;
#4909 = DIRECTION ( 'NONE',  ( 0.000000000000000000, 0.000000000000000000, -1.000000000000000000 ) ) ;
#4910 = AXIS2_PLACEMENT_3D ( 'NONE', #5360, #5710, #4776 ) ;
#4911 = DIRECTION ( 'NONE',  ( 0.000000000000000000, 0.000000000000000000, -1.000000000000000000 ) ) ;
#4912 = CARTESIAN_POINT ( 'NONE',  ( -46.76888308971299324, -0.001365561114251630020, 0.7795275590551181688 ) ) ;
#4913 = ORIENTED_EDGE ( 'NONE', *, *, #4397, .T. ) ;
#4914 = DIRECTION ( 'NONE',  ( -0.000000000000000000, 1.000000000000000000, 0.000000000000000000 ) ) ;
#4915 = LINE ( 'NONE', #2635, #3897 ) ;
#4916 = EDGE_CURVE ( 'NONE', #4541, #3471, #3867, .T. ) ;
#4917 = LINE ( 'NONE', #2570, #3804 ) ;
#4918 = CARTESIAN_POINT ( 'NONE',  ( -0.1678054071006259973, 0.2860753837675988343, 0.7775590551181102983 ) ) ;
#4919 = EDGE_CURVE ( 'NONE', #2795, #3898, #3371, .T. ) ;
#4920 = ORIENTED_EDGE ( 'NONE', *, *, #5006, .F. ) ;
#4921 = ORIENTED_EDGE ( 'NONE', *, *, #4248, .F. ) ;
#4922 = VERTEX_POINT ( 'NONE', #1425 ) ;
#4923 = LINE ( 'NONE', #220, #5595 ) ;
#4924 = DIRECTION ( 'NONE',  ( 1.000000000000000000, 0.000000000000000000, 0.000000000000000000 ) ) ;
#4925 = ADVANCED_FACE ( 'NONE', ( #4833 ), #3779, .T. ) ;
#4926 = ORIENTED_EDGE ( 'NONE', *, *, #4578, .T. ) ;
#4927 = ORIENTED_EDGE ( 'NONE', *, *, #2847, .F. ) ;
#4928 = ORIENTED_EDGE ( 'NONE', *, *, #2929, .F. ) ;
#4929 = EDGE_CURVE ( 'NONE', #271, #1743, #3900, .T. ) ;
#4930 = CARTESIAN_POINT ( 'NONE',  ( -0.2859156433211031412, 0.03800451762590591198, 0.5433070866141732624 ) ) ;
#4931 = LINE ( 'NONE', #693, #2520 ) ;
#4932 = EDGE_CURVE ( 'NONE', #3801, #3125, #1898, .T. ) ;
#4933 = CARTESIAN_POINT ( 'NONE',  ( -36.33384573514259586, -36.70795707025862242, 0.5433070866141732624 ) ) ;
#4934 = DIRECTION ( 'NONE',  ( 0.000000000000000000, -1.000000000000000000, -6.285229985423299338E-17 ) ) ;
#4935 = CARTESIAN_POINT ( 'NONE',  ( 0.2888875062852377940, -0.001365561114251630020, 0.5590551181102362266 ) ) ;
#4936 = EDGE_LOOP ( 'NONE', ( #4149, #3088, #1368, #5644 ) ) ;
#4937 = ORIENTED_EDGE ( 'NONE', *, *, #962, .T. ) ;
#4938 = CARTESIAN_POINT ( 'NONE',  ( 0.09991112833247657588, 0.07343758849204802541, 0.7952755905511811330 ) ) ;
#4939 =( CONVERSION_BASED_UNIT ( 'INCH', #1261 ) LENGTH_UNIT ( ) NAMED_UNIT ( #4292 ) );
#4940 = DIRECTION ( 'NONE',  ( 0.000000000000000000, 1.000000000000000000, 0.000000000000000000 ) ) ;
#4941 = ORIENTED_EDGE ( 'NONE', *, *, #5683, .F. ) ;
#4942 = CARTESIAN_POINT ( 'NONE',  ( -47.43742357988858060, 0.1699336514860616543, 0.7775590551181102983 ) ) ;
#4943 = DIRECTION ( 'NONE',  ( 1.000000000000000000, 0.000000000000000000, 0.000000000000000000 ) ) ;
#4944 = CARTESIAN_POINT ( 'NONE',  ( 0.01723396297811121899, 0.1549336514841702650, 0.5590551181102362266 ) ) ;
#4945 = CARTESIAN_POINT ( 'NONE',  ( 0.1884938054977992050, 0.1876501869172421400, 0.6023622047244094890 ) ) ;
#4946 = ORIENTED_EDGE ( 'NONE', *, *, #5107, .F. ) ;
#4947 = ORIENTED_EDGE ( 'NONE', *, *, #718, .T. ) ;
#4948 = EDGE_LOOP ( 'NONE', ( #5554, #4849, #1699, #903 ) ) ;
#4949 = CARTESIAN_POINT ( 'NONE',  ( 0.1510922306946494154, 0.03800451762590591198, 0.5590551181102362266 ) ) ;
#4950 = VECTOR ( 'NONE', #1395, 39.37007874015748143 ) ;
#4951 = DIRECTION ( 'NONE',  ( -0.2064491695654584458, -0.9784573268087537468, 0.000000000000000000 ) ) ;
#4952 = ORIENTED_EDGE ( 'NONE', *, *, #5309, .T. ) ;
#4953 = DIRECTION ( 'NONE',  ( 1.000000000000000000, 0.000000000000000000, 0.000000000000000000 ) ) ;
#4954 = ORIENTED_EDGE ( 'NONE', *, *, #5414, .T. ) ;
#4955 = ORIENTED_EDGE ( 'NONE', *, *, #2081, .F. ) ;
#4956 = ADVANCED_FACE ( 'NONE', ( #3438 ), #37, .F. ) ;
#4957 = EDGE_CURVE ( 'NONE', #4747, #1778, #2879, .T. ) ;
#4958 = PLANE ( 'NONE',  #1259 ) ;
#4959 = FACE_OUTER_BOUND ( 'NONE', #1072, .T. ) ;
#4960 = PLANE ( 'NONE',  #5282 ) ;
#4961 = CARTESIAN_POINT ( 'NONE',  ( -10.38276251774287573, 10.54040257315232587, 0.7283464566929134243 ) ) ;
#4962 = EDGE_CURVE ( 'NONE', #4752, #1315, #4767, .T. ) ;
#4963 = CARTESIAN_POINT ( 'NONE',  ( -0.1717424149746065165, 0.03800451762590591198, 0.5433070866141732624 ) ) ;
#4964 = VERTEX_POINT ( 'NONE', #2908 ) ;
#4965 = EDGE_LOOP ( 'NONE', ( #491, #251, #1812, #666 ) ) ;
#4966 = EDGE_CURVE ( 'NONE', #5523, #2836, #1929, .T. ) ;
#4967 = DIRECTION ( 'NONE',  ( 0.000000000000000000, 0.000000000000000000, -1.000000000000000000 ) ) ;
#4968 = LINE ( 'NONE', #302, #4102 ) ;
#4969 = CARTESIAN_POINT ( 'NONE',  ( 0.2140843566789381591, -0.001365561114251630020, 0.6397637795275591399 ) ) ;
#4970 = ORIENTED_EDGE ( 'NONE', *, *, #4573, .F. ) ;
#4971 = CARTESIAN_POINT ( 'NONE',  ( -46.76888308971299324, -0.001365561114251630020, 0.5433070866141732624 ) ) ;
#4972 = VECTOR ( 'NONE', #4239, 39.37007874015748143 ) ;
#4973 = FACE_BOUND ( 'NONE', #1030, .T. ) ;
#4974 = PLANE ( 'NONE',  #2335 ) ;
#4975 = CARTESIAN_POINT ( 'NONE',  ( -0.1658369031635877899, -0.1450663485158281418, 0.6771653543307086798 ) ) ;
#4976 = ORIENTED_EDGE ( 'NONE', *, *, #513, .T. ) ;
#4977 = ORIENTED_EDGE ( 'NONE', *, *, #3108, .F. ) ;
#4978 = VECTOR ( 'NONE', #4934, 39.37007874015748143 ) ;
#4979 = ORIENTED_EDGE ( 'NONE', *, *, #3455, .T. ) ;
#4980 = CARTESIAN_POINT ( 'NONE',  ( -0.1126872968643679029, -0.001365561114251630020, 0.5433070866141732624 ) ) ;
#4981 = VECTOR ( 'NONE', #1586, 39.37007874015748143 ) ;
#4982 = VECTOR ( 'NONE', #3890, 39.37007874015748143 ) ;
#4983 = LINE ( 'NONE', #3002, #2308 ) ;
#4984 = EDGE_LOOP ( 'NONE', ( #518, #3661, #6006, #3451, #5259, #680, #1190, #484, #5825, #509, #4352, #198, #1520, #2005, #4221, #3591, #1925, #2519, #1793, #876, #3155, #3697, #5122, #1463, #4461, #3927, #309, #5989 ) ) ;
#4985 = CARTESIAN_POINT ( 'NONE',  ( 0.6884938054977971511, 0.04788640738964614063, 0.7047244094488188670 ) ) ;
#4986 = VERTEX_POINT ( 'NONE', #3812 ) ;
#4987 = EDGE_LOOP ( 'NONE', ( #2368, #1759, #4404, #2299 ) ) ;
#4988 = VECTOR ( 'NONE', #3095, 39.37007874015748143 ) ;
#4989 = VECTOR ( 'NONE', #5529, 39.37007874015748143 ) ;
#4990 = CARTESIAN_POINT ( 'NONE',  ( -0.1126872968643679029, -0.001365561114251630020, 0.5590551181102362266 ) ) ;
#4991 = CARTESIAN_POINT ( 'NONE',  ( -46.94045648118299141, 0.08800451762590570659, 0.7795275590551181688 ) ) ;
#4992 = MECHANICAL_DESIGN_GEOMETRIC_PRESENTATION_REPRESENTATION (  '', ( #5286 ), #1132 ) ;
#4993 = CARTESIAN_POINT ( 'NONE',  ( -46.94045648118299141, -0.02892461623236318793, 0.5590551181102362266 ) ) ;
#4994 = DIRECTION ( 'NONE',  ( 0.000000000000000000, 0.000000000000000000, -1.000000000000000000 ) ) ;
#4996 = EDGE_CURVE ( 'NONE', #4581, #5449, #5703, .T. ) ;
#4995 = VECTOR ( 'NONE', #450, 39.37007874015748143 ) ;
#4997 = LINE ( 'NONE', #2155, #4788 ) ;
#4998 = EDGE_CURVE ( 'NONE', #3196, #5042, #76, .T. ) ;
#4999 = VERTEX_POINT ( 'NONE', #1059 ) ;
#5000 = ORIENTED_EDGE ( 'NONE', *, *, #5861, .F. ) ;
#5001 = AXIS2_PLACEMENT_3D ( 'NONE', #3036, #3061, #2605 ) ;
#5002 = VECTOR ( 'NONE', #544, 39.37007874015748143 ) ;
#5003 = CARTESIAN_POINT ( 'NONE',  ( 0.2888875062852377940, -0.001365561114251630020, 0.7952755905511811330 ) ) ;
#5004 =( LENGTH_UNIT ( ) NAMED_UNIT ( * ) SI_UNIT ( $, .METRE. ) );
#5005 = CARTESIAN_POINT ( 'NONE',  ( -0.1658369031635877899, -26.00086416922701460, 0.6614173228346458266 ) ) ;
#5006 = EDGE_CURVE ( 'NONE', #1707, #862, #2049, .T. ) ;
#5007 = VECTOR ( 'NONE', #5660, 39.37007874015748854 ) ;
#5008 = EDGE_LOOP ( 'NONE', ( #1966, #1870, #4568, #4184 ) ) ;
#5009 = CARTESIAN_POINT ( 'NONE',  ( 0.09361191573401889121, 0.04001239164161551204, 0.6338582677165355284 ) ) ;
#5010 = VECTOR ( 'NONE', #1067, 39.37007874015748143 ) ;
#5011 = CARTESIAN_POINT ( 'NONE',  ( 0.09361191573401889121, -26.51425848898617943, 0.5610236220472440971 ) ) ;
#5012 = DIRECTION ( 'NONE',  ( 0.000000000000000000, 0.000000000000000000, -1.000000000000000000 ) ) ;
#5013 = LINE ( 'NONE', #1798, #6060 ) ;
#5014 = VERTEX_POINT ( 'NONE', #658 ) ;
#5015 = VERTEX_POINT ( 'NONE', #2104 ) ;
#5016 = VERTEX_POINT ( 'NONE', #164 ) ;
#5017 = CARTESIAN_POINT ( 'NONE',  ( -0.4237109189116472496, 0.1699336514841340851, 0.7283464566929134243 ) ) ;
#5018 = CARTESIAN_POINT ( 'NONE',  ( -0.2859156433210681136, 0.03800451762590591198, 0.5433070866141732624 ) ) ;
#5019 = VERTEX_POINT ( 'NONE', #4949 ) ;
#5020 = CARTESIAN_POINT ( 'NONE',  ( 0.3243205771513404945, -0.1324679233161021874, 0.5433070866141732624 ) ) ;
#5021 = VERTEX_POINT ( 'NONE', #747 ) ;
#5022 = ORIENTED_EDGE ( 'NONE', *, *, #5935, .F. ) ;
#5023 = DIRECTION ( 'NONE',  ( 0.000000000000000000, 0.000000000000000000, 1.000000000000000000 ) ) ;
#5024 = FACE_OUTER_BOUND ( 'NONE', #1523, .T. ) ;
#5025 = CARTESIAN_POINT ( 'NONE',  ( 0.1451867188836220568, 0.08800451762590570659, 0.5590551181102362266 ) ) ;
#5026 = LINE ( 'NONE', #4002, #3986 ) ;
#5027 = CARTESIAN_POINT ( 'NONE',  ( 0.04085601022221181655, 0.08800451762590570659, 0.7795275590551181688 ) ) ;
#5028 = ORIENTED_EDGE ( 'NONE', *, *, #1795, .F. ) ;
#5029 = ORIENTED_EDGE ( 'NONE', *, *, #4962, .T. ) ;
#5030 = EDGE_CURVE ( 'NONE', #2284, #3168, #2644, .T. ) ;
#5031 = DIRECTION ( 'NONE',  ( 0.000000000000000000, 0.000000000000000000, -1.000000000000000000 ) ) ;
#5032 = CARTESIAN_POINT ( 'NONE',  ( -0.2642621000139794840, -0.001365561114251630020, 0.7952755905511811330 ) ) ;
#5033 = DIRECTION ( 'NONE',  ( 0.000000000000000000, 0.000000000000000000, -1.000000000000000000 ) ) ;
#5034 = ORIENTED_EDGE ( 'NONE', *, *, #4848, .T. ) ;
#5035 = CARTESIAN_POINT ( 'NONE',  ( -0.3804038322974441777, -0.001365561114251630020, 0.6771653543307086798 ) ) ;
#5036 = EDGE_CURVE ( 'NONE', #1027, #218, #5443, .T. ) ;
#5037 = EDGE_CURVE ( 'NONE', #445, #4163, #4923, .T. ) ;
#5038 = CARTESIAN_POINT ( 'NONE',  ( -0.1126872968644029582, 0.002571446759763685360, 0.7795275590551181688 ) ) ;
#5039 = DIRECTION ( 'NONE',  ( 0.000000000000000000, -6.285229985423299338E-17, 1.000000000000000000 ) ) ;
#5040 = DIRECTION ( 'NONE',  ( 0.000000000000000000, 0.000000000000000000, 1.000000000000000000 ) ) ;
#5041 = EDGE_CURVE ( 'NONE', #1551, #6030, #5387, .T. ) ;
#5042 = VERTEX_POINT ( 'NONE', #4980 ) ;
#5043 = VERTEX_POINT ( 'NONE', #2144 ) ;
#5044 = PLANE ( 'NONE',  #3917 ) ;
#5045 = PLANE ( 'NONE',  #926 ) ;
#5046 = EDGE_LOOP ( 'NONE', ( #2696, #2966, #4954, #2306 ) ) ;
#5047 = DIRECTION ( 'NONE',  ( -1.000000000000000000, 0.000000000000000000, 0.000000000000000000 ) ) ;
#5048 = ORIENTED_EDGE ( 'NONE', *, *, #2091, .T. ) ;
#5049 = ORIENTED_EDGE ( 'NONE', *, *, #1326, .F. ) ;
#5050 = CARTESIAN_POINT ( 'NONE',  ( -0.1717424149746065165, 0.03800451762590591198, 0.7952755905511811330 ) ) ;
#5051 = CARTESIAN_POINT ( 'NONE',  ( -0.04772666694311086116, -0.001365561114251630020, 0.7952755905511811330 ) ) ;
#5052 = VECTOR ( 'NONE', #1489, 39.37007874015748143 ) ;
#5053 = LINE ( 'NONE', #2357, #3888 ) ;
#5054 = DIRECTION ( 'NONE',  ( 0.000000000000000000, -1.000000000000000000, 0.000000000000000000 ) ) ;
#5055 = VERTEX_POINT ( 'NONE', #683 ) ;
#5056 = DIRECTION ( 'NONE',  ( -1.000000000000000000, 0.000000000000000000, 0.000000000000000000 ) ) ;
#5057 = VERTEX_POINT ( 'NONE', #4053 ) ;
#5058 = EDGE_LOOP ( 'NONE', ( #4220, #5542, #3929, #690 ) ) ;
#5059 = CARTESIAN_POINT ( 'NONE',  ( -0.1205613126124072954, 0.03800451762590591198, 0.6771653543307086798 ) ) ;
#5060 = DIRECTION ( 'NONE',  ( 1.000000000000000000, 0.000000000000000000, 0.000000000000000000 ) ) ;
#5061 = PLANE ( 'NONE',  #4212 ) ;
#5062 = ORIENTED_EDGE ( 'NONE', *, *, #4240, .F. ) ;
#5063 = CARTESIAN_POINT ( 'NONE',  ( -10.34339243900271832, 10.57977265189248328, 0.7775590551181102983 ) ) ;
#5064 = LINE ( 'NONE', #431, #1428 ) ;
#5065 = LINE ( 'NONE', #1361, #1629 ) ;
#5066 = CARTESIAN_POINT ( 'NONE',  ( -46.76888308971299324, -0.001365561114251630020, 0.7795275590551181688 ) ) ;
#5067 = EDGE_CURVE ( 'NONE', #3109, #4488, #287, .T. ) ;
#5068 = EDGE_CURVE ( 'NONE', #2573, #4720, #5417, .T. ) ;
#5069 = ORIENTED_EDGE ( 'NONE', *, *, #4271, .F. ) ;
#5070 = VERTEX_POINT ( 'NONE', #2512 ) ;
#5071 = LINE ( 'NONE', #2262, #1249 ) ;
#5072 = VECTOR ( 'NONE', #2201, 39.37007874015748143 ) ;
#5073 = PLANE ( 'NONE',  #1819 ) ;
#5074 = ORIENTED_EDGE ( 'NONE', *, *, #2498, .T. ) ;
#5075 = VECTOR ( 'NONE', #3582, 39.37007874015748143 ) ;
#5076 = FACE_OUTER_BOUND ( 'NONE', #2827, .T. ) ;
#5077 = EDGE_CURVE ( 'NONE', #2355, #2853, #1702, .T. ) ;
#5078 = ORIENTED_EDGE ( 'NONE', *, *, #3833, .F. ) ;
#5079 = ORIENTED_EDGE ( 'NONE', *, *, #2430, .F. ) ;
#5080 = LINE ( 'NONE', #5579, #2741 ) ;
#5081 = VECTOR ( 'NONE', #3150, 39.37007874015748143 ) ;
#5082 = EDGE_CURVE ( 'NONE', #2424, #1613, #5881, .T. ) ;
#5083 = CARTESIAN_POINT ( 'NONE',  ( 0.3035799093721252007, -0.1249909137377952922, 0.7952755905511811330 ) ) ;
#5084 = DIRECTION ( 'NONE',  ( -1.000000000000000000, 0.000000000000000000, 0.000000000000000000 ) ) ;
#5085 = EDGE_LOOP ( 'NONE', ( #2552, #539, #5646, #2458 ) ) ;
#5086 = DIRECTION ( 'NONE',  ( 0.000000000000000000, 0.000000000000000000, -1.000000000000000000 ) ) ;
#5087 = EDGE_LOOP ( 'NONE', ( #5199, #3342, #5784, #5147 ) ) ;
#5088 = EDGE_CURVE ( 'NONE', #3437, #2697, #5477, .T. ) ;
#5089 = AXIS2_PLACEMENT_3D ( 'NONE', #394, #42, #2305 ) ;
#5090 = VECTOR ( 'NONE', #1214, 39.37007874015748143 ) ;
#5091 = ORIENTED_EDGE ( 'NONE', *, *, #698, .T. ) ;
#5092 = VECTOR ( 'NONE', #775, 39.37007874015748143 ) ;
#5093 = VECTOR ( 'NONE', #3233, 39.37007874015748143 ) ;
#5094 = CARTESIAN_POINT ( 'NONE',  ( -46.94045648118299141, 0.1549336514841702650, 0.5433070866141732624 ) ) ;
#5095 = DIRECTION ( 'NONE',  ( 1.000000000000000000, 0.000000000000000000, 0.000000000000000000 ) ) ;
#5096 = VECTOR ( 'NONE', #5095, 39.37007874015748143 ) ;
#5097 = VECTOR ( 'NONE', #3516, 39.37007874015748143 ) ;
#5098 = ORIENTED_EDGE ( 'NONE', *, *, #2929, .T. ) ;
#5099 = CARTESIAN_POINT ( 'NONE',  ( -0.1323723362344881860, 0.002571446759763685360, 0.7952755905511811330 ) ) ;
#5100 = AXIS2_PLACEMENT_3D ( 'NONE', #2568, #5905, #2960 ) ;
#5101 = LINE ( 'NONE', #870, #48 ) ;
#5102 = CARTESIAN_POINT ( 'NONE',  ( -0.2071754858407791333, 0.1699336514841340851, 0.7775590551181102983 ) ) ;
#5103 = CARTESIAN_POINT ( 'NONE',  ( -0.1323723362344881860, -0.02105060048433255934, 0.7952755905511811330 ) ) ;
#5104 = ORIENTED_EDGE ( 'NONE', *, *, #1588, .T. ) ;
#5105 = VECTOR ( 'NONE', #601, 39.37007874015748143 ) ;
#5106 = DIRECTION ( 'NONE',  ( -1.552759475000175028E-13, 1.000000000000000000, 0.000000000000000000 ) ) ;
#5107 = EDGE_CURVE ( 'NONE', #4616, #914, #5354, .T. ) ;
#5108 = EDGE_CURVE ( 'NONE', #3464, #3631, #1239, .T. ) ;
#5109 = LINE ( 'NONE', #348, #2893 ) ;
#5110 = ORIENTED_EDGE ( 'NONE', *, *, #2707, .T. ) ;
#5111 = VERTEX_POINT ( 'NONE', #1578 ) ;
#5112 = ORIENTED_EDGE ( 'NONE', *, *, #1712, .F. ) ;
#5113 = DIRECTION ( 'NONE',  ( 0.000000000000000000, 0.000000000000000000, -1.000000000000000000 ) ) ;
#5114 = DIRECTION ( 'NONE',  ( 1.000000000000000000, 6.083413833562430927E-14, 0.000000000000000000 ) ) ;
#5115 = EDGE_CURVE ( 'NONE', #5250, #1156, #255, .T. ) ;
#5116 = CARTESIAN_POINT ( 'NONE',  ( -0.3111124937147940472, 0.04001239164161551204, 0.6338582677165355284 ) ) ;
#5117 = LINE ( 'NONE', #4625, #363 ) ;
#5118 = ORIENTED_EDGE ( 'NONE', *, *, #3761, .T. ) ;
#5119 = CARTESIAN_POINT ( 'NONE',  ( 0.1451867188836220568, 0.1549336514841702650, 0.5433070866141732624 ) ) ;
#5120 = ORIENTED_EDGE ( 'NONE', *, *, #274, .T. ) ;
#5121 = EDGE_CURVE ( 'NONE', #756, #5537, #1539, .T. ) ;
#5122 = ORIENTED_EDGE ( 'NONE', *, *, #4708, .T. ) ;
#5123 = EDGE_CURVE ( 'NONE', #4051, #819, #2075, .T. ) ;
#5124 = CARTESIAN_POINT ( 'NONE',  ( 0.2140843566789031316, 0.08800451762590570659, 0.5433070866141732624 ) ) ;
#5125 = PLANE ( 'NONE',  #2032 ) ;
#5126 = FACE_OUTER_BOUND ( 'NONE', #1282, .T. ) ;
#5127 = ORIENTED_EDGE ( 'NONE', *, *, #5145, .T. ) ;
#5128 = DIRECTION ( 'NONE',  ( 1.000000000000000000, 0.000000000000000000, 0.000000000000000000 ) ) ;
#5129 = DIRECTION ( 'NONE',  ( -1.000000000000000000, 0.000000000000000000, 0.000000000000000000 ) ) ;
#5130 = DIRECTION ( 'NONE',  ( 0.000000000000000000, 0.000000000000000000, -1.000000000000000000 ) ) ;
#5131 = EDGE_LOOP ( 'NONE', ( #5758, #2101, #1055, #4844 ) ) ;
#5132 = CARTESIAN_POINT ( 'NONE',  ( 0.2652654590411374080, -0.001365561114251630020, 0.5590551181102362266 ) ) ;
#5133 = DIRECTION ( 'NONE',  ( -1.000000000000000000, 0.000000000000000000, 0.000000000000000000 ) ) ;
#5134 = DIRECTION ( 'NONE',  ( 0.000000000000000000, 1.000000000000000000, 0.000000000000000000 ) ) ;
#5135 = ORIENTED_EDGE ( 'NONE', *, *, #2277, .T. ) ;
#5136 = ORIENTED_EDGE ( 'NONE', *, *, #3678, .T. ) ;
#5137 = ORIENTED_EDGE ( 'NONE', *, *, #607, .F. ) ;
#5138 = CARTESIAN_POINT ( 'NONE',  ( -46.94045648118299141, 0.002571446759763685360, 0.7952755905511811330 ) ) ;
#5139 = CARTESIAN_POINT ( 'NONE',  ( 0.2888875062852027664, -0.02892461623236318793, 0.7952755905511811330 ) ) ;
#5140 = CARTESIAN_POINT ( 'NONE',  ( -0.1559943834785450789, -0.1450663485158281418, 0.7952755905511811330 ) ) ;
#5141 = ORIENTED_EDGE ( 'NONE', *, *, #310, .F. ) ;
#5142 = DIRECTION ( 'NONE',  ( 1.000000000000000000, 0.000000000000000000, 0.000000000000000000 ) ) ;
#5143 = CARTESIAN_POINT ( 'NONE',  ( 0.6884938054977971511, 0.04788640738964614063, 0.6870078740157480324 ) ) ;
#5144 = ORIENTED_EDGE ( 'NONE', *, *, #1840, .T. ) ;
#5145 = EDGE_CURVE ( 'NONE', #914, #5343, #3497, .T. ) ;
#5146 = ADVANCED_FACE ( 'NONE', ( #1176 ), #4453, .T. ) ;
#5147 = ORIENTED_EDGE ( 'NONE', *, *, #4460, .F. ) ;
#5148 = EDGE_CURVE ( 'NONE', #4596, #3043, #4210, .T. ) ;
#5149 = LINE ( 'NONE', #5556, #4989 ) ;
#5150 = AXIS2_PLACEMENT_3D ( 'NONE', #5138, #2363, #907 ) ;
#5151 = DIRECTION ( 'NONE',  ( -1.000000000000000000, 0.000000000000000000, 0.000000000000000000 ) ) ;
#5152 = EDGE_CURVE ( 'NONE', #150, #3564, #5071, .T. ) ;
#5153 = ADVANCED_FACE ( 'NONE', ( #2231 ), #3271, .F. ) ;
#5154 = LINE ( 'NONE', #919, #3300 ) ;
#5155 = CYLINDRICAL_SURFACE ( 'NONE', #657, 0.009842519685033915972 ) ;
#5156 = CARTESIAN_POINT ( 'NONE',  ( -0.1126872968644029582, 0.002571446759763685360, 0.5433070866141732624 ) ) ;
#5157 = ORIENTED_EDGE ( 'NONE', *, *, #6017, .F. ) ;
#5158 = DIRECTION ( 'NONE',  ( 0.000000000000000000, 1.000000000000000000, 0.000000000000000000 ) ) ;
#5159 = CARTESIAN_POINT ( 'NONE',  ( -0.2977266669431137824, -26.00086416922701460, 0.6771653543307086798 ) ) ;
#5160 = DIRECTION ( 'NONE',  ( 1.000000000000000000, 0.000000000000000000, 0.000000000000000000 ) ) ;
#5161 = CARTESIAN_POINT ( 'NONE',  ( -46.94045648118299141, 0.08800451762590570659, 0.5433070866141732624 ) ) ;
#5162 = ORIENTED_EDGE ( 'NONE', *, *, #2162, .T. ) ;
#5163 = ORIENTED_EDGE ( 'NONE', *, *, #4354, .T. ) ;
#5164 = ORIENTED_EDGE ( 'NONE', *, *, #3189, .F. ) ;
#5165 = LINE ( 'NONE', #3279, #3827 ) ;
#5166 = VECTOR ( 'NONE', #1018, 39.37007874015748143 ) ;
#5167 = ORIENTED_EDGE ( 'NONE', *, *, #4699, .T. ) ;
#5168 = CARTESIAN_POINT ( 'NONE',  ( 0.3243205771513404945, -0.1324679233161021874, 0.7795275590551181688 ) ) ;
#5169 = ORIENTED_EDGE ( 'NONE', *, *, #2210, .F. ) ;
#5170 = CARTESIAN_POINT ( 'NONE',  ( 0.2888875062852027664, -0.08522382883079014648, 0.5433070866141732624 ) ) ;
#5171 = ORIENTED_EDGE ( 'NONE', *, *, #5861, .T. ) ;
#5172 = ORIENTED_EDGE ( 'NONE', *, *, #463, .T. ) ;
#5173 = VECTOR ( 'NONE', #4562, 39.37007874015748143 ) ;
#5174 = ADVANCED_FACE ( 'NONE', ( #3684 ), #2672, .F. ) ;
#5175 = DIRECTION ( 'NONE',  ( 0.7071067811865474617, 0.7071067811865474617, 0.000000000000000000 ) ) ;
#5176 = EDGE_CURVE ( 'NONE', #4104, #2734, #1331, .T. ) ;
#5177 = VECTOR ( 'NONE', #517, 39.37007874015748143 ) ;
#5178 = CARTESIAN_POINT ( 'NONE',  ( 0.09991112833247657588, 0.07343758849204802541, 0.6614173228346458266 ) ) ;
#5179 = STYLED_ITEM ( 'NONE', ( #1566 ), #1486 ) ;
#5180 = CARTESIAN_POINT ( 'NONE',  ( -0.2859156433211031412, -0.02892461623236318793, 0.7952755905511811330 ) ) ;
#5181 = VERTEX_POINT ( 'NONE', #1272 ) ;
#5182 = VECTOR ( 'NONE', #627, 39.37007874015748143 ) ;
#5183 = VECTOR ( 'NONE', #1164, 39.37007874015748143 ) ;
#5184 = EDGE_CURVE ( 'NONE', #780, #3301, #4014, .T. ) ;
#5185 = DIRECTION ( 'NONE',  ( 1.000000000000000000, 0.000000000000000000, 0.000000000000000000 ) ) ;
#5186 = CARTESIAN_POINT ( 'NONE',  ( -0.05756918662815354443, -0.1450663485158281418, 0.7952755905511811330 ) ) ;
#5187 = DIRECTION ( 'NONE',  ( -0.7071067811864688579, 0.7071067811866259545, 0.000000000000000000 ) ) ;
#5188 = AXIS2_PLACEMENT_3D ( 'NONE', #2756, #740, #5564 ) ;
#5189 = AXIS2_PLACEMENT_3D ( 'NONE', #2092, #3973, #5862 ) ;
#5190 = ORIENTED_EDGE ( 'NONE', *, *, #4435, .T. ) ;
#5191 = ADVANCED_FACE ( 'NONE', ( #409 ), #3156, .T. ) ;
#5192 = VERTEX_POINT ( 'NONE', #2293 ) ;
#5193 = FACE_OUTER_BOUND ( 'NONE', #134, .T. ) ;
#5194 = CARTESIAN_POINT ( 'NONE',  ( 0.1294386873875956745, -0.001365561114251630020, 0.6771653543307086798 ) ) ;
#5195 = VECTOR ( 'NONE', #5929, 39.37007874015748143 ) ;
#5196 = EDGE_CURVE ( 'NONE', #2394, #3182, #1364, .T. ) ;
#5197 = CARTESIAN_POINT ( 'NONE',  ( 0.2377064039229948855, -26.10134632421826950, 0.7952755905511811330 ) ) ;
#5198 = DIRECTION ( 'NONE',  ( -1.000000000000000000, 0.000000000000000000, 0.000000000000000000 ) ) ;
#5199 = ORIENTED_EDGE ( 'NONE', *, *, #3288, .T. ) ;
#5200 = DIRECTION ( 'NONE',  ( 1.000000000000000000, 0.000000000000000000, 0.000000000000000000 ) ) ;
#5201 = VECTOR ( 'NONE', #2897, 39.37007874015748143 ) ;
#5202 = ORIENTED_EDGE ( 'NONE', *, *, #3062, .F. ) ;
#5203 = ORIENTED_EDGE ( 'NONE', *, *, #5367, .T. ) ;
#5204 = DIRECTION ( 'NONE',  ( 0.000000000000000000, 1.000000000000000000, 0.000000000000000000 ) ) ;
#5205 = LINE ( 'NONE', #2338, #3918 ) ;
#5206 = AXIS2_PLACEMENT_3D ( 'NONE', #108, #1997, #3876 ) ;
#5207 = LINE ( 'NONE', #2855, #5466 ) ;
#5208 = ORIENTED_EDGE ( 'NONE', *, *, #3327, .F. ) ;
#5209 = PLANE ( 'NONE',  #5089 ) ;
#5210 = ORIENTED_EDGE ( 'NONE', *, *, #3143, .F. ) ;
#5211 = LINE ( 'NONE', #5009, #266 ) ;
#5212 = LINE ( 'NONE', #975, #263 ) ;
#5213 = DIRECTION ( 'NONE',  ( 1.000000000000000000, 0.000000000000000000, 0.000000000000000000 ) ) ;
#5214 = DIRECTION ( 'NONE',  ( -0.7071067811864688579, -0.7071067811866259545, 0.000000000000000000 ) ) ;
#5215 = VERTEX_POINT ( 'NONE', #5513 ) ;
#5216 = EDGE_CURVE ( 'NONE', #946, #3545, #4606, .T. ) ;
#5217 = CARTESIAN_POINT ( 'NONE',  ( 0.1117221519544875918, 0.002571446759763685360, 0.7795275590551181688 ) ) ;
#5218 = PLANE ( 'NONE',  #3121 ) ;
#5219 = DIRECTION ( 'NONE',  ( 0.000000000000000000, -1.000000000000000000, 0.000000000000000000 ) ) ;
#5220 = EDGE_CURVE ( 'NONE', #1653, #3109, #4178, .T. ) ;
#5221 = EDGE_CURVE ( 'NONE', #5407, #2788, #4710, .T. ) ;
#5222 = ORIENTED_EDGE ( 'NONE', *, *, #3189, .T. ) ;
#5223 = LINE ( 'NONE', #3771, #5007 ) ;
#5224 = CARTESIAN_POINT ( 'NONE',  ( 0.09361191573401889121, 0.04788640738964614063, 0.6515748031496062520 ) ) ;
#5225 = DIRECTION ( 'NONE',  ( 0.000000000000000000, -1.000000000000000000, 0.000000000000000000 ) ) ;
#5226 = EDGE_CURVE ( 'NONE', #5440, #4138, #3656, .T. ) ;
#5227 = DIRECTION ( 'NONE',  ( 0.000000000000000000, 0.000000000000000000, -1.000000000000000000 ) ) ;
#5228 = CARTESIAN_POINT ( 'NONE',  ( 0.6884938054977971511, 0.04788640738964614063, 0.6870078740157480324 ) ) ;
#5229 = ORIENTED_EDGE ( 'NONE', *, *, #5566, .T. ) ;
#5230 =( NAMED_UNIT ( * ) PLANE_ANGLE_UNIT ( ) SI_UNIT ( $, .RADIAN. ) );
#5231 = ORIENTED_EDGE ( 'NONE', *, *, #894, .F. ) ;
#5232 = ADVANCED_FACE ( 'NONE', ( #5970 ), #5044, .F. ) ;
#5233 = ORIENTED_EDGE ( 'NONE', *, *, #5121, .F. ) ;
#5234 = DIRECTION ( 'NONE',  ( -1.000000000000000000, 0.000000000000000000, 0.000000000000000000 ) ) ;
#5235 = CARTESIAN_POINT ( 'NONE',  ( 0.1510922306946844429, 0.03800451762590591198, 0.5590551181102362266 ) ) ;
#5236 = CARTESIAN_POINT ( 'NONE',  ( -0.1717424149746413220, -26.10134632421826950, 0.5433070866141732624 ) ) ;
#5237 = ORIENTED_EDGE ( 'NONE', *, *, #4253, .T. ) ;
#5238 = CARTESIAN_POINT ( 'NONE',  ( -0.3804038322974441777, -0.001365561114251630020, 0.6614173228346458266 ) ) ;
#5239 = ORIENTED_EDGE ( 'NONE', *, *, #4841, .F. ) ;
#5240 = VERTEX_POINT ( 'NONE', #4151 ) ;
#5241 = PLANE ( 'NONE',  #2146 ) ;
#5242 = CARTESIAN_POINT ( 'NONE',  ( 0.2140843566789381591, 0.03800451762590591198, 0.5433070866141732624 ) ) ;
#5243 = LINE ( 'NONE', #2889, #5979 ) ;
#5244 = PLANE ( 'NONE',  #4686 ) ;
#5245 = ORIENTED_EDGE ( 'NONE', *, *, #2091, .F. ) ;
#5246 = AXIS2_PLACEMENT_3D ( 'NONE', #2936, #4881, #1108 ) ;
#5247 = LINE ( 'NONE', #2892, #2120 ) ;
#5248 = LINE ( 'NONE', #4663, #2825 ) ;
#5249 = DIRECTION ( 'NONE',  ( 0.000000000000000000, 0.000000000000000000, -1.000000000000000000 ) ) ;
#5250 = VERTEX_POINT ( 'NONE', #2784 ) ;
#5251 = CARTESIAN_POINT ( 'NONE',  ( 0.1510922306946844429, -0.001365561114251630020, 0.5590551181102362266 ) ) ;
#5252 = CARTESIAN_POINT ( 'NONE',  ( 0.3243205771513404945, 0.1719021554211809244, 0.5433070866141732624 ) ) ;
#5253 = LINE ( 'NONE', #3363, #5479 ) ;
#5254 = EDGE_CURVE ( 'NONE', #993, #2255, #6032, .T. ) ;
#5255 = DIRECTION ( 'NONE',  ( 1.000000000000000000, 0.000000000000000000, 0.000000000000000000 ) ) ;
#5256 = LINE ( 'NONE', #5698, #2509 ) ;
#5257 = EDGE_CURVE ( 'NONE', #4501, #3441, #781, .T. ) ;
#5258 = ORIENTED_EDGE ( 'NONE', *, *, #1563, .T. ) ;
#5259 = ORIENTED_EDGE ( 'NONE', *, *, #1401, .T. ) ;
#5260 = VERTEX_POINT ( 'NONE', #3624 ) ;
#5261 = DIRECTION ( 'NONE',  ( 1.000000000000000000, 0.000000000000000000, 0.000000000000000000 ) ) ;
#5262 = PLANE ( 'NONE',  #2990 ) ;
#5263 = EDGE_CURVE ( 'NONE', #170, #5440, #4122, .T. ) ;
#5264 = ORIENTED_EDGE ( 'NONE', *, *, #1946, .T. ) ;
#5265 = AXIS2_PLACEMENT_3D ( 'NONE', #5448, #5355, #5391 ) ;
#5266 = DIRECTION ( 'NONE',  ( 1.000000000000000000, 0.000000000000000000, 0.000000000000000000 ) ) ;
#5267 = VERTEX_POINT ( 'NONE', #1301 ) ;
#5268 = EDGE_CURVE ( 'NONE', #4675, #1173, #2728, .T. ) ;
#5269 = DIRECTION ( 'NONE',  ( 0.000000000000000000, 0.000000000000000000, -1.000000000000000000 ) ) ;
#5270 = AXIS2_PLACEMENT_3D ( 'NONE', #379, #3620, #6001 ) ;
#5271 = CARTESIAN_POINT ( 'NONE',  ( -0.1008762732423220537, 0.03800451762590591198, 0.6771653543307086798 ) ) ;
#5272 = LINE ( 'NONE', #4319, #3510 ) ;
#5273 = CARTESIAN_POINT ( 'NONE',  ( -0.2859156433210681136, -26.00086416922701460, 0.7795275590551181688 ) ) ;
#5274 = AXIS2_PLACEMENT_3D ( 'NONE', #6089, #5219, #5249 ) ;
#5275 = ORIENTED_EDGE ( 'NONE', *, *, #4774, .T. ) ;
#5276 = VECTOR ( 'NONE', #3265, 39.37007874015748143 ) ;
#5277 = AXIS2_PLACEMENT_3D ( 'NONE', #1666, #3580, #1198 ) ;
#5278 = CARTESIAN_POINT ( 'NONE',  ( -46.76888308971299324, 0.03800451762590591198, 0.7795275590551181688 ) ) ;
#5279 = CARTESIAN_POINT ( 'NONE',  ( -0.2859156433210681136, 0.03800451762590591198, 0.5433070866141732624 ) ) ;
#5280 = DIRECTION ( 'NONE',  ( 0.000000000000000000, -1.000000000000000000, 0.000000000000000000 ) ) ;
#5281 = AXIS2_PLACEMENT_3D ( 'NONE', #4681, #4162, #6044 ) ;
#5282 = AXIS2_PLACEMENT_3D ( 'NONE', #176, #669, #3941 ) ;
#5283 = ORIENTED_EDGE ( 'NONE', *, *, #2195, .F. ) ;
#5284 = DIRECTION ( 'NONE',  ( 0.000000000000000000, 0.000000000000000000, 1.000000000000000000 ) ) ;
#5285 = CARTESIAN_POINT ( 'NONE',  ( -0.1717424149746065165, -0.001365561114251630020, 0.5433070866141732624 ) ) ;
#5286 = STYLED_ITEM ( 'NONE', ( #5574 ), #3616 ) ;
#5287 = PLANE ( 'NONE',  #1224 ) ;
#5288 = VECTOR ( 'NONE', #5175, 39.37007874015748854 ) ;
#5289 = DIRECTION ( 'NONE',  ( -0.2064491695655964743, 0.9784573268087246589, 0.000000000000000000 ) ) ;
#5290 = CARTESIAN_POINT ( 'NONE',  ( -0.3449707614313327064, 0.1719021554211809244, 0.7362204724409451284 ) ) ;
#5291 = VERTEX_POINT ( 'NONE', #2868 ) ;
#5292 = ORIENTED_EDGE ( 'NONE', *, *, #3677, .T. ) ;
#5293 = ORIENTED_EDGE ( 'NONE', *, *, #1266, .T. ) ;
#5294 = VECTOR ( 'NONE', #1646, 39.37007874015748143 ) ;
#5295 = CARTESIAN_POINT ( 'NONE',  ( -0.1126872968643679029, 0.03800451762590591198, 0.5433070866141732624 ) ) ;
#5296 = VECTOR ( 'NONE', #5804, 39.37007874015748143 ) ;
#5297 = EDGE_CURVE ( 'NONE', #5523, #5181, #925, .T. ) ;
#5298 = DIRECTION ( 'NONE',  ( -1.000000000000000000, 0.000000000000000000, 0.000000000000000000 ) ) ;
#5299 = VERTEX_POINT ( 'NONE', #1451 ) ;
#5300 = AXIS2_PLACEMENT_3D ( 'NONE', #4475, #5408, #1196 ) ;
#5301 = VERTEX_POINT ( 'NONE', #4758 ) ;
#5302 = CARTESIAN_POINT ( 'NONE',  ( 0.06054104959228842620, 0.1270202656573653499, 0.7775590551181102983 ) ) ;
#5303 = EDGE_LOOP ( 'NONE', ( #1284, #3494, #2482, #592 ) ) ;
#5304 = VERTEX_POINT ( 'NONE', #2811 ) ;
#5305 = ADVANCED_FACE ( 'NONE', ( #3333 ), #66, .F. ) ;
#5306 = DIRECTION ( 'NONE',  ( 1.000000000000000000, 0.000000000000000000, 0.000000000000000000 ) ) ;
#5307 = LINE ( 'NONE', #4722, #4386 ) ;
#5308 = CARTESIAN_POINT ( 'NONE',  ( 0.2140843566789031316, -26.10134632421826950, 0.5590551181102362266 ) ) ;
#5309 = EDGE_CURVE ( 'NONE', #4048, #1664, #2356, .T. ) ;
#5310 = DIRECTION ( 'NONE',  ( -1.000000000000000000, 0.000000000000000000, 0.000000000000000000 ) ) ;
#5311 = ORIENTED_EDGE ( 'NONE', *, *, #3685, .F. ) ;
#5312 = LINE ( 'NONE', #1103, #835 ) ;
#5313 = LINE ( 'NONE', #4912, #3317 ) ;
#5314 = FACE_OUTER_BOUND ( 'NONE', #292, .T. ) ;
#5315 = EDGE_LOOP ( 'NONE', ( #1048, #4269, #2473, #895 ) ) ;
#5316 = ORIENTED_EDGE ( 'NONE', *, *, #3837, .T. ) ;
#5317 = DIRECTION ( 'NONE',  ( -0.2064491695655964743, 0.9784573268087246589, 0.000000000000000000 ) ) ;
#5318 = CARTESIAN_POINT ( 'NONE',  ( 0.2377064039229948855, 0.1549336514841702650, 0.7952755905511811330 ) ) ;
#5319 = FACE_OUTER_BOUND ( 'NONE', #4235, .T. ) ;
#5320 = LINE ( 'NONE', #4883, #353 ) ;
#5321 = CARTESIAN_POINT ( 'NONE',  ( 0.09203711258441102383, -26.10134632421826950, 0.5433070866141732624 ) ) ;
#5322 = ORIENTED_EDGE ( 'NONE', *, *, #3359, .T. ) ;
#5323 =( NAMED_UNIT ( * ) SI_UNIT ( $, .STERADIAN. ) SOLID_ANGLE_UNIT ( ) );
#5324 = ORIENTED_EDGE ( 'NONE', *, *, #584, .F. ) ;
#5325 = ORIENTED_EDGE ( 'NONE', *, *, #4929, .F. ) ;
#5326 = CARTESIAN_POINT ( 'NONE',  ( -0.3804038322974441777, -0.001365561114251630020, 0.6614173228346458266 ) ) ;
#5327 = LINE ( 'NONE', #4394, #3730 ) ;
#5328 = CARTESIAN_POINT ( 'NONE',  ( 0.04085601022221181655, 0.1549336514841702650, 0.7952755905511811330 ) ) ;
#5329 = VERTEX_POINT ( 'NONE', #2844 ) ;
#5330 = CARTESIAN_POINT ( 'NONE',  ( 0.1097536480174842732, 0.08800451762590570659, 0.7795275590551181688 ) ) ;
#5331 = ORIENTED_EDGE ( 'NONE', *, *, #5533, .F. ) ;
#5332 = LINE ( 'NONE', #1496, #3325 ) ;
#5333 = CARTESIAN_POINT ( 'NONE',  ( -0.2859156433211031412, -0.02892461623236318793, 0.7795275590551181688 ) ) ;
#5334 = CARTESIAN_POINT ( 'NONE',  ( 0.1294386873875956745, -0.1450663485158281418, 0.6614173228346458266 ) ) ;
#5335 = EDGE_CURVE ( 'NONE', #566, #3703, #4701, .T. ) ;
#5336 = LINE ( 'NONE', #2561, #556 ) ;
#5337 = EDGE_CURVE ( 'NONE', #1550, #421, #5223, .T. ) ;
#5338 = EDGE_LOOP ( 'NONE', ( #4032, #44, #3048, #5420 ) ) ;
#5339 = LINE ( 'NONE', #4938, #3813 ) ;
#5340 = DIRECTION ( 'NONE',  ( -1.000000000000000000, 0.000000000000000000, 0.000000000000000000 ) ) ;
#5341 = CARTESIAN_POINT ( 'NONE',  ( 0.1510922306946844429, -0.001365561114251630020, 0.5590551181102362266 ) ) ;
#5342 = ADVANCED_FACE ( 'NONE', ( #1505 ), #4825, .T. ) ;
#5343 = VERTEX_POINT ( 'NONE', #2474 ) ;
#5344 = DIRECTION ( 'NONE',  ( -0.000000000000000000, 1.000000000000000000, 0.000000000000000000 ) ) ;
#5345 = VECTOR ( 'NONE', #935, 39.37007874015748143 ) ;
#5346 = EDGE_CURVE ( 'NONE', #2788, #1153, #523, .T. ) ;
#5347 = CARTESIAN_POINT ( 'NONE',  ( 0.2140843566789381591, 0.03800451762590591198, 0.6397637795275591399 ) ) ;
#5348 = CARTESIAN_POINT ( 'NONE',  ( -0.1126872968643679029, -0.001365561114251630020, 0.7795275590551181688 ) ) ;
#5349 = DIRECTION ( 'NONE',  ( 1.000000000000000000, 0.000000000000000000, 0.000000000000000000 ) ) ;
#5350 = PLANE ( 'NONE',  #5469 ) ;
#5351 = VERTEX_POINT ( 'NONE', #1478 ) ;
#5352 = ORIENTED_EDGE ( 'NONE', *, *, #1622, .T. ) ;
#5353 = VERTEX_POINT ( 'NONE', #4236 ) ;
#5354 = LINE ( 'NONE', #713, #1347 ) ;
#5355 = DIRECTION ( 'NONE',  ( -1.000000000000000000, 0.000000000000000000, 0.000000000000000000 ) ) ;
#5356 = ORIENTED_EDGE ( 'NONE', *, *, #4629, .F. ) ;
#5357 = DIRECTION ( 'NONE',  ( 0.000000000000000000, -1.000000000000000000, 0.000000000000000000 ) ) ;
#5358 = ORIENTED_EDGE ( 'NONE', *, *, #3070, .T. ) ;
#5359 = VERTEX_POINT ( 'NONE', #4296 ) ;
#5360 = CARTESIAN_POINT ( 'NONE',  ( -7.538613755058740651, -34.41492064910763560, 0.7952755905511811330 ) ) ;
#5361 = VECTOR ( 'NONE', #4247, 39.37007874015748143 ) ;
#5362 = DIRECTION ( 'NONE',  ( 0.000000000000000000, 0.000000000000000000, -1.000000000000000000 ) ) ;
#5363 = CARTESIAN_POINT ( 'NONE',  ( 0.2888875062852377940, -26.00086416922701460, 0.7952755905511811330 ) ) ;
#5364 = PLANE ( 'NONE',  #540 ) ;
#5365 = ORIENTED_EDGE ( 'NONE', *, *, #3891, .F. ) ;
#5366 = VECTOR ( 'NONE', #5134, 39.37007874015748143 ) ;
#5367 = EDGE_CURVE ( 'NONE', #5442, #2255, #5794, .T. ) ;
#5368 = EDGE_CURVE ( 'NONE', #468, #2843, #1981, .T. ) ;
#5369 = LINE ( 'NONE', #5833, #4795 ) ;
#5370 = PLANE ( 'NONE',  #1032 ) ;
#5371 = AXIS2_PLACEMENT_3D ( 'NONE', #4882, #2503, #3924 ) ;
#5372 = CARTESIAN_POINT ( 'NONE',  ( -0.2859156433211031412, -0.02892461623236318793, 0.5590551181102362266 ) ) ;
#5373 = VERTEX_POINT ( 'NONE', #961 ) ;
#5374 = CARTESIAN_POINT ( 'NONE',  ( -10.61693583818035336, 10.22217431878437033, 0.7952755905511811330 ) ) ;
#5375 = AXIS2_PLACEMENT_3D ( 'NONE', #5662, #473, #4237 ) ;
#5376 = ADVANCED_FACE ( 'NONE', ( #1415 ), #4732, .T. ) ;
#5377 = CARTESIAN_POINT ( 'NONE',  ( 0.1117221519544875918, -0.02105060048433255934, 0.7795275590551181688 ) ) ;
#5378 = DIRECTION ( 'NONE',  ( 0.000000000000000000, 1.000000000000000000, 0.000000000000000000 ) ) ;
#5379 = PLANE ( 'NONE',  #5270 ) ;
#5380 = VECTOR ( 'NONE', #4707, 39.37007874015748143 ) ;
#5381 = ORIENTED_EDGE ( 'NONE', *, *, #3869, .T. ) ;
#5382 = VECTOR ( 'NONE', #5999, 39.37007874015748854 ) ;
#5383 = CARTESIAN_POINT ( 'NONE',  ( -46.76888308971299324, -26.00086416922701460, 0.5590551181102362266 ) ) ;
#5384 = ADVANCED_FACE ( 'NONE', ( #5193 ), #120, .F. ) ;
#5385 = ORIENTED_EDGE ( 'NONE', *, *, #5309, .F. ) ;
#5386 = EDGE_LOOP ( 'NONE', ( #2022, #3153, #2829, #5973 ) ) ;
#5387 = LINE ( 'NONE', #5017, #2433 ) ;
#5388 = EDGE_CURVE ( 'NONE', #395, #3408, #3887, .T. ) ;
#5389 = VECTOR ( 'NONE', #2193, 39.37007874015748143 ) ;
#5390 = AXIS2_PLACEMENT_3D ( 'NONE', #3763, #4109, #5060 ) ;
#5391 = DIRECTION ( 'NONE',  ( 0.000000000000000000, 0.000000000000000000, 1.000000000000000000 ) ) ;
#5392 = ORIENTED_EDGE ( 'NONE', *, *, #5823, .F. ) ;
#5393 = LINE ( 'NONE', #1708, #148 ) ;
#5394 = VECTOR ( 'NONE', #432, 39.37007874015748143 ) ;
#5395 = ORIENTED_EDGE ( 'NONE', *, *, #2476, .T. ) ;
#5396 = VECTOR ( 'NONE', #5900, 39.37007874015748143 ) ;
#5397 = EDGE_LOOP ( 'NONE', ( #2460, #2986, #178, #5104 ) ) ;
#5398 = DIRECTION ( 'NONE',  ( 1.000000000000000000, 0.000000000000000000, 0.000000000000000000 ) ) ;
#5399 = DIRECTION ( 'NONE',  ( 0.000000000000000000, 0.000000000000000000, 1.000000000000000000 ) ) ;
#5400 = CARTESIAN_POINT ( 'NONE',  ( -46.94045648118299141, 0.03800451762590591198, 0.7952755905511811330 ) ) ;
#5401 = LINE ( 'NONE', #4345, #4008 ) ;
#5402 = ORIENTED_EDGE ( 'NONE', *, *, #3894, .T. ) ;
#5403 = EDGE_LOOP ( 'NONE', ( #1904, #34, #4022, #2753 ) ) ;
#5404 = VECTOR ( 'NONE', #4648, 39.37007874015748143 ) ;
#5405 = CARTESIAN_POINT ( 'NONE',  ( 0.2770764826631570976, -0.09703485245283602345, 0.5433070866141732624 ) ) ;
#5406 = DIRECTION ( 'NONE',  ( 1.000000000000000000, 0.000000000000000000, 0.000000000000000000 ) ) ;
#5407 = VERTEX_POINT ( 'NONE', #3835 ) ;
#5408 = DIRECTION ( 'NONE',  ( 0.000000000000000000, -1.000000000000000000, 0.000000000000000000 ) ) ;
#5409 = PLANE ( 'NONE',  #3505 ) ;
#5410 = CARTESIAN_POINT ( 'NONE',  ( 0.2888875062892153900, -26.10134632421094381, 0.7952755905511811330 ) ) ;
#5411 = CARTESIAN_POINT ( 'NONE',  ( 0.1510922306946844429, 0.03800451762590591198, 0.7795275590551181688 ) ) ;
#5412 = EDGE_LOOP ( 'NONE', ( #4640, #665, #550, #3445 ) ) ;
#5413 = EDGE_CURVE ( 'NONE', #2843, #4363, #5777, .T. ) ;
#5414 = EDGE_CURVE ( 'NONE', #421, #1400, #2380, .T. ) ;
#5415 = VERTEX_POINT ( 'NONE', #5694 ) ;
#5416 = ORIENTED_EDGE ( 'NONE', *, *, #2961, .F. ) ;
#5417 = LINE ( 'NONE', #2172, #4703 ) ;
#5418 = ADVANCED_FACE ( 'NONE', ( #5838 ), #3550, .T. ) ;
#5419 = FACE_OUTER_BOUND ( 'NONE', #5473, .T. ) ;
#5420 = ORIENTED_EDGE ( 'NONE', *, *, #2797, .T. ) ;
#5421 = DIRECTION ( 'NONE',  ( 0.000000000000000000, 0.000000000000000000, -1.000000000000000000 ) ) ;
#5422 = ADVANCED_FACE ( 'NONE', ( #1598 ), #4016, .T. ) ;
#5423 = ORIENTED_EDGE ( 'NONE', *, *, #3266, .T. ) ;
#5424 = ORIENTED_EDGE ( 'NONE', *, *, #5994, .F. ) ;
#5425 = LINE ( 'NONE', #5051, #6093 ) ;
#5426 = DIRECTION ( 'NONE',  ( -1.000000000000000000, 0.000000000000000000, 0.000000000000000000 ) ) ;
#5427 = DIRECTION ( 'NONE',  ( 1.000000000000000000, 0.000000000000000000, 0.000000000000000000 ) ) ;
#5428 = CARTESIAN_POINT ( 'NONE',  ( 0.2377064039229948855, 0.08800451762590570659, 0.7952755905511811330 ) ) ;
#5429 = CARTESIAN_POINT ( 'NONE',  ( -0.3095376905651948674, -0.02892461623236318793, 0.7952755905511811330 ) ) ;
#5430 = ORIENTED_EDGE ( 'NONE', *, *, #430, .F. ) ;
#5431 = ORIENTED_EDGE ( 'NONE', *, *, #779, .F. ) ;
#5432 = CARTESIAN_POINT ( 'NONE',  ( -0.1461518637935025622, -0.001365561114251630020, 0.6771653543307086798 ) ) ;
#5433 = CARTESIAN_POINT ( 'NONE',  ( 0.1097536480174842732, -26.10134632421826950, 0.7952755905511811330 ) ) ;
#5434 = CARTESIAN_POINT ( 'NONE',  ( 0.3243205771513404945, 0.1876501869172421400, 0.7952755905511811330 ) ) ;
#5435 = EDGE_LOOP ( 'NONE', ( #1162, #3572, #1022, #1099 ) ) ;
#5436 = CARTESIAN_POINT ( 'NONE',  ( 0.1392812070726383855, -0.1450663485158281418, 0.6771653543307086798 ) ) ;
#5437 = CARTESIAN_POINT ( 'NONE',  ( -0.3449707614313327064, 0.1719021554211809244, 0.5433070866141732624 ) ) ;
#5438 = CARTESIAN_POINT ( 'NONE',  ( -0.3804038322974441777, 0.07343758849204802541, 0.6771653543307086798 ) ) ;
#5439 = DIRECTION ( 'NONE',  ( -1.000000000000000000, 0.000000000000000000, 0.000000000000000000 ) ) ;
#5440 = VERTEX_POINT ( 'NONE', #244 ) ;
#5441 = ORIENTED_EDGE ( 'NONE', *, *, #4287, .F. ) ;
#5442 = VERTEX_POINT ( 'NONE', #2536 ) ;
#5443 = LINE ( 'NONE', #4523, #512 ) ;
#5444 = DIRECTION ( 'NONE',  ( 0.000000000000000000, 0.000000000000000000, -1.000000000000000000 ) ) ;
#5445 = ADVANCED_FACE ( 'NONE', ( #3457, #4850 ), #2133, .F. ) ;
#5446 = EDGE_CURVE ( 'NONE', #445, #5808, #3486, .T. ) ;
#5447 = AXIS2_PLACEMENT_3D ( 'NONE', #5695, #2381, #1452 ) ;
#5448 = CARTESIAN_POINT ( 'NONE',  ( -0.1717424149746413220, -26.10134632421826950, 0.7952755905511811330 ) ) ;
#5449 = VERTEX_POINT ( 'NONE', #1665 ) ;
#5450 = CARTESIAN_POINT ( 'NONE',  ( 0.2888875062852027664, -0.02892461623236318793, 0.7952755905511811330 ) ) ;
#5451 = ORIENTED_EDGE ( 'NONE', *, *, #4877, .T. ) ;
#5452 = ORIENTED_EDGE ( 'NONE', *, *, #4324, .T. ) ;
#5453 = CARTESIAN_POINT ( 'NONE',  ( 0.02904498660016590489, 0.1270202656573653499, 0.7775590551181102983 ) ) ;
#5454 = EDGE_CURVE ( 'NONE', #3270, #711, #705, .T. ) ;
#5455 = CARTESIAN_POINT ( 'NONE',  ( -0.1126872968643679029, 0.03800451762590591198, 0.7795275590551181688 ) ) ;
#5456 = DIRECTION ( 'NONE',  ( -1.000000000000000000, 0.000000000000000000, 0.000000000000000000 ) ) ;
#5457 = PLANE ( 'NONE',  #3794 ) ;
#5458 = CARTESIAN_POINT ( 'NONE',  ( -0.1717424149746065165, -0.001365561114251630020, 0.5590551181102362266 ) ) ;
#5459 = EDGE_LOOP ( 'NONE', ( #4450, #2103, #5091, #384 ) ) ;
#5460 = EDGE_CURVE ( 'NONE', #3043, #6075, #3816, .T. ) ;
#5461 = EDGE_LOOP ( 'NONE', ( #2001, #4029, #3694, #793 ) ) ;
#5462 = EDGE_CURVE ( 'NONE', #5373, #2904, #3054, .T. ) ;
#5463 = DIRECTION ( 'NONE',  ( -1.000000000000000000, 0.000000000000000000, 0.000000000000000000 ) ) ;
#5464 = PRESENTATION_STYLE_ASSIGNMENT (( #2127 ) ) ;
#5465 = CARTESIAN_POINT ( 'NONE',  ( 0.1117221519544875918, -0.02105060048433255934, 0.5433070866141732624 ) ) ;
#5466 = VECTOR ( 'NONE', #4743, 39.37007874015748143 ) ;
#5467 = ORIENTED_EDGE ( 'NONE', *, *, #1221, .T. ) ;
#5468 = CARTESIAN_POINT ( 'NONE',  ( 0.09991112833247657588, 0.03800451762590591198, 0.7952755905511811330 ) ) ;
#5469 = AXIS2_PLACEMENT_3D ( 'NONE', #2601, #5783, #1573 ) ;
#5470 = LINE ( 'NONE', #5011, #1828 ) ;
#5471 = CARTESIAN_POINT ( 'NONE',  ( -37.16341135112657668, -36.78827071774693280, 0.7775590551181102983 ) ) ;
#5472 = DIRECTION ( 'NONE',  ( 0.000000000000000000, -1.000000000000000000, 0.000000000000000000 ) ) ;
#5473 = EDGE_LOOP ( 'NONE', ( #5702, #24, #3512, #4391 ) ) ;
#5474 = ORIENTED_EDGE ( 'NONE', *, *, #5446, .F. ) ;
#5475 = VECTOR ( 'NONE', #1080, 39.37007874015748143 ) ;
#5476 = ORIENTED_EDGE ( 'NONE', *, *, #5176, .T. ) ;
#5477 = LINE ( 'NONE', #4026, #3218 ) ;
#5478 = VECTOR ( 'NONE', #4284, 39.37007874015748143 ) ;
#5479 = VECTOR ( 'NONE', #2900, 39.37007874015748143 ) ;
#5480 = CARTESIAN_POINT ( 'NONE',  ( -0.3063455535286570552, -0.1378837100495261814, 0.7952755905511811330 ) ) ;
#5481 = VERTEX_POINT ( 'NONE', #151 ) ;
#5482 = DIRECTION ( 'NONE',  ( 0.000000000000000000, -1.000000000000000000, 0.000000000000000000 ) ) ;
#5483 = ORIENTED_EDGE ( 'NONE', *, *, #5570, .F. ) ;
#5484 = EDGE_CURVE ( 'NONE', #5042, #4163, #3950, .T. ) ;
#5485 = ORIENTED_EDGE ( 'NONE', *, *, #1475, .F. ) ;
#5486 = VECTOR ( 'NONE', #5047, 39.37007874015748143 ) ;
#5487 = VECTOR ( 'NONE', #1355, 39.37007874015748143 ) ;
#5488 = DIRECTION ( 'NONE',  ( 1.000000000000000000, 0.000000000000000000, 0.000000000000000000 ) ) ;
#5489 = PLANE ( 'NONE',  #1126 ) ;
#5490 = AXIS2_PLACEMENT_3D ( 'NONE', #3493, #653, #2545 ) ;
#5491 = FACE_OUTER_BOUND ( 'NONE', #1603, .T. ) ;
#5492 = DIRECTION ( 'NONE',  ( 0.000000000000000000, 0.000000000000000000, -1.000000000000000000 ) ) ;
#5493 = VECTOR ( 'NONE', #13, 39.37007874015748143 ) ;
#5494 = CARTESIAN_POINT ( 'NONE',  ( -0.1323723362344881860, -0.02105060048433255934, 0.7795275590551181688 ) ) ;
#5495 = ORIENTED_EDGE ( 'NONE', *, *, #1788, .F. ) ;
#5496 = EDGE_CURVE ( 'NONE', #2467, #352, #2632, .T. ) ;
#5497 = EDGE_CURVE ( 'NONE', #2662, #4104, #2040, .T. ) ;
#5498 = ORIENTED_EDGE ( 'NONE', *, *, #5036, .T. ) ;
#5499 = VECTOR ( 'NONE', #1115, 39.37007874015748143 ) ;
#5500 = ADVANCED_FACE ( 'NONE', ( #4044 ), #612, .T. ) ;
#5501 = DIRECTION ( 'NONE',  ( 0.000000000000000000, 0.000000000000000000, 1.000000000000000000 ) ) ;
#5502 = CARTESIAN_POINT ( 'NONE',  ( -0.2091439897777913615, -0.4816411516654354741, 0.6023622047244094890 ) ) ;
#5503 = AXIS2_PLACEMENT_3D ( 'NONE', #5374, #4879, #184 ) ;
#5504 = ADVANCED_FACE ( 'NONE', ( #1078 ), #676, .T. ) ;
#5505 = ORIENTED_EDGE ( 'NONE', *, *, #5041, .F. ) ;
#5506 = DIRECTION ( 'NONE',  ( 0.000000000000000000, -1.000000000000000000, 4.336808689942495786E-15 ) ) ;
#5507 = CIRCLE ( 'NONE', #2349, 0.03149606299212252131 ) ;
#5508 = FACE_OUTER_BOUND ( 'NONE', #1394, .T. ) ;
#5509 = FACE_OUTER_BOUND ( 'NONE', #4080, .T. ) ;
#5510 = FACE_OUTER_BOUND ( 'NONE', #2279, .T. ) ;
#5511 = ORIENTED_EDGE ( 'NONE', *, *, #1475, .T. ) ;
#5512 = ORIENTED_EDGE ( 'NONE', *, *, #3262, .F. ) ;
#5513 = CARTESIAN_POINT ( 'NONE',  ( 0.2140843566789031316, 0.1549336514841702650, 0.7795275590551181688 ) ) ;
#5514 = DIRECTION ( 'NONE',  ( 0.000000000000000000, 0.000000000000000000, 1.000000000000000000 ) ) ;
#5515 = ORIENTED_EDGE ( 'NONE', *, *, #501, .F. ) ;
#5516 = CARTESIAN_POINT ( 'NONE',  ( -0.1993014700927137617, -26.00086416922701460, 0.6614173228346458266 ) ) ;
#5517 = ORIENTED_EDGE ( 'NONE', *, *, #2354, .T. ) ;
#5518 = ORIENTED_EDGE ( 'NONE', *, *, #2283, .T. ) ;
#5519 = CARTESIAN_POINT ( 'NONE',  ( 0.2888875062852027664, -0.08522382883079014648, 0.7952755905511811330 ) ) ;
#5520 = CARTESIAN_POINT ( 'NONE',  ( -0.1087502889903876058, 0.3057604231376799819, 0.6102362204724409711 ) ) ;
#5521 = DIRECTION ( 'NONE',  ( -1.000000000000000000, 0.000000000000000000, 0.000000000000000000 ) ) ;
#5522 = CYLINDRICAL_SURFACE ( 'NONE', #4698, 0.009842519685033915972 ) ;
#5523 = VERTEX_POINT ( 'NONE', #4381 ) ;
#5524 = CYLINDRICAL_SURFACE ( 'NONE', #250, 0.02204724409448401146 ) ;
#5525 = ORIENTED_EDGE ( 'NONE', *, *, #1872, .T. ) ;
#5526 = VERTEX_POINT ( 'NONE', #5809 ) ;
#5527 = ADVANCED_FACE ( 'NONE', ( #1107 ), #2987, .T. ) ;
#5528 = ADVANCED_FACE ( 'NONE', ( #644 ), #1137, .T. ) ;
#5529 = DIRECTION ( 'NONE',  ( 0.000000000000000000, 0.000000000000000000, -1.000000000000000000 ) ) ;
#5530 = DIRECTION ( 'NONE',  ( 0.000000000000000000, 0.000000000000000000, -1.000000000000000000 ) ) ;
#5531 = ORIENTED_EDGE ( 'NONE', *, *, #316, .F. ) ;
#5532 = PLANE ( 'NONE',  #2143 ) ;
#5533 = EDGE_CURVE ( 'NONE', #4441, #3545, #3978, .T. ) ;
#5534 = DIRECTION ( 'NONE',  ( 1.000000000000000000, 0.000000000000000000, 0.000000000000000000 ) ) ;
#5535 = CARTESIAN_POINT ( 'NONE',  ( 0.09361191573401889121, -26.51425848898617943, 0.3838582677165354173 ) ) ;
#5536 = CARTESIAN_POINT ( 'NONE',  ( 0.09203711258444587096, 0.03800451762590591198, 0.5590551181102362266 ) ) ;
#5537 = VERTEX_POINT ( 'NONE', #772 ) ;
#5538 = VERTEX_POINT ( 'NONE', #3120 ) ;
#5539 = DIRECTION ( 'NONE',  ( 0.7071067811865474617, 0.7071067811865474617, 0.000000000000000000 ) ) ;
#5540 = CARTESIAN_POINT ( 'NONE',  ( -0.06741170631318739448, -0.1450663485158281418, 0.6614173228346458266 ) ) ;
#5541 = CARTESIAN_POINT ( 'NONE',  ( 0.09203711258441102383, -26.10134632421826950, 0.7952755905511811330 ) ) ;
#5542 = ORIENTED_EDGE ( 'NONE', *, *, #5641, .T. ) ;
#5543 = DIRECTION ( 'NONE',  ( 0.000000000000000000, 0.000000000000000000, 1.000000000000000000 ) ) ;
#5544 = VERTEX_POINT ( 'NONE', #1321 ) ;
#5545 = ORIENTED_EDGE ( 'NONE', *, *, #1444, .F. ) ;
#5546 = LINE ( 'NONE', #2738, #1392 ) ;
#5547 = CARTESIAN_POINT ( 'NONE',  ( 0.1451867188836220568, 0.1549336514841702650, 0.7952755905511811330 ) ) ;
#5548 = AXIS2_PLACEMENT_3D ( 'NONE', #3772, #5661, #4264 ) ;
#5549 = CARTESIAN_POINT ( 'NONE',  ( -0.2091439897777913615, -0.4816411516654354741, 0.7362204724409451284 ) ) ;
#5550 = FACE_OUTER_BOUND ( 'NONE', #3725, .T. ) ;
#5551 = ORIENTED_EDGE ( 'NONE', *, *, #619, .T. ) ;
#5552 = DIRECTION ( 'NONE',  ( 0.000000000000000000, -1.000000000000000000, 0.000000000000000000 ) ) ;
#5553 = ORIENTED_EDGE ( 'NONE', *, *, #2174, .F. ) ;
#5554 = ORIENTED_EDGE ( 'NONE', *, *, #3530, .F. ) ;
#5555 = FACE_OUTER_BOUND ( 'NONE', #2111, .T. ) ;
#5556 = CARTESIAN_POINT ( 'NONE',  ( 0.2888875062852377940, 0.03800451762590591198, 0.7952755905511811330 ) ) ;
#5557 = LINE ( 'NONE', #825, #856 ) ;
#5558 = EDGE_CURVE ( 'NONE', #3987, #271, #305, .T. ) ;
#5559 = ADVANCED_FACE ( 'NONE', ( #5561 ), #1291, .F. ) ;
#5560 = ORIENTED_EDGE ( 'NONE', *, *, #3475, .T. ) ;
#5561 = FACE_OUTER_BOUND ( 'NONE', #5046, .T. ) ;
#5562 = CARTESIAN_POINT ( 'NONE',  ( 0.2888875062892153900, -26.10134632421094381, 0.7952755905511811330 ) ) ;
#5563 = VECTOR ( 'NONE', #4273, 39.37007874015748143 ) ;
#5564 = DIRECTION ( 'NONE',  ( 0.000000000000000000, 1.000000000000000000, 0.000000000000000000 ) ) ;
#5565 = CARTESIAN_POINT ( 'NONE',  ( 0.3243205771513404945, -0.1324679233161021874, 0.7952755905511811330 ) ) ;
#5566 = EDGE_CURVE ( 'NONE', #1083, #5845, #1767, .T. ) ;
#5567 = ORIENTED_EDGE ( 'NONE', *, *, #962, .F. ) ;
#5568 = DIRECTION ( 'NONE',  ( 1.000000000000000000, 0.000000000000000000, 0.000000000000000000 ) ) ;
#5569 = VECTOR ( 'NONE', #2693, 39.37007874015748143 ) ;
#5570 = EDGE_CURVE ( 'NONE', #1938, #2394, #5961, .T. ) ;
#5571 = CARTESIAN_POINT ( 'NONE',  ( 0.1491237267576722703, -26.00086416922701460, 0.7952755905511811330 ) ) ;
#5572 = ORIENTED_EDGE ( 'NONE', *, *, #3932, .F. ) ;
#5573 = VECTOR ( 'NONE', #4853, 39.37007874015748143 ) ;
#5574 = PRESENTATION_STYLE_ASSIGNMENT (( #2266 ) ) ;
#5575 = ORIENTED_EDGE ( 'NONE', *, *, #4427, .F. ) ;
#5576 = ADVANCED_FACE ( 'NONE', ( #1229 ), #3148, .T. ) ;
#5577 = VERTEX_POINT ( 'NONE', #3705 ) ;
#5578 = DIRECTION ( 'NONE',  ( 0.000000000000000000, 4.336808689942495786E-15, 1.000000000000000000 ) ) ;
#5579 = CARTESIAN_POINT ( 'NONE',  ( -0.1323723362344881860, -0.02105060048433255934, 0.7952755905511811330 ) ) ;
#5580 = AXIS2_PLACEMENT_3D ( 'NONE', #4034, #1561, #2614 ) ;
#5581 = AXIS2_PLACEMENT_3D ( 'NONE', #1696, #2192, #4477 ) ;
#5582 = CARTESIAN_POINT ( 'NONE',  ( -0.1717424149746413220, -0.02105060048433255934, 0.5590551181102362266 ) ) ;
#5583 = CARTESIAN_POINT ( 'NONE',  ( -0.2859156433210681136, -0.001365561114251630020, 0.5433070866141732624 ) ) ;
#5584 = EDGE_LOOP ( 'NONE', ( #1677, #611, #1933, #4490 ) ) ;
#5585 = LINE ( 'NONE', #2794, #454 ) ;
#5586 = ORIENTED_EDGE ( 'NONE', *, *, #4521, .T. ) ;
#5587 = CIRCLE ( 'NONE', #5281, 0.02204724409448401146 ) ;
#5588 = VECTOR ( 'NONE', #4911, 39.37007874015748143 ) ;
#5589 = ORIENTED_EDGE ( 'NONE', *, *, #5257, .F. ) ;
#5590 = AXIS2_PLACEMENT_3D ( 'NONE', #1053, #884, #4188 ) ;
#5591 = VECTOR ( 'NONE', #6019, 39.37007874015748143 ) ;
#5592 = PLANE ( 'NONE',  #859 ) ;
#5593 = CARTESIAN_POINT ( 'NONE',  ( 0.09203711258441102383, -26.10134632421826950, 0.5590551181102362266 ) ) ;
#5594 = CARTESIAN_POINT ( 'NONE',  ( 0.09203711258441102383, -26.10134632421826950, 0.7952755905511811330 ) ) ;
#5595 = VECTOR ( 'NONE', #3532, 39.37007874015748143 ) ;
#5596 = AXIS2_PLACEMENT_3D ( 'NONE', #140, #721, #5399 ) ;
#5597 = VERTEX_POINT ( 'NONE', #4171 ) ;
#5598 = CARTESIAN_POINT ( 'NONE',  ( 0.3035799093721252007, -0.1249909137377952922, 0.7952755905511811330 ) ) ;
#5599 = VECTOR ( 'NONE', #1694, 39.37007874015748143 ) ;
#5600 = CARTESIAN_POINT ( 'NONE',  ( 0.08022608896240000786, 0.03800451762590591198, 0.6614173228346458266 ) ) ;
#5601 = LINE ( 'NONE', #4608, #3117 ) ;
#5602 = CARTESIAN_POINT ( 'NONE',  ( -0.2445770606439027772, -0.1450663485158281418, 0.6771653543307086798 ) ) ;
#5603 = ORIENTED_EDGE ( 'NONE', *, *, #1622, .F. ) ;
#5604 = VECTOR ( 'NONE', #5790, 39.37007874015748143 ) ;
#5605 = DIRECTION ( 'NONE',  ( 1.000000000000000000, 0.000000000000000000, 0.000000000000000000 ) ) ;
#5606 = EDGE_CURVE ( 'NONE', #479, #4346, #4748, .T. ) ;
#5607 = CARTESIAN_POINT ( 'NONE',  ( 0.2377064039229948855, 0.1549336514841702650, 0.7952755905511811330 ) ) ;
#5608 = ADVANCED_FACE ( 'NONE', ( #6051 ), #5532, .F. ) ;
#5609 = ORIENTED_EDGE ( 'NONE', *, *, #5915, .T. ) ;
#5610 = ORIENTED_EDGE ( 'NONE', *, *, #4916, .T. ) ;
#5611 = ORIENTED_EDGE ( 'NONE', *, *, #4699, .F. ) ;
#5612 = DIRECTION ( 'NONE',  ( 0.000000000000000000, 0.000000000000000000, 1.000000000000000000 ) ) ;
#5613 = EDGE_CURVE ( 'NONE', #4363, #2235, #3241, .T. ) ;
#5614 = CARTESIAN_POINT ( 'NONE',  ( 0.2652654590411374080, 0.03800451762590591198, 0.5590551181102362266 ) ) ;
#5615 = EDGE_CURVE ( 'NONE', #4752, #5538, #5211, .T. ) ;
#5616 = LINE ( 'NONE', #419, #153 ) ;
#5617 = CARTESIAN_POINT ( 'NONE',  ( -0.1717424149746413220, -26.10134632421826950, 0.5590551181102362266 ) ) ;
#5618 = ORIENTED_EDGE ( 'NONE', *, *, #4590, .F. ) ;
#5619 = PRODUCT_CONTEXT ( 'NONE', #2674, 'mechanical' ) ;
#5620 = CARTESIAN_POINT ( 'NONE',  ( -0.2189865094627988229, -26.00086416922701460, 0.6614173228346458266 ) ) ;
#5621 = VERTEX_POINT ( 'NONE', #4114 ) ;
#5622 = ORIENTED_EDGE ( 'NONE', *, *, #5268, .T. ) ;
#5623 = EDGE_CURVE ( 'NONE', #868, #3196, #799, .T. ) ;
#5624 = CARTESIAN_POINT ( 'NONE',  ( -0.2091439897777913615, 0.1876501869172421400, 0.6023622047244094890 ) ) ;
#5625 = DIRECTION ( 'NONE',  ( -0.7071067811864688579, 0.7071067811866259545, 4.444328744010334510E-17 ) ) ;
#5626 = DIRECTION ( 'NONE',  ( 0.000000000000000000, 0.000000000000000000, 1.000000000000000000 ) ) ;
#5627 = CARTESIAN_POINT ( 'NONE',  ( 0.1884938054977992050, 0.1876501869172421400, 0.7362204724409451284 ) ) ;
#5628 = CARTESIAN_POINT ( 'NONE',  ( -0.2189865094627988229, 0.07343758849204802541, 0.6771653543307086798 ) ) ;
#5629 = CARTESIAN_POINT ( 'NONE',  ( -0.01032509213999598455, -26.51425848898617943, 0.7775590551181102983 ) ) ;
#5630 = ORIENTED_EDGE ( 'NONE', *, *, #6099, .T. ) ;
#5631 = DIRECTION ( 'NONE',  ( 1.000000000000000000, 0.000000000000000000, 0.000000000000000000 ) ) ;
#5632 = CARTESIAN_POINT ( 'NONE',  ( -46.94045648118299141, 0.08800451762590570659, 0.7952755905511811330 ) ) ;
#5633 = DIRECTION ( 'NONE',  ( 0.000000000000000000, 0.000000000000000000, -1.000000000000000000 ) ) ;
#5634 = DIRECTION ( 'NONE',  ( -1.000000000000000000, 0.000000000000000000, 0.000000000000000000 ) ) ;
#5635 = ORIENTED_EDGE ( 'NONE', *, *, #1907, .F. ) ;
#5636 = FILL_AREA_STYLE_COLOUR ( '', #3996 ) ;
#5637 = ORIENTED_EDGE ( 'NONE', *, *, #2669, .F. ) ;
#5638 = EDGE_LOOP ( 'NONE', ( #5885, #2197, #1700, #5322, #4243, #2592, #5647, #2047, #6106, #2500, #5846, #4927, #2333, #5022, #234, #3360, #65, #1772, #3060, #5816, #4928, #2749, #6118, #858, #5078, #5988, #792, #4612 ) ) ;
#5639 = CARTESIAN_POINT ( 'NONE',  ( -46.76888308971299324, 0.03800451762590591198, 0.7795275590551181688 ) ) ;
#5640 = EDGE_CURVE ( 'NONE', #1512, #2304, #869, .T. ) ;
#5641 = EDGE_CURVE ( 'NONE', #2147, #662, #4510, .T. ) ;
#5642 = CARTESIAN_POINT ( 'NONE',  ( -0.3804038322974441777, 0.07343758849204802541, 0.6771653543307086798 ) ) ;
#5643 = LINE ( 'NONE', #2367, #5493 ) ;
#5644 = ORIENTED_EDGE ( 'NONE', *, *, #2842, .T. ) ;
#5645 = DIRECTION ( 'NONE',  ( 0.000000000000000000, 0.000000000000000000, -1.000000000000000000 ) ) ;
#5646 = ORIENTED_EDGE ( 'NONE', *, *, #4401, .T. ) ;
#5647 = ORIENTED_EDGE ( 'NONE', *, *, #3829, .F. ) ;
#5648 = VECTOR ( 'NONE', #4152, 39.37007874015748143 ) ;
#5649 = EDGE_CURVE ( 'NONE', #2304, #1568, #4569, .T. ) ;
#5650 = CARTESIAN_POINT ( 'NONE',  ( -46.76888308971354036, 0.07343758849090727125, 0.7952755905511811330 ) ) ;
#5651 = LINE ( 'NONE', #6113, #4107 ) ;
#5652 = EDGE_CURVE ( 'NONE', #1488, #5192, #2721, .T. ) ;
#5653 = CARTESIAN_POINT ( 'NONE',  ( -46.94045648118299141, 0.1549336514841702650, 0.7952755905511811330 ) ) ;
#5654 = ORIENTED_EDGE ( 'NONE', *, *, #2464, .T. ) ;
#5655 = EDGE_CURVE ( 'NONE', #4451, #2403, #3647, .T. ) ;
#5656 = LINE ( 'NONE', #465, #5770 ) ;
#5657 = LINE ( 'NONE', #3330, #5394 ) ;
#5658 = DIRECTION ( 'NONE',  ( -0.7071067811866259545, -0.7071067811864688579, 0.000000000000000000 ) ) ;
#5659 = ORIENTED_EDGE ( 'NONE', *, *, #2774, .T. ) ;
#5660 = DIRECTION ( 'NONE',  ( -0.7071067811866259545, -0.7071067811864688579, -4.444328744009344120E-17 ) ) ;
#5661 = DIRECTION ( 'NONE',  ( 0.000000000000000000, -5.421010862427369920E-15, 1.000000000000000000 ) ) ;
#5662 = CARTESIAN_POINT ( 'NONE',  ( 0.2888875062892153900, -26.10134632421094381, 0.7952755905511811330 ) ) ;
#5663 = LINE ( 'NONE', #1960, #1416 ) ;
#5664 = ORIENTED_EDGE ( 'NONE', *, *, #2382, .F. ) ;
#5665 = CARTESIAN_POINT ( 'NONE',  ( -46.76888308971299324, -26.00086416922701460, 0.7795275590551181688 ) ) ;
#5666 = VERTEX_POINT ( 'NONE', #4605 ) ;
#5667 = VERTEX_POINT ( 'NONE', #375 ) ;
#5668 = LINE ( 'NONE', #4740, #2687 ) ;
#5669 = CARTESIAN_POINT ( 'NONE',  ( -0.1717424149746413220, -0.02105060048433255934, 0.7952755905511811330 ) ) ;
#5670 = VECTOR ( 'NONE', #1273, 39.37007874015748143 ) ;
#5671 = DIRECTION ( 'NONE',  ( 1.000000000000000000, 0.000000000000000000, 0.000000000000000000 ) ) ;
#5672 = EDGE_LOOP ( 'NONE', ( #3748, #1040, #3936, #798 ) ) ;
#5673 = CARTESIAN_POINT ( 'NONE',  ( 0.2652654590411023805, 0.03800451762590591198, 0.7795275590551181688 ) ) ;
#5674 = ADVANCED_FACE ( 'NONE', ( #4145 ), #6024, .T. ) ;
#5675 = ORIENTED_EDGE ( 'NONE', *, *, #3670, .F. ) ;
#5676 = VERTEX_POINT ( 'NONE', #2462 ) ;
#5677 = DIRECTION ( 'NONE',  ( 0.000000000000000000, -1.000000000000000000, 0.000000000000000000 ) ) ;
#5678 = VECTOR ( 'NONE', #4500, 39.37007874015748143 ) ;
#5679 = DIRECTION ( 'NONE',  ( -1.000000000000000000, 0.000000000000000000, 0.000000000000000000 ) ) ;
#5681 = EDGE_CURVE ( 'NONE', #3215, #1680, #5332, .T. ) ;
#5680 = VECTOR ( 'NONE', #2136, 39.37007874015748143 ) ;
#5682 = CARTESIAN_POINT ( 'NONE',  ( 0.2377064039229948855, 0.1549336514841702650, 0.7795275590551181688 ) ) ;
#5683 = EDGE_CURVE ( 'NONE', #5728, #3471, #667, .T. ) ;
#5684 = EDGE_LOOP ( 'NONE', ( #4380, #4502, #1352, #3332 ) ) ;
#5685 = VECTOR ( 'NONE', #124, 39.37007874015748143 ) ;
#5686 = VECTOR ( 'NONE', #3825, 39.37007874015748143 ) ;
#5687 = EDGE_CURVE ( 'NONE', #868, #5909, #4813, .T. ) ;
#5688 = DIRECTION ( 'NONE',  ( 6.083413833562430927E-14, -1.000000000000000000, 0.000000000000000000 ) ) ;
#5689 = LINE ( 'NONE', #1918, #829 ) ;
#5690 = EDGE_CURVE ( 'NONE', #4574, #4091, #2976, .T. ) ;
#5691 = VECTOR ( 'NONE', #1384, 39.37007874015748854 ) ;
#5692 = VECTOR ( 'NONE', #722, 39.37007874015748143 ) ;
#5693 = ORIENTED_EDGE ( 'NONE', *, *, #5911, .T. ) ;
#5694 = CARTESIAN_POINT ( 'NONE',  ( -0.3111124937147940472, 0.04001239164161551204, 0.6338582677165355284 ) ) ;
#5695 = CARTESIAN_POINT ( 'NONE',  ( -47.43742357988960379, 0.04001239164161551204, 0.7775590551181102983 ) ) ;
#5696 = VECTOR ( 'NONE', #4614, 39.37007874015748143 ) ;
#5697 = PLANE ( 'NONE',  #2514 ) ;
#5698 = CARTESIAN_POINT ( 'NONE',  ( 0.1097536480174842732, 0.08800451762590570659, 0.7952755905511811330 ) ) ;
#5699 = EDGE_LOOP ( 'NONE', ( #1494, #972, #2453, #5945 ) ) ;
#5700 = VECTOR ( 'NONE', #4576, 39.37007874015748143 ) ;
#5701 = ORIENTED_EDGE ( 'NONE', *, *, #542, .F. ) ;
#5702 = ORIENTED_EDGE ( 'NONE', *, *, #2516, .F. ) ;
#5703 = LINE ( 'NONE', #1516, #4753 ) ;
#5704 = FACE_OUTER_BOUND ( 'NONE', #1849, .T. ) ;
#5705 = VECTOR ( 'NONE', #1248, 39.37007874015748143 ) ;
#5706 = LINE ( 'NONE', #4310, #1118 ) ;
#5707 = VERTEX_POINT ( 'NONE', #3379 ) ;
#5708 = DIRECTION ( 'NONE',  ( 0.000000000000000000, 0.000000000000000000, 1.000000000000000000 ) ) ;
#5709 = EDGE_LOOP ( 'NONE', ( #321, #1584, #3605, #1457 ) ) ;
#5710 = DIRECTION ( 'NONE',  ( 0.9784573268087538578, -0.2064491695654584735, 0.000000000000000000 ) ) ;
#5711 = LINE ( 'NONE', #3877, #3412 ) ;
#5712 = CARTESIAN_POINT ( 'NONE',  ( 0.3243205771513404945, 0.1719021554211809244, 0.5590551181102362266 ) ) ;
#5713 = LINE ( 'NONE', #3764, #2434 ) ;
#5714 = ORIENTED_EDGE ( 'NONE', *, *, #2593, .F. ) ;
#5715 = EDGE_CURVE ( 'NONE', #2689, #3369, #3009, .T. ) ;
#5716 = EDGE_CURVE ( 'NONE', #1512, #219, #2028, .T. ) ;
#5717 = CARTESIAN_POINT ( 'NONE',  ( -0.2642621000124059094, -26.00086416922417243, 0.7952755905511811330 ) ) ;
#5718 = CARTESIAN_POINT ( 'NONE',  ( -0.2859156433210681136, -0.001365561114251630020, 0.7952755905511811330 ) ) ;
#5719 = CARTESIAN_POINT ( 'NONE',  ( -0.06741170631318739448, -0.1450663485158281418, 0.6771653543307086798 ) ) ;
#5720 = ORIENTED_EDGE ( 'NONE', *, *, #4086, .F. ) ;
#5721 = CARTESIAN_POINT ( 'NONE',  ( 0.06054104959228842620, 0.1270202656573653499, 0.5610236220472440971 ) ) ;
#5722 = ADVANCED_FACE ( 'NONE', ( #2522 ), #138, .T. ) ;
#5723 = LINE ( 'NONE', #4852, #2591 ) ;
#5724 = CARTESIAN_POINT ( 'NONE',  ( 0.2377064039229948855, -26.10134632421826950, 0.7952755905511811330 ) ) ;
#5725 = PLANE ( 'NONE',  #5590 ) ;
#5726 = LINE ( 'NONE', #5750, #5166 ) ;
#5727 = ORIENTED_EDGE ( 'NONE', *, *, #2797, .F. ) ;
#5728 = VERTEX_POINT ( 'NONE', #2057 ) ;
#5729 = ORIENTED_EDGE ( 'NONE', *, *, #5652, .T. ) ;
#5730 = DIRECTION ( 'NONE',  ( 0.000000000000000000, 0.000000000000000000, -1.000000000000000000 ) ) ;
#5731 = ADVANCED_FACE ( 'NONE', ( #2920 ), #3939, .T. ) ;
#5732 = DIRECTION ( 'NONE',  ( 0.000000000000000000, 0.000000000000000000, 1.000000000000000000 ) ) ;
#5733 = ORIENTED_EDGE ( 'NONE', *, *, #3712, .F. ) ;
#5734 = CARTESIAN_POINT ( 'NONE',  ( -46.94045648118299141, 0.03800451762590591198, 0.7795275590551181688 ) ) ;
#5735 = ORIENTED_EDGE ( 'NONE', *, *, #397, .T. ) ;
#5736 = ORIENTED_EDGE ( 'NONE', *, *, #4708, .F. ) ;
#5737 = DIRECTION ( 'NONE',  ( 1.000000000000000000, 0.000000000000000000, 0.000000000000000000 ) ) ;
#5738 = DIRECTION ( 'NONE',  ( 0.000000000000000000, 0.000000000000000000, -1.000000000000000000 ) ) ;
#5739 = FACE_OUTER_BOUND ( 'NONE', #1114, .T. ) ;
#5740 = VERTEX_POINT ( 'NONE', #3415 ) ;
#5741 = VECTOR ( 'NONE', #5788, 39.37007874015748143 ) ;
#5742 = LINE ( 'NONE', #3454, #163 ) ;
#5743 = DIRECTION ( 'NONE',  ( -1.000000000000000000, 4.037174635000524947E-14, 0.000000000000000000 ) ) ;
#5744 = ADVANCED_FACE ( 'NONE', ( #5763, #4866 ), #1560, .T. ) ;
#5745 = EDGE_LOOP ( 'NONE', ( #3500, #5525, #4417, #3985 ) ) ;
#5746 = CARTESIAN_POINT ( 'NONE',  ( -10.34339243900271832, 10.57977265189248328, 0.6102362204724409711 ) ) ;
#5747 = LINE ( 'NONE', #5252, #1996 ) ;
#5748 = CARTESIAN_POINT ( 'NONE',  ( 0.1097536480174842732, 0.08800451762590570659, 0.7952755905511811330 ) ) ;
#5749 = CARTESIAN_POINT ( 'NONE',  ( -0.2977266669431488100, -0.09703485245283602345, 0.5590551181102362266 ) ) ;
#5750 = CARTESIAN_POINT ( 'NONE',  ( -0.1126872968644029582, 0.03800451762590591198, 0.7952755905511811330 ) ) ;
#5751 = ORIENTED_EDGE ( 'NONE', *, *, #1705, .F. ) ;
#5752 = EDGE_CURVE ( 'NONE', #2640, #3339, #2491, .T. ) ;
#5753 = VERTEX_POINT ( 'NONE', #1527 ) ;
#5754 = VERTEX_POINT ( 'NONE', #5826 ) ;
#5755 = DIRECTION ( 'NONE',  ( 0.000000000000000000, 0.000000000000000000, -1.000000000000000000 ) ) ;
#5756 = ADVANCED_FACE ( 'NONE', ( #1585 ), #1970, .F. ) ;
#5757 = CARTESIAN_POINT ( 'NONE',  ( 0.1117221519544875918, -26.10134632421826950, 0.7952755905511811330 ) ) ;
#5758 = ORIENTED_EDGE ( 'NONE', *, *, #3475, .F. ) ;
#5759 = FACE_OUTER_BOUND ( 'NONE', #1878, .T. ) ;
#5760 = EDGE_CURVE ( 'NONE', #4252, #3087, #1939, .T. ) ;
#5761 = ORIENTED_EDGE ( 'NONE', *, *, #5871, .F. ) ;
#5762 = ORIENTED_EDGE ( 'NONE', *, *, #2740, .T. ) ;
#5763 = FACE_BOUND ( 'NONE', #5709, .T. ) ;
#5764 = AXIS2_PLACEMENT_3D ( 'NONE', #4670, #383, #2264 ) ;
#5765 = DIRECTION ( 'NONE',  ( 1.000000000000000000, 2.413528314402430352E-14, 0.000000000000000000 ) ) ;
#5766 = FACE_OUTER_BOUND ( 'NONE', #3866, .T. ) ;
#5767 = CARTESIAN_POINT ( 'NONE',  ( 0.09361191573401889121, 0.07938247038177302650, 0.6515748031496062520 ) ) ;
#5768 = VECTOR ( 'NONE', #1716, 39.37007874015748854 ) ;
#5769 = ORIENTED_EDGE ( 'NONE', *, *, #5915, .F. ) ;
#5770 = VECTOR ( 'NONE', #4259, 39.37007874015748143 ) ;
#5771 =( LENGTH_UNIT ( ) NAMED_UNIT ( * ) SI_UNIT ( $, .METRE. ) );
#5772 = CARTESIAN_POINT ( 'NONE',  ( 0.1294386873875956745, -0.001365561114251630020, 0.7952755905511811330 ) ) ;
#5773 = DIRECTION ( 'NONE',  ( 1.000000000000000000, 0.000000000000000000, 0.000000000000000000 ) ) ;
#5774 = VECTOR ( 'NONE', #2148, 39.37007874015748143 ) ;
#5775 = VECTOR ( 'NONE', #2800, 39.37007874015748143 ) ;
#5776 = EDGE_LOOP ( 'NONE', ( #1681, #3842, #5476, #5938 ) ) ;
#5777 = LINE ( 'NONE', #5251, #464 ) ;
#5778 = DIRECTION ( 'NONE',  ( 0.000000000000000000, 0.000000000000000000, -1.000000000000000000 ) ) ;
#5779 = VECTOR ( 'NONE', #5227, 39.37007874015748143 ) ;
#5780 = DIRECTION ( 'NONE',  ( 1.000000000000000000, 0.000000000000000000, 0.000000000000000000 ) ) ;
#5781 = VECTOR ( 'NONE', #3635, 39.37007874015748143 ) ;
#5782 = LINE ( 'NONE', #2505, #1432 ) ;
#5783 = DIRECTION ( 'NONE',  ( 1.000000000000000000, 0.000000000000000000, 0.000000000000000000 ) ) ;
#5784 = ORIENTED_EDGE ( 'NONE', *, *, #1481, .F. ) ;
#5785 = ORIENTED_EDGE ( 'NONE', *, *, #4272, .F. ) ;
#5786 = ORIENTED_EDGE ( 'NONE', *, *, #438, .F. ) ;
#5787 = VECTOR ( 'NONE', #795, 39.37007874015748143 ) ;
#5788 = DIRECTION ( 'NONE',  ( 0.000000000000000000, 1.000000000000000000, 0.000000000000000000 ) ) ;
#5789 = VECTOR ( 'NONE', #4374, 39.37007874015748143 ) ;
#5790 = DIRECTION ( 'NONE',  ( 0.000000000000000000, 1.000000000000000000, 0.000000000000000000 ) ) ;
#5791 = ADVANCED_FACE ( 'NONE', ( #573 ), #5241, .F. ) ;
#5792 = ADVANCED_FACE ( 'NONE', ( #4342 ), #3446, .T. ) ;
#5793 = VERTEX_POINT ( 'NONE', #4930 ) ;
#5794 = CIRCLE ( 'NONE', #4908, 0.02204724409448398023 ) ;
#5795 = ORIENTED_EDGE ( 'NONE', *, *, #2332, .T. ) ;
#5796 = DIRECTION ( 'NONE',  ( -1.000000000000000000, 0.000000000000000000, 0.000000000000000000 ) ) ;
#5797 = EDGE_CURVE ( 'NONE', #5526, #643, #201, .T. ) ;
#5798 = ORIENTED_EDGE ( 'NONE', *, *, #4820, .F. ) ;
#5799 = DIRECTION ( 'NONE',  ( 1.850371707708800053E-13, -1.000000000000000000, 0.000000000000000000 ) ) ;
#5800 = AXIS2_PLACEMENT_3D ( 'NONE', #936, #4677, #1309 ) ;
#5801 = EDGE_CURVE ( 'NONE', #4534, #5250, #3044, .T. ) ;
#5802 = CARTESIAN_POINT ( 'NONE',  ( 0.1117221519544875918, 0.002571446759763685360, 0.5433070866141732624 ) ) ;
#5803 = FACE_OUTER_BOUND ( 'NONE', #2877, .T. ) ;
#5804 = DIRECTION ( 'NONE',  ( 0.000000000000000000, -1.000000000000000000, 0.000000000000000000 ) ) ;
#5805 = ADVANCED_FACE ( 'NONE', ( #323 ), #2679, .F. ) ;
#5806 = EDGE_LOOP ( 'NONE', ( #2409, #2878, #4718, #168 ) ) ;
#5807 = DIRECTION ( 'NONE',  ( -1.000000000000000000, 0.000000000000000000, 0.000000000000000000 ) ) ;
#5808 = VERTEX_POINT ( 'NONE', #1711 ) ;
#5809 = CARTESIAN_POINT ( 'NONE',  ( 0.01723396297811121899, 0.08800451762590570659, 0.7952755905511811330 ) ) ;
#5810 = DIRECTION ( 'NONE',  ( 1.000000000000000000, 0.000000000000000000, 0.000000000000000000 ) ) ;
#5811 = CARTESIAN_POINT ( 'NONE',  ( 0.1117221519544875918, 0.002571446759763685360, 0.7952755905511811330 ) ) ;
#5812 = LINE ( 'NONE', #1199, #947 ) ;
#5813 = DIRECTION ( 'NONE',  ( 6.083413833562249173E-14, -1.000000000000000000, 0.000000000000000000 ) ) ;
#5814 = EDGE_LOOP ( 'NONE', ( #3105, #5358, #3522, #3853 ) ) ;
#5815 = ORIENTED_EDGE ( 'NONE', *, *, #841, .T. ) ;
#5816 = ORIENTED_EDGE ( 'NONE', *, *, #5801, .F. ) ;
#5817 = DIRECTION ( 'NONE',  ( 0.000000000000000000, 0.000000000000000000, -1.000000000000000000 ) ) ;
#5818 = DIRECTION ( 'NONE',  ( 0.000000000000000000, 0.000000000000000000, 1.000000000000000000 ) ) ;
#5819 = CARTESIAN_POINT ( 'NONE',  ( -0.1874904464707027596, 0.3057604231376799819, 0.7775590551181102983 ) ) ;
#5820 = ORIENTED_EDGE ( 'NONE', *, *, #1975, .F. ) ;
#5821 = FACE_OUTER_BOUND ( 'NONE', #4433, .T. ) ;
#5822 = ORIENTED_EDGE ( 'NONE', *, *, #1071, .T. ) ;
#5823 = EDGE_CURVE ( 'NONE', #3478, #1349, #2584, .T. ) ;
#5824 = EDGE_CURVE ( 'NONE', #5021, #2849, #4494, .T. ) ;
#5825 = ORIENTED_EDGE ( 'NONE', *, *, #2748, .T. ) ;
#5826 = CARTESIAN_POINT ( 'NONE',  ( -0.1481203677305494015, 0.3057604231376799819, 0.7283464566929134243 ) ) ;
#5827 = DIRECTION ( 'NONE',  ( 0.000000000000000000, 0.000000000000000000, -1.000000000000000000 ) ) ;
#5828 = CARTESIAN_POINT ( 'NONE',  ( -0.3449707614313327064, -0.1324679233189781369, 0.7952755905511811330 ) ) ;
#5829 = CARTESIAN_POINT ( 'NONE',  ( -0.4237109189116472496, -26.51425848898617943, 0.7283464566929134243 ) ) ;
#5830 = ADVANCED_FACE ( 'NONE', ( #5920 ), #1615, .T. ) ;
#5831 = ORIENTED_EDGE ( 'NONE', *, *, #729, .F. ) ;
#5832 = ADVANCED_FACE ( 'NONE', ( #4061 ), #3566, .T. ) ;
#5833 = CARTESIAN_POINT ( 'NONE',  ( -0.1717424149746413220, -26.10134632421826950, 0.7952755905511811330 ) ) ;
#5834 = CARTESIAN_POINT ( 'NONE',  ( 0.1510922306946494154, 0.03800451762590591198, 0.5433070866141732624 ) ) ;
#5835 = CARTESIAN_POINT ( 'NONE',  ( 0.1510922306946844429, -0.001365561114251630020, 0.5433070866141732624 ) ) ;
#5836 = EDGE_CURVE ( 'NONE', #3640, #5728, #5425, .T. ) ;
#5837 = VERTEX_POINT ( 'NONE', #5520 ) ;
#5838 = FACE_OUTER_BOUND ( 'NONE', #966, .T. ) ;
#5839 = VECTOR ( 'NONE', #3931, 39.37007874015748143 ) ;
#5840 = DIRECTION ( 'NONE',  ( 1.000000000000000000, 0.000000000000000000, 0.000000000000000000 ) ) ;
#5841 = DIRECTION ( 'NONE',  ( 1.000000000000000000, 0.000000000000000000, 0.000000000000000000 ) ) ;
#5842 = FACE_OUTER_BOUND ( 'NONE', #4948, .T. ) ;
#5843 = ORIENTED_EDGE ( 'NONE', *, *, #5947, .T. ) ;
#5844 = CARTESIAN_POINT ( 'NONE',  ( -0.1008762732423220537, 0.07343758849204802541, 0.6771653543307086798 ) ) ;
#5845 = VERTEX_POINT ( 'NONE', #5948 ) ;
#5846 = ORIENTED_EDGE ( 'NONE', *, *, #2365, .F. ) ;
#5847 = DIRECTION ( 'NONE',  ( 0.000000000000000000, 0.000000000000000000, -1.000000000000000000 ) ) ;
#5848 = DIRECTION ( 'NONE',  ( 0.000000000000000000, -1.000000000000000000, 0.000000000000000000 ) ) ;
#5849 = ORIENTED_EDGE ( 'NONE', *, *, #2354, .F. ) ;
#5850 = LINE ( 'NONE', #1244, #545 ) ;
#5851 = ORIENTED_EDGE ( 'NONE', *, *, #3945, .T. ) ;
#5852 = VERTEX_POINT ( 'NONE', #3595 ) ;
#5853 = CARTESIAN_POINT ( 'NONE',  ( -0.1126872968644029582, 0.03800451762590591198, 0.7952755905511811330 ) ) ;
#5854 = PLANE ( 'NONE',  #2636 ) ;
#5855 = ADVANCED_FACE ( 'NONE', ( #4462 ), #2083, .T. ) ;
#5856 = CARTESIAN_POINT ( 'NONE',  ( 0.02904498660016590489, 0.1270202656573653499, 0.5610236220472440971 ) ) ;
#5857 = DIRECTION ( 'NONE',  ( 0.000000000000000000, 0.000000000000000000, 1.000000000000000000 ) ) ;
#5858 = ORIENTED_EDGE ( 'NONE', *, *, #6053, .T. ) ;
#5859 = ORIENTED_EDGE ( 'NONE', *, *, #1178, .F. ) ;
#5860 = VECTOR ( 'NONE', #2451, 39.37007874015748143 ) ;
#5861 = EDGE_CURVE ( 'NONE', #3408, #1876, #5507, .T. ) ;
#5862 = DIRECTION ( 'NONE',  ( -0.7071067811864688579, 0.7071067811866259545, 0.000000000000000000 ) ) ;
#5863 = EDGE_CURVE ( 'NONE', #3160, #3631, #4093, .T. ) ;
#5864 = DIRECTION ( 'NONE',  ( 0.000000000000000000, 1.000000000000000000, 0.000000000000000000 ) ) ;
#5865 = VECTOR ( 'NONE', #4787, 39.37007874015748143 ) ;
#5866 = DIRECTION ( 'NONE',  ( 0.000000000000000000, 0.000000000000000000, 1.000000000000000000 ) ) ;
#5867 = EDGE_CURVE ( 'NONE', #3182, #4896, #2612, .T. ) ;
#5868 = EDGE_LOOP ( 'NONE', ( #6014, #4314, #4303, #304 ) ) ;
#5869 = DIRECTION ( 'NONE',  ( 0.000000000000000000, 0.000000000000000000, -1.000000000000000000 ) ) ;
#5870 = AXIS2_PLACEMENT_3D ( 'NONE', #5724, #154, #1480 ) ;
#5871 = EDGE_CURVE ( 'NONE', #5967, #5057, #1184, .T. ) ;
#5872 = DIRECTION ( 'NONE',  ( 1.000000000000000000, 0.000000000000000000, 0.000000000000000000 ) ) ;
#5873 = LINE ( 'NONE', #3526, #4205 ) ;
#5874 = DIRECTION ( 'NONE',  ( 1.000000000000000000, 0.000000000000000000, 0.000000000000000000 ) ) ;
#5875 = VECTOR ( 'NONE', #413, 39.37007874015748143 ) ;
#5876 = ORIENTED_EDGE ( 'NONE', *, *, #2955, .T. ) ;
#5877 = AXIS2_PLACEMENT_3D ( 'NONE', #268, #2060, #3072 ) ;
#5878 = EDGE_LOOP ( 'NONE', ( #4039, #1860, #811, #3906 ) ) ;
#5879 = EDGE_LOOP ( 'NONE', ( #3285, #1727, #2169, #2768 ) ) ;
#5880 = ORIENTED_EDGE ( 'NONE', *, *, #3863, .F. ) ;
#5881 = LINE ( 'NONE', #2999, #5991 ) ;
#5882 = VECTOR ( 'NONE', #2414, 39.37007874015748143 ) ;
#5883 = AXIS2_PLACEMENT_3D ( 'NONE', #1129, #3018, #4909 ) ;
#5884 = DIRECTION ( 'NONE',  ( -2.467162276945064886E-13, 1.000000000000000000, 0.000000000000000000 ) ) ;
#5885 = ORIENTED_EDGE ( 'NONE', *, *, #5346, .F. ) ;
#5886 = FACE_OUTER_BOUND ( 'NONE', #5459, .T. ) ;
#5887 = VECTOR ( 'NONE', #3090, 39.37007874015748143 ) ;
#5888 = EDGE_LOOP ( 'NONE', ( #1660, #2851, #2389, #4878 ) ) ;
#5889 = VECTOR ( 'NONE', #228, 39.37007874015748143 ) ;
#5890 = VERTEX_POINT ( 'NONE', #2112 ) ;
#5891 = CARTESIAN_POINT ( 'NONE',  ( 0.3243205771513404945, -26.10134632421826950, 0.5590551181102362266 ) ) ;
#5892 = VECTOR ( 'NONE', #2191, 39.37007874015748143 ) ;
#5893 = PLANE ( 'NONE',  #5596 ) ;
#5894 = CARTESIAN_POINT ( 'NONE',  ( -0.2859156433210681136, -0.001365561114251630020, 0.5590551181102362266 ) ) ;
#5895 = DIRECTION ( 'NONE',  ( 0.000000000000000000, 0.000000000000000000, -1.000000000000000000 ) ) ;
#5896 = CARTESIAN_POINT ( 'NONE',  ( -0.3111124937147940472, 0.04788640738964614063, 0.6515748031496062520 ) ) ;
#5897 = ORIENTED_EDGE ( 'NONE', *, *, #881, .F. ) ;
#5898 = ORIENTED_EDGE ( 'NONE', *, *, #1976, .F. ) ;
#5899 = VECTOR ( 'NONE', #1845, 39.37007874015748143 ) ;
#5900 = DIRECTION ( 'NONE',  ( -1.000000000000000000, -1.850371707708800053E-13, 0.000000000000000000 ) ) ;
#5901 = DIRECTION ( 'NONE',  ( 0.000000000000000000, 0.000000000000000000, -1.000000000000000000 ) ) ;
#5902 = EDGE_CURVE ( 'NONE', #1784, #28, #3998, .T. ) ;
#5903 = ADVANCED_FACE ( 'NONE', ( #3069 ), #4958, .T. ) ;
#5904 = ORIENTED_EDGE ( 'NONE', *, *, #1949, .T. ) ;
#5905 = DIRECTION ( 'NONE',  ( 0.000000000000000000, -1.000000000000000000, 0.000000000000000000 ) ) ;
#5906 = FACE_OUTER_BOUND ( 'NONE', #5776, .T. ) ;
#5907 = FACE_OUTER_BOUND ( 'NONE', #4984, .T. ) ;
#5908 = LINE ( 'NONE', #5321, #3791 ) ;
#5909 = VERTEX_POINT ( 'NONE', #4990 ) ;
#5910 = ORIENTED_EDGE ( 'NONE', *, *, #1073, .T. ) ;
#5911 = EDGE_CURVE ( 'NONE', #5301, #3215, #2651, .T. ) ;
#5912 = VERTEX_POINT ( 'NONE', #481 ) ;
#5913 = DIRECTION ( 'NONE',  ( 0.000000000000000000, 0.000000000000000000, -1.000000000000000000 ) ) ;
#5914 = LINE ( 'NONE', #288, #1015 ) ;
#5915 = EDGE_CURVE ( 'NONE', #1290, #5192, #5165, .T. ) ;
#5916 = ORIENTED_EDGE ( 'NONE', *, *, #2277, .F. ) ;
#5917 = CARTESIAN_POINT ( 'NONE',  ( -0.03001013151007255603, 0.3057604231376799819, 0.7283464566929134243 ) ) ;
#5918 = EDGE_LOOP ( 'NONE', ( #5233, #5365, #253, #3261 ) ) ;
#5919 = ORIENTED_EDGE ( 'NONE', *, *, #533, .T. ) ;
#5920 = FACE_OUTER_BOUND ( 'NONE', #5403, .T. ) ;
#5921 = CARTESIAN_POINT ( 'NONE',  ( -46.76888308971299324, 0.03800451762590591198, 0.7795275590551181688 ) ) ;
#5922 = LINE ( 'NONE', #2653, #3306 ) ;
#5923 = FACE_OUTER_BOUND ( 'NONE', #5814, .T. ) ;
#5924 = DIRECTION ( 'NONE',  ( 0.000000000000000000, -1.000000000000000000, 0.000000000000000000 ) ) ;
#5925 = VERTEX_POINT ( 'NONE', #5547 ) ;
#5926 = EDGE_LOOP ( 'NONE', ( #1837, #5381 ) ) ;
#5927 = DIRECTION ( 'NONE',  ( -1.000000000000000000, 0.000000000000000000, 0.000000000000000000 ) ) ;
#5928 = LINE ( 'NONE', #5032, #1525 ) ;
#5929 = DIRECTION ( 'NONE',  ( 0.000000000000000000, -1.000000000000000000, 0.000000000000000000 ) ) ;
#5930 = ORIENTED_EDGE ( 'NONE', *, *, #5558, .T. ) ;
#5931 = CARTESIAN_POINT ( 'NONE',  ( 3.517520943451260429, -15.45498776379866257, 0.7952755905511811330 ) ) ;
#5932 = LINE ( 'NONE', #2165, #5081 ) ;
#5933 = PLANE ( 'NONE',  #3508 ) ;
#5934 = LINE ( 'NONE', #4545, #437 ) ;
#5935 = EDGE_CURVE ( 'NONE', #3585, #1488, #3753, .T. ) ;
#5936 = VERTEX_POINT ( 'NONE', #2243 ) ;
#5937 = ORIENTED_EDGE ( 'NONE', *, *, #3648, .T. ) ;
#5938 = ORIENTED_EDGE ( 'NONE', *, *, #1712, .T. ) ;
#5939 = CARTESIAN_POINT ( 'NONE',  ( 0.1097536480174842732, -26.10134632421826950, 0.5590551181102362266 ) ) ;
#5940 = VECTOR ( 'NONE', #3431, 39.37007874015748143 ) ;
#5941 = DIRECTION ( 'NONE',  ( 1.000000000000000000, 0.000000000000000000, 0.000000000000000000 ) ) ;
#5942 = ADVANCED_FACE ( 'NONE', ( #2739 ), #883, .F. ) ;
#5943 = ORIENTED_EDGE ( 'NONE', *, *, #5690, .T. ) ;
#5944 = PLANE ( 'NONE',  #1734 ) ;
#5945 = ORIENTED_EDGE ( 'NONE', *, *, #3606, .F. ) ;
#5946 = EDGE_LOOP ( 'NONE', ( #3345, #5136, #4528, #4375 ) ) ;
#5947 = EDGE_CURVE ( 'NONE', #3125, #1707, #1781, .T. ) ;
#5948 = CARTESIAN_POINT ( 'NONE',  ( -0.2859156433211031412, 0.03800451762590591198, 0.7952755905511811330 ) ) ;
#5949 = LINE ( 'NONE', #1923, #2315 ) ;
#5950 = EDGE_CURVE ( 'NONE', #4999, #1710, #390, .T. ) ;
#5951 = CARTESIAN_POINT ( 'NONE',  ( 0.1491237267576722703, -26.00086416922701460, 0.6771653543307086798 ) ) ;
#5952 = CARTESIAN_POINT ( 'NONE',  ( 0.01723396297811121899, 0.1549336514841702650, 0.7795275590551181688 ) ) ;
#5953 = PLANE ( 'NONE',  #6071 ) ;
#5954 = VERTEX_POINT ( 'NONE', #3691 ) ;
#5955 = ORIENTED_EDGE ( 'NONE', *, *, #5641, .F. ) ;
#5956 = PLANE ( 'NONE',  #155 ) ;
#5957 = PLANE ( 'NONE',  #146 ) ;
#5958 = DIRECTION ( 'NONE',  ( 1.000000000000000000, 0.000000000000000000, 0.000000000000000000 ) ) ;
#5959 = VECTOR ( 'NONE', #4835, 39.37007874015748143 ) ;
#5960 = ORIENTED_EDGE ( 'NONE', *, *, #3032, .T. ) ;
#5961 = LINE ( 'NONE', #4279, #3623 ) ;
#5962 = VECTOR ( 'NONE', #4123, 39.37007874015748143 ) ;
#5963 = CARTESIAN_POINT ( 'NONE',  ( -0.2859156433211031412, -26.10134632421826950, 0.7952755905511811330 ) ) ;
#5964 = DIRECTION ( 'NONE',  ( 0.000000000000000000, 1.000000000000000000, 0.000000000000000000 ) ) ;
#5965 = PLANE ( 'NONE',  #4589 ) ;
#5966 = ORIENTED_EDGE ( 'NONE', *, *, #397, .F. ) ;
#5967 = VERTEX_POINT ( 'NONE', #4714 ) ;
#5968 = AXIS2_PLACEMENT_3D ( 'NONE', #294, #4064, #5160 ) ;
#5969 = VERTEX_POINT ( 'NONE', #6039 ) ;
#5970 = FACE_OUTER_BOUND ( 'NONE', #5303, .T. ) ;
#5971 = VECTOR ( 'NONE', #5151, 39.37007874015748143 ) ;
#5972 = LINE ( 'NONE', #4216, #4678 ) ;
#5973 = ORIENTED_EDGE ( 'NONE', *, *, #6109, .F. ) ;
#5974 = FACE_OUTER_BOUND ( 'NONE', #3399, .T. ) ;
#5975 = ORIENTED_EDGE ( 'NONE', *, *, #5980, .T. ) ;
#5976 = ORIENTED_EDGE ( 'NONE', *, *, #768, .F. ) ;
#5977 = VECTOR ( 'NONE', #4191, 39.37007874015748143 ) ;
#5978 = FACE_OUTER_BOUND ( 'NONE', #1312, .T. ) ;
#5980 = EDGE_CURVE ( 'NONE', #1112, #4182, #6103, .T. ) ;
#5979 = VECTOR ( 'NONE', #4780, 39.37007874015748143 ) ;
#5981 = EDGE_CURVE ( 'NONE', #3898, #3602, #1396, .T. ) ;
#5982 = CARTESIAN_POINT ( 'NONE',  ( -46.94045648118299141, 0.03800451762590591198, 0.7795275590551181688 ) ) ;
#5983 = CARTESIAN_POINT ( 'NONE',  ( 0.3243205771513404945, 0.1719021554211809244, 0.7795275590551181688 ) ) ;
#5984 = LINE ( 'NONE', #1753, #2630 ) ;
#5985 = PLANE ( 'NONE',  #534 ) ;
#5986 = VECTOR ( 'NONE', #4011, 39.37007874015748143 ) ;
#5987 = DIRECTION ( 'NONE',  ( -1.000000000000000000, 0.000000000000000000, 0.000000000000000000 ) ) ;
#5988 = ORIENTED_EDGE ( 'NONE', *, *, #2576, .F. ) ;
#5989 = ORIENTED_EDGE ( 'NONE', *, *, #4440, .F. ) ;
#5990 = EDGE_CURVE ( 'NONE', #2853, #3383, #1344, .T. ) ;
#5991 = VECTOR ( 'NONE', #5913, 39.37007874015748143 ) ;
#5992 = DIRECTION ( 'NONE',  ( 0.000000000000000000, 0.000000000000000000, 1.000000000000000000 ) ) ;
#5993 = DIRECTION ( 'NONE',  ( 0.000000000000000000, 1.000000000000000000, 0.000000000000000000 ) ) ;
#5994 = EDGE_CURVE ( 'NONE', #5014, #3778, #3315, .T. ) ;
#5995 = AXIS2_PLACEMENT_3D ( 'NONE', #4418, #5344, #2501 ) ;
#5996 = ORIENTED_EDGE ( 'NONE', *, *, #369, .T. ) ;
#5997 = DIRECTION ( 'NONE',  ( 0.000000000000000000, 0.000000000000000000, -1.000000000000000000 ) ) ;
#5998 = AXIS2_PLACEMENT_3D ( 'NONE', #2179, #2208, #5398 ) ;
#5999 = DIRECTION ( 'NONE',  ( -0.7071067811864688579, 0.7071067811866259545, 4.444328744010334510E-17 ) ) ;
#6000 = DIRECTION ( 'NONE',  ( -1.000000000000000000, 0.000000000000000000, 0.000000000000000000 ) ) ;
#6001 = DIRECTION ( 'NONE',  ( 1.000000000000000000, 0.000000000000000000, 0.000000000000000000 ) ) ;
#6002 = VERTEX_POINT ( 'NONE', #4246 ) ;
#6003 = ORIENTED_EDGE ( 'NONE', *, *, #4778, .F. ) ;
#6004 = DIRECTION ( 'NONE',  ( 0.000000000000000000, 0.000000000000000000, 1.000000000000000000 ) ) ;
#6005 = DIRECTION ( 'NONE',  ( -1.000000000000000000, 0.000000000000000000, 0.000000000000000000 ) ) ;
#6006 = ORIENTED_EDGE ( 'NONE', *, *, #5533, .T. ) ;
#6007 = PLANE ( 'NONE',  #839 ) ;
#6008 = ORIENTED_EDGE ( 'NONE', *, *, #3521, .T. ) ;
#6009 = ORIENTED_EDGE ( 'NONE', *, *, #1866, .F. ) ;
#6010 = DIRECTION ( 'NONE',  ( 0.000000000000000000, 0.000000000000000000, -1.000000000000000000 ) ) ;
#6011 = DIRECTION ( 'NONE',  ( -6.083413833562430927E-14, 1.000000000000000000, 0.000000000000000000 ) ) ;
#6012 = CARTESIAN_POINT ( 'NONE',  ( -0.3804038322974441777, -0.001365561114251630020, 0.6771653543307086798 ) ) ;
#6013 = LINE ( 'NONE', #1783, #4995 ) ;
#6014 = ORIENTED_EDGE ( 'NONE', *, *, #4505, .T. ) ;
#6015 = EDGE_CURVE ( 'NONE', #2110, #2215, #4623, .T. ) ;
#6016 = LINE ( 'NONE', #2618, #3989 ) ;
#6017 = EDGE_CURVE ( 'NONE', #6037, #3068, #5080, .T. ) ;
#6018 = VERTEX_POINT ( 'NONE', #5614 ) ;
#6019 = DIRECTION ( 'NONE',  ( 0.000000000000000000, -1.000000000000000000, 0.000000000000000000 ) ) ;
#6020 = CARTESIAN_POINT ( 'NONE',  ( -0.2445770606439027772, -0.001365561114251630020, 0.6614173228346458266 ) ) ;
#6021 = DIRECTION ( 'NONE',  ( 1.000000000000000000, 0.000000000000000000, 0.000000000000000000 ) ) ;
#6022 = EDGE_CURVE ( 'NONE', #6018, #4520, #5205, .T. ) ;
#6023 = VERTEX_POINT ( 'NONE', #5669 ) ;
#6024 = PLANE ( 'NONE',  #4514 ) ;
#6025 = EDGE_CURVE ( 'NONE', #2304, #33, #1426, .T. ) ;
#6026 = FACE_OUTER_BOUND ( 'NONE', #40, .T. ) ;
#6027 = CARTESIAN_POINT ( 'NONE',  ( -0.4237109189116472496, -26.51425848898617943, 0.6102362204724409711 ) ) ;
#6028 = PLANE ( 'NONE',  #2411 ) ;
#6029 = ADVANCED_FACE ( 'NONE', ( #3256 ), #447, .F. ) ;
#6030 = VERTEX_POINT ( 'NONE', #4223 ) ;
#6031 = ORIENTED_EDGE ( 'NONE', *, *, #3030, .F. ) ;
#6032 = LINE ( 'NONE', #1739, #3021 ) ;
#6033 = CARTESIAN_POINT ( 'NONE',  ( 0.2856953692486562946, -0.1378837100494476609, 0.7952755905511811330 ) ) ;
#6034 = CARTESIAN_POINT ( 'NONE',  ( 0.2652654590411023805, -0.02892461623236318793, 0.7795275590551181688 ) ) ;
#6035 = ORIENTED_EDGE ( 'NONE', *, *, #2995, .F. ) ;
#6036 = ORIENTED_EDGE ( 'NONE', *, *, #3077, .T. ) ;
#6037 = VERTEX_POINT ( 'NONE', #2301 ) ;
#6038 = LINE ( 'NONE', #3727, #2386 ) ;
#6039 = CARTESIAN_POINT ( 'NONE',  ( -0.2189865094627988229, 0.03800451762590591198, 0.6614173228346458266 ) ) ;
#6040 = VECTOR ( 'NONE', #5444, 39.37007874015748143 ) ;
#6041 = DIRECTION ( 'NONE',  ( 1.000000000000000000, 0.000000000000000000, 0.000000000000000000 ) ) ;
#6042 = DIRECTION ( 'NONE',  ( 0.000000000000000000, -1.000000000000000000, 0.000000000000000000 ) ) ;
#6043 = ORIENTED_EDGE ( 'NONE', *, *, #117, .F. ) ;
#6044 = DIRECTION ( 'NONE',  ( 1.000000000000000000, 0.000000000000000000, 0.000000000000000000 ) ) ;
#6045 = VERTEX_POINT ( 'NONE', #417 ) ;
#6046 = EDGE_LOOP ( 'NONE', ( #5210, #2678, #225, #3132 ) ) ;
#6047 = DIRECTION ( 'NONE',  ( 0.000000000000000000, -1.000000000000000000, 0.000000000000000000 ) ) ;
#6048 = CARTESIAN_POINT ( 'NONE',  ( -0.1323723362344881860, 0.002571446759763685360, 0.5590551181102362266 ) ) ;
#6049 = CARTESIAN_POINT ( 'NONE',  ( 0.04085601022221181655, 0.1549336514841702650, 0.5590551181102362266 ) ) ;
#6050 = ORIENTED_EDGE ( 'NONE', *, *, #5254, .F. ) ;
#6051 = FACE_OUTER_BOUND ( 'NONE', #1515, .T. ) ;
#6052 = EDGE_CURVE ( 'NONE', #4138, #4671, #4186, .T. ) ;
#6053 = EDGE_CURVE ( 'NONE', #2573, #2689, #2791, .T. ) ;
#6054 = CARTESIAN_POINT ( 'NONE',  ( -0.3095376905651948674, -26.10134632421826950, 0.5590551181102362266 ) ) ;
#6055 = CARTESIAN_POINT ( 'NONE',  ( 0.1510922306946494154, 0.03800451762590591198, 0.7952755905511811330 ) ) ;
#6056 = CARTESIAN_POINT ( 'NONE',  ( -37.16341135112657668, -36.78827071774693280, 0.7283464566929134243 ) ) ;
#6057 = ADVANCED_FACE ( 'NONE', ( #5704 ), #2456, .T. ) ;
#6058 = ORIENTED_EDGE ( 'NONE', *, *, #2813, .T. ) ;
#6059 = DIRECTION ( 'NONE',  ( 0.000000000000000000, 0.000000000000000000, -1.000000000000000000 ) ) ;
#6060 = VECTOR ( 'NONE', #3709, 39.37007874015748143 ) ;
#6061 = EDGE_CURVE ( 'NONE', #5967, #2424, #1461, .T. ) ;
#6062 = CARTESIAN_POINT ( 'NONE',  ( -0.2859156433210681136, 0.03800451762590591198, 0.7952755905511811330 ) ) ;
#6063 = CARTESIAN_POINT ( 'NONE',  ( 0.09991112833247657588, 0.03800451762590591198, 0.6614173228346458266 ) ) ;
#6064 = EDGE_LOOP ( 'NONE', ( #5239, #5162, #5395, #5208 ) ) ;
#6065 = AXIS2_PLACEMENT_3D ( 'NONE', #5629, #27, #2445 ) ;
#6066 = LINE ( 'NONE', #4672, #4293 ) ;
#6067 = ORIENTED_EDGE ( 'NONE', *, *, #4240, .T. ) ;
#6068 = ORIENTED_EDGE ( 'NONE', *, *, #3444, .T. ) ;
#6069 = CARTESIAN_POINT ( 'NONE',  ( -0.1323723362344881860, 0.002571446759763685360, 0.5433070866141732624 ) ) ;
#6070 = DIRECTION ( 'NONE',  ( 0.000000000000000000, -1.000000000000000000, 0.000000000000000000 ) ) ;
#6071 = AXIS2_PLACEMENT_3D ( 'NONE', #4099, #3667, #1217 ) ;
#6072 = AXIS2_PLACEMENT_3D ( 'NONE', #5717, #581, #114 ) ;
#6073 = CARTESIAN_POINT ( 'NONE',  ( 0.2888875062852377940, -0.001365561114251630020, 0.5590551181102362266 ) ) ;
#6074 = DIRECTION ( 'NONE',  ( 0.000000000000000000, 1.000000000000000000, 0.000000000000000000 ) ) ;
#6075 = VERTEX_POINT ( 'NONE', #4834 ) ;
#6076 = CARTESIAN_POINT ( 'NONE',  ( 0.2377064039229948855, 0.1549336514841702650, 0.5433070866141732624 ) ) ;
#6077 = VECTOR ( 'NONE', #3847, 39.37007874015748143 ) ;
#6078 = VECTOR ( 'NONE', #516, 39.37007874015748143 ) ;
#6079 = ORIENTED_EDGE ( 'NONE', *, *, #2909, .F. ) ;
#6080 = VECTOR ( 'NONE', #4506, 39.37007874015748143 ) ;
#6081 = CARTESIAN_POINT ( 'NONE',  ( 0.2652654590411023805, 0.03800451762590591198, 0.7952755905511811330 ) ) ;
#6082 = DIRECTION ( 'NONE',  ( 0.000000000000000000, 0.000000000000000000, -1.000000000000000000 ) ) ;
#6083 = DIRECTION ( 'NONE',  ( 0.000000000000000000, 1.000000000000000000, 0.000000000000000000 ) ) ;
#6084 = VECTOR ( 'NONE', #2533, 39.37007874015748143 ) ;
#6085 = VECTOR ( 'NONE', #205, 39.37007874015748143 ) ;
#6086 = VECTOR ( 'NONE', #5106, 39.37007874015748143 ) ;
#6087 = SURFACE_STYLE_FILL_AREA ( #4202 ) ;
#6088 = LINE ( 'NONE', #4260, #4115 ) ;
#6089 = CARTESIAN_POINT ( 'NONE',  ( -46.94045648118299141, 0.03800451762590591198, 0.7952755905511811330 ) ) ;
#6090 = ADVANCED_FACE ( 'NONE', ( #1579 ), #2970, .F. ) ;
#6091 = EDGE_CURVE ( 'NONE', #3641, #4581, #5327, .T. ) ;
#6092 = EDGE_LOOP ( 'NONE', ( #1787, #3628, #412, #2206 ) ) ;
#6093 = VECTOR ( 'NONE', #3136, 39.37007874015748143 ) ;
#6094 = DIRECTION ( 'NONE',  ( 0.000000000000000000, 1.000000000000000000, 0.000000000000000000 ) ) ;
#6095 = FACE_OUTER_BOUND ( 'NONE', #725, .T. ) ;
#6096 = CARTESIAN_POINT ( 'NONE',  ( 0.04085601022221181655, -26.10134632421826950, 0.5433070866141732624 ) ) ;
#6097 = ORIENTED_EDGE ( 'NONE', *, *, #2015, .F. ) ;
#6098 = CARTESIAN_POINT ( 'NONE',  ( -0.3095376905651948674, -26.10134632421826950, 0.7795275590551181688 ) ) ;
#6099 = EDGE_CURVE ( 'NONE', #3987, #1500, #3901, .T. ) ;
#6100 = ORIENTED_EDGE ( 'NONE', *, *, #1553, .F. ) ;
#6101 = ORIENTED_EDGE ( 'NONE', *, *, #4919, .T. ) ;
#6102 = DIRECTION ( 'NONE',  ( -1.000000000000000000, 0.000000000000000000, 0.000000000000000000 ) ) ;
#6103 = LINE ( 'NONE', #5642, #3131 ) ;
#6104 = EDGE_CURVE ( 'NONE', #1493, #3339, #4309, .T. ) ;
#6105 = LINE ( 'NONE', #4225, #1140 ) ;
#6106 = ORIENTED_EDGE ( 'NONE', *, *, #4238, .F. ) ;
#6107 = CARTESIAN_POINT ( 'NONE',  ( -46.94045648118299141, 0.03800451762590591198, 0.7952755905511811330 ) ) ;
#6108 = ORIENTED_EDGE ( 'NONE', *, *, #425, .T. ) ;
#6109 = EDGE_CURVE ( 'NONE', #1778, #4092, #2880, .T. ) ;
#6110 = ORIENTED_EDGE ( 'NONE', *, *, #2981, .F. ) ;
#6111 = CARTESIAN_POINT ( 'NONE',  ( -0.2071754858407791333, 0.1699336514841340851, 0.6102362204724409711 ) ) ;
#6112 = DIMENSIONAL_EXPONENTS ( 1.000000000000000000, 0.000000000000000000, 0.000000000000000000, 0.000000000000000000, 0.000000000000000000, 0.000000000000000000, 0.000000000000000000 ) ;
#6113 = CARTESIAN_POINT ( 'NONE',  ( -0.2859156433210681136, 0.03800451762590591198, 0.7795275590551181688 ) ) ;
#6114 = CARTESIAN_POINT ( 'NONE',  ( 0.04085601022221181655, 0.1549336514841702650, 0.7952755905511811330 ) ) ;
#6115 = DIRECTION ( 'NONE',  ( -1.000000000000000000, 0.000000000000000000, 0.000000000000000000 ) ) ;
#6116 = LINE ( 'NONE', #520, #3213 ) ;
#6117 = DIRECTION ( 'NONE',  ( 1.000000000000000000, 0.000000000000000000, 0.000000000000000000 ) ) ;
#6118 = ORIENTED_EDGE ( 'NONE', *, *, #274, .F. ) ;
#6119 = DIRECTION ( 'NONE',  ( 1.000000000000000000, 0.000000000000000000, 0.000000000000000000 ) ) ;
#6120 = PLANE ( 'NONE',  #1695 ) ;
ENDSEC;
END-ISO-10303-21;
